time	EUCO.L
2014-12-12	0.0010581579856514534
2014-12-15	-0.00017615084265087955
2014-12-16	-0.0005286128510462174
2014-12-17	0.0003526173718835235
2014-12-18	0.0
2014-12-19	0.0014099050756246623
2014-12-22	0.0017599168366451146
2014-12-23	0.00035137839787524605
2014-12-24	0.0
2014-12-29	0.0
2014-12-30	-0.0008781039386448475
2014-12-31	0.0
2015-01-02	0.0012304393667643687
2015-01-05	0.0003511316377307061
2015-01-06	0.0012284958825303782
2015-01-07	0.0007011554086289173
2015-01-08	-0.000875796758222247
2015-01-09	0.0008765644505264181
2015-01-12	0.00017513262404067476
2015-01-13	-0.00017510195797521
2015-01-14	0.0012261288253130331
2015-01-15	0.0003499030408862236
2015-01-16	0.0006995613031453018
2015-01-19	0.00034953612962240754
2015-01-20	0.0
2015-01-21	-0.001747069984031402
2015-01-22	0.0022751324729413103
2015-01-23	0.002793781144285301
2015-01-26	-0.002089481651525449
2015-01-27	0.0012214219708053253
2015-01-28	0.0008713704449254678
2015-01-29	0.0006965160249832181
2015-01-30	-0.008352175605373269
2015-02-02	-0.0001755068597277809
2015-02-03	0.00017553766779254687
2015-02-04	-0.0001755068597277809
2015-02-05	0.00017553766779254687
2015-02-06	0.000877333489874843
2015-02-09	0.0007012783114535015
2015-02-10	0.0
2015-02-11	0.0005255567332611566
2015-02-12	0.0008754900459848614
2015-02-13	-0.00017491815185255444
2015-02-16	0.00017494875356516282
2015-02-17	-0.0010497091226590038
2015-02-18	0.0005254394885445546
2015-02-19	0.0003500867738446267
2015-02-20	0.0003498975071305477
2015-02-23	0.0003498418471969966
2015-02-24	-0.0008742654006149708
2015-02-25	0.0022751324729413103
2015-02-26	0.0007857197238629876
2015-02-27	-0.0003489567869299215
2015-03-02	-0.0010471692208948724
2015-03-03	-0.0003494445278307001
2015-03-04	-0.0006117250252341
2015-03-05	0.00017485696886754276
2015-03-06	-0.0003497195006808562
2015-03-09	0.0020990510831819797
2015-03-10	0.0013963696121312985
2015-03-11	0.0003486222439610387
2015-03-12	-0.002003796218723708
2015-03-13	-0.0011349181959755539
2015-03-16	-0.0015731542392616316
2015-03-17	-0.0015756329529209578
2015-03-18	0.0019288201421370221
2015-03-19	-0.0004374818244426981
2015-03-20	0.0007878520112567511
2015-03-23	-0.001662022759914783
2015-03-24	-0.000788542364465239
2015-03-25	0.00035076214666962535
2015-03-26	0.00043824878647291676
2015-03-27	0.0005257617579279561
2015-03-30	0.0002627093323013252
2015-03-31	0.001138130380219371
2015-04-01	0.0006996224934170403
2015-04-02	-0.00026215834323928267
2015-04-07	0.0006118854361063519
2015-04-08	0.0013977114615939534
2015-04-09	8.725583590796226e-05
2015-04-10	0.0005233562361581789
2015-04-13	0.0002616077549237872
2015-04-14	0.0002614728355192497
2015-04-15	0.000522808970694566
2015-04-16	-0.0001741564459114553
2015-04-17	-0.0011324466842904668
2015-04-20	-0.00026160966055543966
2015-04-21	-0.0006978526821408426
2015-04-22	-0.0017457834541232398
2015-04-23	0.0002623188102199858
2015-04-24	0.0003496889215908183
2015-04-27	-8.740833875553466e-05
2015-04-28	0.0010487917191261964
2015-04-29	-0.0036668252626875786
2015-04-30	-0.003067000482753768
2015-05-01	-0.000615273770674607
2015-05-05	-0.002462610262200182
2015-05-06	-0.003174048811174557
2015-05-07	-0.0011498076793305945
2015-05-08	0.002213760730757297
2015-05-11	-0.0005301074256226501
2015-05-12	-0.002563657253235929
2015-05-13	-0.0009749234119155181
2015-05-18	0.002306619352508532
2015-05-19	0.0
2015-05-20	0.0
2015-05-21	0.0
2015-05-22	0.0
2015-05-26	0.0
2015-05-27	0.0
2015-05-28	0.0
2015-05-29	0.0
2015-06-01	0.0
2015-06-02	0.0
2015-06-03	-0.009913282999679529
2015-06-04	-0.00035759802707924226
2015-06-05	-0.000626003353740523
2015-06-08	-0.0018791864382340373
2015-06-09	-0.0032275471346302487
2015-06-10	-0.002068747583218733
2015-06-11	0.0019828862258171043
2015-06-12	0.0017990877118911897
2015-06-15	-0.00017961993326387482
2015-06-16	-0.0011674652465144542
2015-06-17	-0.0011688984120268309
2015-06-18	-0.001890350989245948
2015-06-19	0.0006313103946442578
2015-06-22	-0.0009914431129085521
2015-06-23	0.0013533158682326185
2015-06-24	0.0008109196235468463
2015-06-25	-0.0007202181286993792
2015-06-26	-0.0022522522522522292
2015-06-29	0.0003611820815110356
2015-06-30	0.0010831550283452174
2015-07-01	-0.0007213220486261829
2015-07-02	0.0006315951788120611
2015-07-03	0.0022542831069454206
2015-07-06	-0.0015294481926365622
2015-07-07	0.003063581975188079
2015-07-08	-0.002425410023415231
2015-07-09	-0.0008104814481023626
2015-07-10	-0.0036949895106137554
2015-07-13	0.003980052463731898
2015-07-14	-0.0004504498002121382
2015-07-15	0.0036956555227352084
2015-07-16	0.001077707662563876
2015-07-17	0.0030501151356179257
2015-07-20	0.0015204883467665464
2015-07-21	-0.0004465355443724617
2015-07-22	0.00107212316854155
2015-07-23	0.00017846178064950813
2015-07-24	0.0008922858427178326
2015-07-27	-8.910142639817487e-05
2015-07-28	-8.91773885867142e-05
2015-07-29	-0.0004458586810297538
2015-07-30	0.00249775899293625
2015-07-31	-0.007385604395313439
2015-08-03	0.0010757069825610976
2015-08-04	0.0
2015-08-05	-0.0028655834160585814
2015-08-06	0.001347117448894819
2015-08-07	0.0018833998607412639
2015-08-10	-0.0009846979791700017
2015-08-11	0.0019713371300282834
2015-08-12	8.944854460524176e-05
2015-08-13	-0.0009836413176290693
2015-08-14	-0.0011636670371644176
2015-08-17	0.0007169265496922428
2015-08-18	-0.0006268442372348026
2015-08-19	-8.962487784247575e-05
2015-08-20	0.0008065594608734905
2015-08-21	-0.0005372274214703321
2015-08-24	-0.0034044514734088427
2015-08-25	-0.005753320765361836
2015-08-26	0.0019891611549578414
2015-08-27	-0.0004512096363067375
2015-08-28	0.00018059287773919408
2015-09-01	-0.002707853139080285
2015-09-02	9.052526404063066e-05
2015-09-03	0.0019004442033725422
2015-09-04	0.0005419344150474625
2015-09-07	0.0009028266366917226
2015-09-08	-0.0001804299807465215
2015-09-09	0.00036085625690551737
2015-09-10	-0.0012625069025070657
2015-09-11	0.0003611820815110356
2015-09-14	-0.000992874893425033
2015-09-15	-0.0030719548820714593
2015-09-16	-0.0013593792048447462
2015-09-17	-0.0005445610913765719
2015-09-18	0.003904479396166005
2015-09-21	-0.0009949404195063183
2015-09-22	0.001086489360776266
2015-09-23	-0.0009043906520492806
2015-09-24	-0.0011768342660988251
2015-09-25	-0.002628179225643401
2015-09-28	-0.0013630306380669754
2015-09-29	-0.001819877842218376
2015-09-30	0.0011850946803020346
2015-10-01	-0.00045527679981949287
2015-10-02	0.00081985760872616
2015-10-05	-0.0007281498958292554
2015-10-06	0.0007286804844481853
2015-10-07	0.0035496439419226977
2015-10-08	0.0002720730882972422
2015-10-09	0.00108806551442453
2015-10-12	0.0023548093307885765
2015-10-13	-0.0007228863502153349
2015-10-14	0.0018085232322970768
2015-10-15	-0.0007221033522302189
2015-10-16	0.0007226251622822755
2015-10-19	-0.0005415430823896283
2015-10-20	-0.0021674838425717047
2015-10-21	0.002172192033707665
2015-10-22	0.003070498758991791
2015-10-23	0.0018006387754723185
2015-10-26	0.001078482521815527
2015-10-27	0.002154572808013011
2015-10-28	0.0002688023777630555
2015-10-29	-0.003134570052270136
2015-10-30	0.0007187299686406412
2015-11-02	-0.000718213766882525
2015-11-03	0.0003593649843203206
2015-11-04	8.98261011901269e-05
2015-11-05	-0.00044902165484694834
2015-11-06	-0.0026951345696092366
2015-11-09	0.0016214782606245315
2015-11-10	0.0014389426135605898
2015-11-11	0.000718471775042584
2015-11-12	-0.00017945475196667893
2015-11-13	0.0008975717694470475
2015-11-16	0.0012554872833505648
2015-11-17	0.0008956423892023668
2015-11-18	0.0007159000541805405
2015-11-19	0.0017884015467006797
2015-11-20	0.0007141107910952904
2015-11-23	-0.0016947858386570092
2015-11-24	0.000982850358749232
2015-11-25	0.0015174343550625746
2015-11-26	0.0005348056115899169
2015-11-27	0.00026722589280248066
2015-11-30	-0.0003562286508256296
2015-12-01	0.0008017491126113274
2015-12-02	0.000267103522072043
2015-12-03	-0.007564350651771079
2015-12-04	-0.001524373870718576
2015-12-07	0.003233054470451746
2015-12-08	-0.00017900495237932468
2015-12-09	-0.002148853862636191
2015-12-10	0.0012561632434449077
2015-12-11	0.00017926582236249544
2015-12-14	-0.002329559491162203
2015-12-15	-0.0017062848191764513
2015-12-16	-0.0008096794199353718
2015-12-17	0.002520921761647532
2015-12-18	0.0011675337637540029
2015-12-21	-0.001345546477951154
2015-12-22	0.0
2015-12-23	-0.0003593004120133747
2015-12-24	0.0
2015-12-29	0.0
2015-12-30	0.0
2015-12-31	0.0
2016-01-04	0.0017970792218251486
2016-01-05	0.0008969277606702963
2016-01-06	0.0005377290972086168
2016-01-07	-0.002507826023020465
2016-01-08	0.0009877041181534096
2016-01-11	-0.0017043634345605962
2016-01-12	-0.0008985396109125743
2016-01-13	0.00026979745155308876
2016-01-14	-0.0021578660414980355
2016-01-15	-0.0009911750497769711
2016-01-18	-0.002886260367068294
2016-01-19	0.0
2016-01-20	-0.0018996536234274775
2016-01-21	0.0019938483596593226
2016-01-22	0.0042510965184676675
2016-01-25	0.0
2016-01-26	0.0009006437469198936
2016-01-27	0.0007198941152877225
2016-01-28	0.0021580601182025205
2016-01-29	0.0038582352350846616
2016-02-01	0.0
2016-02-02	-0.007329278825122354
2016-02-03	9.006065595484891e-05
2016-02-04	-0.0034212411493836914
2016-02-05	0.00018065446404702534
2016-02-08	9.034537361740647e-05
2016-02-09	-0.002077342434951057
2016-02-10	-9.045621349601518e-05
2016-02-11	0.0
2016-02-12	-0.0020818550863952456
2016-02-15	0.002721116115717015
2016-02-16	-0.00045231162711412143
2016-02-17	0.0002714821655824817
2016-02-18	0.0034380248530652135
2016-02-19	0.00045077468859888725
2016-02-22	0.0011715686237434575
2016-02-23	0.0001800726718910184
2016-02-24	0.0006300035499926526
2016-02-25	0.000809465170386714
2016-02-26	0.000718988347877092
2016-02-29	0.00179617943760646
2016-03-01	0.0008067802369209343
2016-03-02	-0.000537419911517012
2016-03-03	0.0027782537507314853
2016-03-04	-0.0011618308528652532
2016-03-07	0.0009842574109606428
2016-03-08	0.00151960458363809
2016-03-09	-0.0024990965459558145
2016-03-10	-0.0003579179917926334
2016-03-11	0.019155024760703965
2016-03-14	-0.003513099628795757
2016-03-15	-0.0059051487251158274
2016-03-16	-0.0031917777057309804
2016-03-17	0.001512035653151944
2016-03-18	0.000177657839538492
2016-03-21	-0.0002664394242550827
2016-03-22	0.0011546752557158868
2016-03-23	0.00212915064913477
2016-03-24	0.0003541157564761477
2016-03-29	0.0015929230546529727
2016-03-30	-0.0005301074256226501
2016-03-31	0.0007955828828278833
2016-04-01	0.0009716510135246992
2016-04-04	0.001323698608214574
2016-04-05	0.0008812767519636999
2016-04-06	0.0004402839824968474
2016-04-07	0.00035205874459065534
2016-04-08	0.0003518677181439944
2016-04-11	-0.0016710186201518429
2016-04-12	-0.00167388281059333
2016-04-13	0.0006177170403522947
2016-04-14	-0.0005291256629041952
2016-04-15	0.001500027937868964
2016-04-18	-0.0011453502503785407
2016-04-19	0.00026460949607565176
2016-04-20	0.0009700230059208614
2016-04-21	-0.0013214828918678423
2016-04-22	0.001852497206615844
2016-04-25	-0.0007044275008335488
2016-04-26	-0.0013217158225605763
2016-04-27	0.00026474686483979326
2016-04-28	0.001058437984302829
2016-04-29	-0.0006167917538270062
2016-05-03	0.002204196826274041
2016-05-04	-0.0006158150431231357
2016-05-05	0.0013204359849801062
2016-05-06	0.0007033128004807487
2016-05-09	-8.786906851954157e-05
2016-05-10	-0.000615003470496478
2016-05-11	-0.0004395872682005919
2016-05-12	-0.0019348601338022853
2016-05-13	0.0008811990761630195
2016-05-16	-0.00044024520999907946
2016-05-17	-8.810126255631712e-05
2016-05-18	-0.0012332575210394214
2016-05-19	-0.0009701941525513957
2016-05-20	-8.8236136065456e-05
2016-05-23	-0.00044148905893248713
2016-05-24	0.00017670057965468722
2016-05-25	0.0014130179985112346
2016-05-26	0.0007055457402356247
2016-05-27	0.0003525241482067454
2016-05-31	0.0009690829731423545
2016-06-01	0.000616086015948758
2016-06-02	0.0009675486673355049
2016-06-03	0.0021089442647939105
2016-06-06	-8.770726192708356e-05
2016-06-07	0.001753964568778299
2016-06-08	0.0005252346741710934
2016-06-09	0.0011374333045464091
2016-06-10	0.0006117784997763387
2016-06-13	-0.001572192405750239
2016-06-14	-0.0002624335573229164
2016-06-15	0.0007000510317574093
2016-06-16	-0.00026231881022009684
2016-06-17	-0.0006997448593843991
2016-06-20	-0.0003501174225588599
2016-06-21	0.000875566718524734
2016-06-22	-0.000174933457208426
2016-06-23	0.0009624692402694368
2016-06-24	-0.0013986333913919013
2016-06-27	0.00017510743027848719
2016-06-28	0.0018379054835153674
2016-06-29	0.0020092227228654114
2016-06-30	0.001046231471446113
2016-07-01	0.0026128118146244717
2016-07-04	0.0017372910308424139
2016-07-05	0.0017342780850801987
2016-07-06	-8.651754783906007e-05
2016-07-07	0.0004328233177963714
2016-07-08	0.001557635072504393
2016-07-11	0.0010368303853200977
2016-07-12	-0.0006905043210188033
2016-07-13	0.002936638200638386
2016-07-14	0.00025834290895043743
2016-07-15	-0.0006026663272029609
2016-07-18	0.0017229233725657433
2016-07-19	0.0006019925658675707
2016-07-20	-0.00017186629418697308
2016-07-21	0.000687714517282334
2016-07-22	0.0006871763520628349
2016-07-25	0.0009442923201028464
2016-07-26	-0.00025727941414621647
2016-07-27	0.0017156811252103665
2016-07-28	-0.0003424962514563257
2016-07-29	0.0013706504592962965
2016-08-01	-0.0012832708243831759
2016-08-02	-0.008566044357538494
2016-08-03	0.0002591911167320049
2016-08-04	0.002936891916248685
2016-08-05	-0.00017228724791817918
2016-08-08	0.0006030435560957503
2016-08-09	0.0012912697293010478
2016-08-10	0.0014616610945605846
2016-08-11	-0.0006009589011576333
2016-08-12	0.0004294770276651594
2016-08-15	-0.0016314824222901647
2016-08-16	-0.0010320385366129337
2016-08-17	0.0007748285553881296
2016-08-18	0.0013764940214202603
2016-08-19	-0.0019759738309149677
2016-08-22	0.001893786899980654
2016-08-23	8.593638871823295e-05
2016-08-24	0.0003436504725340406
2016-08-25	-0.0007729643198044478
2016-08-26	0.0006875963223367254
2016-08-30	0.000601216994251752
2016-08-31	-0.0007725007544259199
2016-09-01	8.58560821366261e-05
2016-09-02	-0.00034359144611306736
2016-09-05	0.0006874190835430838
2016-09-06	0.0024901332458109326
2016-09-07	-0.0002569488590739022
2016-09-08	-0.0029129880374336725
2016-09-09	-0.002921432771219923
2016-09-12	-0.0020682339010341666
2016-09-13	-8.63742311474347e-05
2016-09-14	0.00043177668164751104
2016-09-15	-0.0007769021127047582
2016-09-16	0.0007775061588823906
2016-09-19	-0.0006905577019082898
2016-09-20	0.0008638430569776201
2016-09-21	-0.001294679139381083
2016-09-22	0.004234706314462988
2016-09-23	-0.00043025321580303366
2016-09-26	0.0007748285553881296
2016-09-27	0.0011184178011158785
2016-09-28	0.0004296246556954042
2016-09-29	-0.0019755688984404163
2016-09-30	-0.0004303558886921133
2016-10-03	-0.00043054117462193453
2016-10-04	0.0004307266201668547
2016-10-05	-0.002927469775076741
2016-10-06	0.0006044878495636841
2016-10-07	-0.0009493450223880817
2016-10-10	-0.001295797538966692
2016-10-11	0.0012974788088140343
2016-10-12	-0.001727752020955764
2016-10-13	0.0007788505467865026
2016-10-14	-0.0003458790747910001
2016-10-17	0.0007784476897803039
2016-10-18	0.0006914592321940471
2016-10-19	0.0006045922919524216
2016-10-20	0.0010358459055901381
2016-10-21	8.624761684217219e-05
2016-10-24	-0.000172480357664484
2016-10-25	-0.00017244431894003487
2016-10-26	-0.002415031683636326
2016-10-27	-0.004668864762488734
2016-10-28	-0.00017376886712705542
2016-10-31	0.0006950637021310158
2016-11-01	-0.0004341296373097103
2016-11-02	0.0006080057021988772
2016-11-03	-0.0006076362558904425
2016-11-04	0.0002606306732151342
2016-11-07	-0.00034735076637115725
2016-11-08	-0.0007818273552623323
2016-11-09	-0.0011301160983874237
2016-11-10	-0.003133164539344979
2016-11-11	-0.002357292389582488
2016-11-14	-0.004113009583580074
2016-11-15	0.0026361635704599262
2016-11-16	-0.001051666247083416
2016-11-17	-0.0007018935664018233
2016-11-18	-0.0029851094181759796
2016-11-21	-0.0010566671342661094
2016-11-22	0.005641743440361946
2016-11-23	-0.0015778427619799196
2016-11-24	0.0
2016-11-25	0.0017558994342659062
2016-11-28	0.001577566236485195
2016-11-29	-0.0008750304094263806
2016-11-30	-0.0014888611708788746
2016-12-01	-0.0033330837267981916
2016-12-02	0.000440051508989292
2016-12-05	-0.0025510284548631024
2016-12-06	-0.00026456283145204207
2016-12-07	0.0009703652942774088
2016-12-08	0.0007050482964134908
2016-12-09	0.00273005328280318
2016-12-12	-0.0015808914826179743
2016-12-13	0.0019352675942341246
2016-12-14	0.00201927765107901
2016-12-15	-0.0023656939416804024
2016-12-16	0.0024591496381163314
2016-12-19	0.0020150986346900712
2016-12-20	-0.0003497500617882787
2016-12-21	0.0006122600691256253
2016-12-22	-0.0005245208670273671
2016-12-23	0.0001749542863533904
2016-12-28	0.003497739801889166
2016-12-29	0.00017424749646366422
2016-12-30	-0.0007840768326167202
2017-01-03	-0.001395096858517575
2017-01-04	-8.733202075505986e-05
2017-01-05	0.0
2017-01-06	-0.001659053593966564
2017-01-09	0.0
2017-01-10	-8.748479025877387e-05
2017-01-11	0.00026241059636955555
2017-01-12	0.0011369032317207761
2017-01-13	-0.0012229823107747784
2017-01-16	0.000524796133550387
2017-01-17	0.0005244541765165867
2017-01-18	-0.0013978336012109294
2017-01-19	-0.0004374720071982363
2017-01-20	-0.0014004696902352176
2017-01-23	0.0016653733675608962
2017-01-24	-0.0012250559253050852
2017-01-25	-0.001401752528214506
2017-01-26	-0.0009650869197388445
2017-01-27	0.00035128580453602787
2017-01-30	-0.00043896980203894653
2017-01-31	0.0003513166635598086
2017-02-01	-0.00597015185308214
2017-02-02	0.0011481827593744498
2017-02-03	0.0009704509204442324
2017-02-06	0.002027175734087061
2017-02-07	8.791016466980217e-05
2017-02-08	0.001671085721248966
2017-02-09	-0.00017557856856242893
2017-02-10	0.0
2017-02-13	8.777120044678455e-05
2017-02-14	0.0
2017-02-15	-0.00035125497446519827
2017-02-16	0.0012298579018521494
2017-02-17	0.0019301069032229279
2017-02-20	0.0006129570638775395
2017-02-21	-8.74639636785357e-05
2017-02-22	0.001137731935826336
2017-02-23	0.0016610057034709413
2017-02-24	0.0019200664792056177
2017-02-27	-0.00017425323980102547
2017-02-28	-0.0007840768326167202
2017-03-01	-0.0031389014097849
2017-03-02	-0.0006997448593843991
2017-03-03	-0.0016630410626368164
2017-03-06	0.00035070065214393153
2017-03-07	0.0014023108172578347
2017-03-08	-0.0023630690303945157
2017-03-09	-0.0016667673968973062
2017-03-10	-0.002987732497076623
2017-03-13	0.000705110450381019
2017-03-14	0.0004403331157314394
2017-03-15	0.001760758729507872
2017-03-16	-0.001054598344463642
2017-03-17	8.799275439064225e-05
2017-03-20	0.00017590291179381268
2017-03-21	-0.00035174395080250775
2017-03-22	0.0014956727385886381
2017-03-23	-0.0009663586803312363
2017-03-24	0.0007034983309526233
2017-03-27	-0.000351501884487182
2017-03-28	0.0013185787892240342
2017-03-29	0.0030725876821082743
2017-03-30	-0.00026254838732719943
2017-03-31	-0.0005253014639313713
2017-04-03	0.0023649319154879223
2017-04-04	0.0008738069904559165
2017-04-05	0.0004364887547028129
2017-04-06	-0.0005235846104474362
2017-04-07	0.0013970458728258528
2017-04-10	0.0006103382451314587
2017-04-11	0.001045617941389132
2017-04-12	-0.0003481973927897952
2017-04-13	0.0010449560293344096
2017-04-18	0.0005218994352085282
2017-04-19	-0.001825761524966274
2017-04-20	-0.001393572303084345
2017-04-21	-8.724061140297223e-05
2017-04-24	-0.0019190616004398642
2017-04-25	-0.0008739597598440563
2017-04-26	0.001662022759914894
2017-04-27	0.003231116149551072
2017-04-28	0.0
2017-05-02	0.0002611978534889925
2017-05-03	0.0004350832892694445
2017-05-04	-0.0013917539491042907
2017-05-05	-0.0012195068460522096
2017-05-08	0.0005232649282880253
2017-05-09	0.0003486830116954387
2017-05-10	0.000522808970694566
2017-05-11	-0.0002612678921495304
2017-05-12	0.001306747318429613
2017-05-15	-0.0008700722236942848
2017-05-16	-0.0005224447971700075
2017-05-17	0.0008712186372590303
2017-05-18	-0.001044525766507487
2017-05-19	8.709050758004544e-05
2017-05-22	-0.0009583774869237338
2017-05-23	8.716646185868981e-05
2017-05-24	0.0006976701171375055
2017-05-25	0.0013072028399032654
2017-05-26	0.0017406174550584907
2017-05-30	0.0013901274042618095
2017-05-31	0.00043376211553591837
2017-06-01	-0.00043357404753974205
2017-06-02	0.0010410820316111291
2017-06-05	-0.0006933108299912449
2017-06-06	0.001561147445026334
2017-06-07	-0.0003463882435447152
2017-06-08	-0.00034650826993565254
2017-06-09	0.0
2017-06-12	0.0004332358899672428
2017-06-13	-0.00017320609436977108
2017-06-14	0.0012995020833608262
2017-06-15	-0.002941719691111788
2017-06-16	0.0010413289552806404
2017-06-19	0.00034674857243155444
2017-06-20	0.0006932567590716143
2017-06-21	-0.0006927764870894304
2017-06-22	0.0005199095130019593
2017-06-23	0.0005196393475619399
2017-06-26	-0.00017310113960777862
2017-06-27	0.0
2017-06-28	-0.003982676056040302
2017-06-29	-0.0029555282039228636
2017-06-30	-0.0008718263014969585
2017-07-03	0.00034904813315828065
2017-07-04	0.001570135259369554
2017-07-05	0.0008709151226866663
2017-07-06	-0.004002776642899053
2017-07-07	0.0005241792685100055
2017-07-10	0.0010478759177408037
2017-07-11	-0.00026167811807908947
2017-07-12	0.0023557860712726253
2017-07-13	-0.0005222628832537435
2017-07-14	0.0005225357842990608
2017-07-17	0.0006963947855795904
2017-07-18	0.0015657646712707862
2017-07-19	0.0007816915734084606
2017-07-20	0.0007810147988267513
2017-07-21	0.0013874753948386331
2017-07-24	0.0006927104202871792
2017-07-25	-0.0027691216821111864
2017-07-26	0.0006942193035204269
2017-07-27	0.0013874753948386331
2017-07-28	8.654751078451817e-05
2017-07-31	0.0002597521850529194
2017-08-01	-0.004414772521260657
2017-08-02	0.0006955412587976717
2017-08-03	0.0008689382804567547
2017-08-04	-0.0005209235759744413
2017-08-07	8.687689107178542e-05
2017-08-08	-0.0005210835410091041
2017-08-09	0.0011296250551751097
2017-08-10	-0.0002603834696229823
2017-08-11	0.0003472904620711592
2017-08-14	0.0002603608659872414
2017-08-15	-0.0006941590547044907
2017-08-16	-0.0004341010954080904
2017-08-17	0.00017370259372229135
2017-08-18	0.00017373868826631167
2017-08-21	8.678800380446106e-05
2017-08-22	0.00026047390617178756
2017-08-23	0.00017364820304566209
2017-08-24	0.00034716989327843173
2017-08-25	-0.0002602705079027823
2017-08-29	0.0014752943156544074
2017-08-30	-0.0007799303821063308
2017-08-31	-0.0003468989365559283
2017-09-01	-0.0004337245061096784
2017-09-04	8.680902729119033e-05
2017-09-05	0.0012149560493788236
2017-09-06	-0.001126851692099362
2017-09-07	0.0016487542947620781
2017-09-08	-0.00017323609991803934
2017-09-11	-0.0001733322227378542
2017-09-12	-0.0021665655717337806
2017-09-13	-0.0002605417705046076
2017-09-14	-0.00034750165333374827
2017-09-15	-0.0010428673581323045
2017-09-18	-0.00017395949192944293
2017-09-19	0.0004350739722007724
2017-09-20	0.00034782818720802133
2017-09-21	-0.0005216271982683152
2017-09-22	-8.700536108319223e-05
2017-09-25	0.0021748586919281276
2017-09-26	-0.00017358197566086364
2017-09-27	-0.0013891618482847479
2017-09-28	-0.0006954808206819374
2017-09-29	0.0010439804649271522
2017-10-02	0.0
2017-10-03	0.0
2017-10-04	0.00026072292658962937
2017-10-05	-0.0002606549678636494
2017-10-06	0.0
2017-10-09	0.0007822350877360051
2017-10-10	0.00034738093788355684
2017-10-11	-0.00034726030627263427
2017-10-12	0.0007815574181333496
2017-10-13	0.002256179634243294
2017-10-16	0.001558444200656206
2017-10-17	0.0006051149259989064
2017-10-18	-0.0007775061588822796
2017-10-19	0.00034578319960676396
2017-10-20	-0.002333592482177793
2017-10-23	0.0006064254928455082
2017-10-24	-0.001558444200656095
2017-10-25	0.0006937376974194276
2017-10-26	0.0024263325441471473
2017-10-27	0.003025574629994532
2017-10-30	0.0012927822757649032
2017-10-31	0.0008607202088002364
2017-11-01	0.0006880102502111463
2017-11-02	0.0006875372175580985
2017-11-03	-8.589948489134969e-05
2017-11-06	0.0011165271242568053
2017-11-07	-8.574559922169822e-05
2017-11-08	-0.0010296245683386607
2017-11-09	-0.002404867977007341
2017-11-10	-0.00215238912368243
2017-11-13	0.0
2017-11-14	-0.0005177324175865694
2017-11-15	0.00034531178169805443
2017-11-16	0.0008630143759575937
2017-11-17	0.0005173095090289515
2017-11-20	-8.619558903444346e-05
2017-11-21	0.0007756956669142667
2017-11-22	-0.0010334373384740525
2017-11-23	0.000431060791015625
2017-11-24	0.0
2017-11-27	0.0012924936884102234
2017-11-28	8.607690613726682e-05
2017-11-29	-0.0014628531992478822
2017-11-30	0.00025852101913304004
2017-12-01	0.002240045980133276
2017-12-04	-0.0008596103545697176
2017-12-05	0.0007742952360954014
2017-12-06	0.0010316604788245254
2017-12-07	0.00034353241745654906
2017-12-08	-0.0008585688584603623
2017-12-11	0.0
2017-12-12	0.0
2017-12-13	-0.00017182199293974687
2017-12-14	-0.0005156201295895002
2017-12-15	0.0001719401766266948
2017-12-18	-0.0006877736525496836
2017-12-19	0.0
2017-12-20	0.0
2017-12-21	-0.004473474299920621
2017-12-22	0.0
2017-12-27	0.0
2017-12-28	0.0
2017-12-29	0.0
2018-01-02	0.0
2018-01-03	0.0008641416614780795
2018-01-04	-0.0003453714007316533
2018-01-05	0.0013819628933868788
2018-01-08	0.0
2018-01-09	0.0
2018-01-10	0.0
2018-01-11	0.0
2018-01-12	-0.0044851152450486875
2018-01-15	0.0
2018-01-16	0.0
2018-01-17	0.0
2018-01-18	0.0027724805051185797
2018-01-19	0.0003456101284400326
2018-01-22	0.0
2018-01-23	0.0
2018-01-24	0.0
2018-01-25	0.0
2018-01-26	-0.002245656753944947
2018-01-29	0.0
2018-01-30	-0.0013850072486515375
2018-01-31	-0.0001734073539797487
2018-02-01	0.0
2018-02-02	0.0
2018-02-05	-0.004681752239274362
2018-02-06	0.0
2018-02-07	-0.000348440021463281
2018-02-08	-0.0015684933933872713
2018-02-09	-0.000698218098937109
2018-02-12	0.0
2018-02-13	0.0
2018-02-14	0.0
2018-02-15	-0.0012227020929994614
2018-02-16	0.0036725967707567087
2018-02-19	0.0
2018-02-20	0.0
2018-02-21	-0.001393936525670214
2018-02-22	0.0
2018-02-23	0.0
2018-02-26	0.0
2018-02-27	0.0
2018-02-28	0.0
2018-03-01	0.0
2018-03-02	0.0
2018-03-05	0.0
2018-03-06	0.0
2018-03-07	-0.00017452688868946353
2018-03-08	0.0
2018-03-09	0.0
2018-03-12	0.0
2018-03-13	0.0
2018-03-14	0.001919731445308992
2018-03-15	0.0
2018-03-16	-0.001393450906985616
2018-03-19	0.0
2018-03-20	0.0
2018-03-21	0.0
2018-03-22	0.0
2018-03-23	0.0
2018-03-26	0.0
2018-03-27	0.0
2018-03-28	-0.0005233314675717748
2018-03-29	0.00026176945633782367
2018-04-03	-0.0006106577379519917
2018-04-04	0.00034917001029866057
2018-04-05	-0.000872587045833817
2018-04-06	0.0014847001654612058
2018-04-09	0.0
2018-04-10	-0.00026160966055543966
2018-04-11	0.0006978526821408426
2018-04-12	0.0
2018-04-13	0.0
2018-04-16	0.0
2018-04-17	0.0
2018-04-18	0.0
2018-04-19	-0.0019177233120829529
2018-04-20	0.0005239961449234887
2018-04-23	0.0
2018-04-24	-0.00157123174765883
2018-04-25	-8.737984853934844e-05
2018-04-26	0.0013114793467019492
2018-04-27	0.001484507538624058
2018-04-30	0.0
2018-05-01	-8.721018412727322e-05
2018-05-02	0.0
2018-05-03	0.0
2018-05-04	0.0
2018-05-08	0.0
2018-05-09	0.0
2018-05-10	0.0
2018-05-11	0.0
2018-05-14	0.0
2018-05-15	0.0
2018-05-16	-0.003487979811775843
2018-05-17	-0.0010500097870952407
2018-05-18	0.0
2018-05-21	0.0
2018-05-22	0.0007007200341104802
2018-05-23	-0.0005251887230013352
2018-05-24	0.0
2018-05-25	0.0
2018-05-29	0.005079714744302688
2018-05-30	-0.005315446139739888
2018-05-31	0.0006132255268376241
2018-06-01	0.0008754900459848614
2018-06-04	0.0
2018-06-05	0.0
2018-06-06	0.0
2018-06-07	0.0
2018-06-08	0.0
2018-06-11	0.0
2018-06-12	0.0
2018-06-13	-0.0026242394380568967
2018-06-14	0.0031573462633798233
2018-06-15	0.0016611509526904822
2018-06-18	0.0
2018-06-19	0.0
2018-06-20	0.000785580584139689
2018-06-21	0.0006976643912892655
2018-06-22	0.0
2018-06-25	0.0
2018-06-26	0.0
2018-06-27	0.0
2018-06-28	-0.004009056066209937
2018-06-29	0.0005250048935476759
2018-07-02	0.0
2018-07-03	0.0
2018-07-04	0.0
2018-07-05	0.0008746379807473836
2018-07-06	0.0014854785504949675
2018-07-09	8.727105991801487e-05
2018-07-10	0.0010468950821158618
2018-07-11	-0.0001742778755333685
2018-07-12	0.0013946655422976129
2018-07-13	0.0
2018-07-16	0.0
2018-07-17	0.0019150524544131464
2018-07-18	0.0017376592553273174
2018-07-19	-0.00277536588338656
2018-07-20	-0.001391578165228169
2018-07-23	-0.0020031645840873358
2018-07-24	0.0018326792964364902
2018-07-25	0.0006968135847877921
2018-07-26	0.00034819739278990625
2018-07-27	-0.00017400490241048505
2018-07-30	-0.0017406838553580828
2018-07-31	0.0026155454205738504
2018-08-01	-0.008434793223505488
2018-08-02	0.00043850786892130067
2018-08-03	0.0024544072125063376
2018-08-06	0.0008744182720128446
2018-08-07	-0.0009610397626369505
2018-08-08	0.0
2018-08-09	0.0
2018-08-10	0.003410576255816089
2018-08-13	-0.0008715223634553348
2018-08-14	-0.0008722825772286003
2018-08-15	0.0
2018-08-16	0.0008730441184023885
2018-08-17	0.0006978526821408426
2018-08-20	-0.0017434150584774155
2018-08-21	0.0008732632417665087
2018-08-22	-0.0022683836154263615
2018-08-23	0.00017485696886754276
2018-08-24	-0.0010490917998681182
2018-08-28	-0.0017504338692226895
2018-08-29	-0.0010520350671220369
2018-08-30	0.0017552829906690715
2018-08-31	0.00017526084254337881
2018-09-03	-0.0018395822278419738
2018-09-04	0.0
2018-09-05	-0.002018391695469135
2018-09-06	0.0017586787380878821
2018-09-07	-0.001316726898612175
2018-09-10	0.0
2018-09-11	0.0007911045964739127
2018-09-12	0.0010539499906794259
2018-09-13	-0.0004387002130648021
2018-09-14	0.00026330886699299505
2018-09-17	-0.0009652563288459204
2018-09-18	0.0007905486911852222
2018-09-19	-0.0006143557427095159
2018-09-20	0.0018442002231264798
2018-09-21	0.0
2018-09-24	-0.0032433620322865897
2018-09-25	0.0
2018-09-26	-0.0004396748110616633
2018-09-27	-0.0007038696857033511
2018-09-28	0.0015847887152133922
2018-10-01	0.0009669533077174552
2018-10-02	0.0020198096249361974
2018-10-03	-0.002103399360026903
2018-10-04	-0.0025469955557068102
2018-10-05	-0.0010566412512502676
2018-10-08	0.0008814993936161475
2018-10-09	0.00026419003514432937
2018-10-10	-0.0015847887152135032
2018-10-11	0.0010581579856514534
2018-10-12	0.001057106678388653
2018-10-15	0.0
2018-10-16	0.000527961623688844
2018-10-17	0.0007036221037992618
2018-10-18	0.0009667833673028259
2018-10-19	-0.0006146254736970613
2018-10-22	-0.0018450104114893229
2018-10-23	0.0006161402556830176
2018-10-24	-0.0003518729364880846
2018-10-25	-0.00035199679463382427
2018-10-26	0.00035212074000567917
2018-10-29	-0.0014959360248008036
2018-10-30	0.0006169004500851116
2018-10-31	0.00035230680997710984
2018-11-01	-0.0002641202572042367
2018-11-02	0.0011448458822032048
2018-11-05	-0.0010556188094641428
2018-11-06	0.0
2018-11-07	-8.801080530829175e-05
2018-11-08	8.801855189188856e-05
2018-11-09	0.0017612238634781008
2018-11-12	-0.002373455233743771
2018-11-13	-0.0009692537881937913
2018-11-14	-0.0010583446824337095
2018-11-15	0.009182420059258067
2018-11-16	-0.004374453076554929
2018-11-19	-0.009578241986420766
2018-11-20	-0.0015082793924778848
2018-11-21	0.004087427410080835
2018-11-22	-0.0031858461093058343
2018-11-23	0.0014204870647760437
2018-11-26	0.0003545503993866994
2018-11-27	0.0
2018-11-28	-0.0015065417800641523
2018-11-29	0.0009763079092859339
2018-11-30	-0.0005319875797406004
2018-12-03	-0.0005322707411640204
2018-12-04	0.0007100496987384464
2018-12-05	-0.0016852476105356784
2018-12-06	0.00017766896956206146
2018-12-07	8.885259178814664e-05
2018-12-10	-0.0010659330665326872
2018-12-11	8.893950126176442e-05
2018-12-12	0.0016004294765015192
2018-12-13	0.0020416841937300756
2018-12-14	0.0023033499517790545
2018-12-17	-0.0012373995969920948
2018-12-18	0.0007079808057937065
2018-12-19	0.0012380561317781869
2018-12-20	-0.0015898277975187058
2018-12-21	-0.0012384942366822083
2018-12-24	-0.00017718575899539069
2018-12-27	0.001771833650807908
2018-12-28	-0.0005306436771900236
2018-12-31	0.00026549645711071435
2019-01-02	0.0012383846604970827
2019-01-03	-0.0011485544660165825
2019-01-04	0.00035380255077943623
2019-01-07	-0.003183029312188168
2019-01-08	-0.0014191594442655164
2019-01-09	0.0008882436711197261
2019-01-10	0.0014199150894702584
2019-01-11	0.0008862646823930564
2019-01-14	-0.00017712300361705235
2019-01-15	0.0030110164080632273
2019-01-16	0.0017658215121842957
2019-01-17	-0.001850864499975069
2019-01-18	0.0013245167848026096
2019-01-21	0.0007054835095079426
2019-01-22	-8.814007697033333e-05
2019-01-23	0.0013219487464986024
2019-01-24	0.0033444573511014486
2019-01-25	-0.0010526556717721514
2019-01-28	-0.0008781039386448475
2019-01-29	0.0002636559994613208
2019-01-30	0.0021966435758096203
2019-01-31	0.00438365781783534
2019-02-01	-0.0054992778181209845
2019-02-04	0.000614409678194594
2019-02-05	0.002807014866879065
2019-02-06	-0.001574530315397893
2019-02-07	0.0010513645279808248
2019-02-08	0.0003500867738446267
2019-02-11	-0.0010498927679616354
2019-02-12	0.0010509962012725804
2019-02-13	0.0010498260191047493
2019-02-14	-0.00034959723970873213
2019-02-15	0.0006119924506478025
2019-02-18	0.0006116181449604685
2019-02-19	0.0019210725388756345
2019-02-20	-0.00095869454766917
2019-02-21	-0.0006106577379519917
2019-02-22	-0.00034917001029866057
2019-02-25	8.733964830298646e-05
2019-02-26	0.0018335727469738217
2019-02-27	-0.0020916669708717084
2019-02-28	-0.0012227020929994614
2019-03-01	0.0026233215298763213
2019-03-04	0.00226752571543698
2019-03-05	-0.0013922383855212717
2019-03-06	0.001045617941389132
2019-03-07	0.00034819739278990625
2019-03-08	-0.0015663096766774798
2019-03-11	0.0006972444879218553
2019-03-12	0.0038321062756985214
2019-03-13	-0.0007808777166148362
2019-03-14	0.0013892824924306435
2019-03-15	0.0014740151413015212
2019-03-18	0.001558444200656206
2019-03-19	-0.0007780425920446143
2019-03-20	-0.0014706996654656468
2019-03-21	0.001992751347967614
2019-03-22	0.0018158156653864665
2019-03-25	-0.0012083496367246704
2019-03-26	0.00034566985054773625
2019-03-27	0.002850675497326094
2019-03-28	-0.0002584096842380701
2019-03-29	0.0015509245990197318
2019-04-01	0.0
2019-04-02	0.0007742942957607024
2019-04-03	-0.0006017338066054423
2019-04-04	-0.001376257175033313
2019-04-05	0.00017230209064478252
2019-04-08	0.0008611649307253
2019-04-09	-0.00017212418044076916
2019-04-10	0.0015490560232627182
2019-04-11	0.0003437095417715419
2019-04-12	-0.002405074589423628
2019-04-15	0.0010332594042765653
2019-04-16	0.0022363194740981918
2019-04-17	-0.0008582086938040412
2019-04-18	0.002061548676678182
2019-04-23	0.0
2019-04-24	0.0032573053444999722
2019-04-25	-0.001537938343880385
2019-04-26	0.0005134139849425345
2019-04-29	0.0
2019-04-30	0.000256575263142933
2019-05-01	8.552489518143247e-05
2019-05-02	0.0001710351625985318
2019-05-03	-0.00034194660950126465
2019-05-07	0.0003420635769815217
2019-05-08	-0.001196845743077768
2019-05-09	-0.0015405056609273382
2019-05-10	0.0
2019-05-13	-0.0005143595585860306
2019-05-14	-0.0006861220591906081
2019-05-15	0.0006865931458936991
2019-05-16	0.0025729250058643682
2019-05-17	-0.00017112294439547426
2019-05-20	-0.0006844131035246281
2019-05-21	-0.0010274207486865583
2019-05-22	-0.0005142060201990262
2019-05-23	-0.0017150109151629067
2019-05-24	0.00017182848974028886
2019-05-28	0.001889395534956595
2019-05-29	-0.00034288457287556806
2019-05-30	0.00017146838102766182
2019-05-31	0.0005143823637492329
2019-06-03	-0.0020565370183854847
2019-06-04	0.003949846196881657
2019-06-05	0.0022237610357704884
2019-06-06	-0.0006827259843517064
2019-06-07	0.002903535198254481
2019-06-10	-8.51680519630138e-05
2019-06-11	0.001107019101423301
2019-06-12	-0.0005103569227605798
2019-06-13	-0.0013617332945479177
2019-06-14	0.002045385210963646
2019-06-17	0.0
2019-06-18	0.006123500676056048
2019-06-19	-0.0003381311453546365
2019-06-20	0.0037205716562127567
2019-06-21	-0.00033692744027824517
2019-06-24	0.0
2019-06-25	-0.001011315884699826
2019-06-26	0.00016869109930794934
2019-06-27	-0.001180831583428854
2019-06-28	0.0010133655500554895
2019-07-01	0.003374401238312341
2019-07-02	-0.0005044996364267362
2019-07-03	0.002860060356162153
2019-07-04	0.0003355218513485525
2019-07-05	-0.0021801285558713523
2019-07-08	0.0010084264418657174
2019-07-09	-0.0012592471660534121
2019-07-10	-0.001092753479688735
2019-07-11	-0.00016826526155011567
2019-07-12	-0.00016829357951331225
2019-07-15	0.001851797859068638
2019-07-16	0.001008257015347791
2019-07-17	0.001510830167012811
2019-07-18	0.00016758836001962152
2019-07-19	0.0011731776716883413
2019-07-22	0.001004311297422955
2019-07-23	0.00041808572237256314
2019-07-24	0.0037609439406889322
2019-07-25	-0.00033306341411787344
2019-07-26	0.0016658719115758558
2019-07-29	0.00016627841935146215
2019-07-30	-0.0019121693537849094
2019-07-31	0.0022490348704946594
2019-08-01	-0.0046542350400108345
2019-08-02	-0.00033400897473134794
2019-08-05	-0.003174113589524352
2019-08-06	0.0010055534629167528
2019-08-07	0.0021764786390683355
2019-08-08	0.0016705391430249517
2019-08-09	0.0
2019-08-12	-0.0005837199457391362
2019-08-13	0.001418424456484324
2019-08-14	0.0003332854244806338
2019-08-15	0.0008329677290457305
2019-08-16	0.0006657306859370049
2019-08-19	-0.0011643329352605258
2019-08-20	0.002497943843208672
2019-08-21	-0.00033223351345845753
2019-08-22	-0.0006646878584994909
2019-08-23	-0.0008313807377449134
2019-08-27	0.0011649142061318507
2019-08-28	-0.000831104341545319
2019-08-29	0.0002495323489624113
2019-08-30	0.00024947009810283305
2019-09-02	-0.0006651299623097184
2019-09-03	-0.00033272285481034114
2019-09-04	-0.0009986912693468186
2019-09-05	-0.0026657755113598247
2019-09-06	0.0015035107195158215
2019-09-09	-0.002502110491575449
2019-09-10	-0.0025083229614605296
2019-09-11	0.0
2019-09-12	0.002011717163707072
2019-09-13	-0.0020076782828463147
2019-09-16	0.00041907310213229465
2019-09-17	-0.002429835938290603
2019-09-18	0.0010079182684592514
2019-09-19	-0.001510323080339493
2019-09-20	-0.00033614214728860947
2019-09-23	0.0032784078064047595
2019-09-24	0.0009216641119220714
2019-09-25	-0.0008370875178927983
2019-09-26	0.0007539907626543663
2019-09-27	-0.0006696877664619239
2019-09-30	0.0004188273537149012
2019-10-01	0.00167479970443285
2019-10-02	-0.002507967270268141
2019-10-03	0.0005028290206772201
2019-10-04	0.0013402887065721014
2019-10-07	-0.0008365272992740813
2019-10-08	0.0006697438046303628
2019-10-09	-0.001506026692029927
2019-10-10	-0.0026814119712069706
2019-10-11	0.0008402462303500613
2019-10-14	-8.396689052925232e-05
2019-10-15	0.00025185777133041043
2019-10-16	-0.0010072414570824195
2019-10-17	0.0005041605585676123
2019-10-18	-0.0008397587553194974
2019-10-21	-0.00218525910988987
2019-10-22	0.0023584802595844057
2019-10-23	0.001176465459230558
2019-10-24	0.000671494304721687
2019-10-25	-0.00016779292279911484
2019-10-28	-0.0011744915539656509
2019-10-29	0.0003359727561531578
2019-10-30	0.0
2019-10-31	0.0001679619875500915
2019-11-01	0.0013431500086111825
2019-11-04	-0.001173703815234628
2019-11-05	0.0001679055947911845
2019-11-06	0.00016781338076410357
2019-11-07	-0.0033562806247243726
2019-11-08	0.0006735294820412463
2019-11-11	-0.001430238667948558
2019-11-12	8.420681296117394e-05
2019-11-13	0.0013479668595033356
2019-11-14	0.0008413130877300556
2019-11-15	-0.0005043506981800006
2019-11-18	-0.0003364248529352798
2019-11-19	-0.00016830113039045802
2019-11-20	-0.0010097199670582313
2019-11-21	-0.001853109993606994
2019-11-22	0.0027004193656052777
2019-11-25	0.00033665136870975054
2019-11-26	0.002187465378557407
2019-11-27	-0.0013432140565826645
2019-11-28	-0.0002521753490900558
2019-11-29	0.00016813792159342533
2019-12-02	-0.0017654400156398298
2019-12-03	0.003031839454507912
2019-12-04	-0.0024349363496453114
2019-12-05	-0.0006732952049822716
2019-12-06	0.0010106553844420052
2019-12-09	0.0017669254284289337
2019-12-10	-0.0003359727561531578
2019-12-11	0.0015123534721277476
2019-12-12	-0.0016778267899539845
2019-12-13	0.0026890730657498363
2019-12-16	-0.0009218958316535852
2019-12-17	0.0026004325222255265
2019-12-18	-0.0005019876194686246
2019-12-19	-0.0018416308587744235
2019-12-20	0.0005032303678571548
2019-12-23	-0.0010058905575213162
2019-12-24	8.392461994333189e-05
2019-12-27	0.00016777114402888316
2019-12-30	-0.0024326895206320254
2019-12-31	0.00042047639192510644
2020-01-02	0.002017297312826738
2020-01-03	0.0019293965162319182
2020-01-06	-0.0010047115215097158
2020-01-07	0.00033524066065737657
2020-01-08	-0.002345834264955493
2020-01-09	-0.00033591631602503114
2020-01-10	-0.00042005251489618534
2020-01-13	-0.0015967292665156618
2020-01-14	0.0005892230052697567
2020-01-15	0.0015983411089572908
2020-01-16	0.001679863780765567
2020-01-17	0.0008384912990935245
2020-01-20	-0.0004189263698234358
2020-01-21	0.0020953818214373143
2020-01-22	-0.00033456771783335615
2020-01-23	0.0018407063828835835
2020-01-24	8.353212300749036e-05
2020-01-27	0.001002110618639085
2020-01-28	-0.000583963403856802
2020-01-29	0.0009182020663558443
2020-01-30	0.0008339460517645669
2020-01-31	0.0017498465189116352
2020-02-03	-0.005406766921301376
2020-02-04	0.0
2020-02-05	-0.0005854285774263834
2020-02-06	-0.0005020716200313524
2020-02-07	0.0
2020-02-10	0.001841939184579644
2020-02-11	0.0
2020-02-12	-0.0011700402369894114
2020-02-13	0.00041836557197316715
2020-02-14	0.0012545080393222552
2020-02-17	-0.00033412057400172834
2020-02-18	0.0003342322478721016
2020-02-19	0.0006682411480034567
2020-02-20	0.0005843046163693799
2020-02-21	-0.0008342879888560972
2020-02-24	-0.001085390807894715
2020-02-25	-0.0007522261647421313
2020-02-26	-0.001589313563831407
2020-02-27	-0.002597164519173689
2020-02-28	-0.0019319895089259242
2020-03-02	-0.0010099541061290296
2020-03-03	0.004380828018788252
2020-03-04	0.0010065015597957583
2020-03-05	-0.0008379292541451644
2020-03-06	-0.00553502217828683
2020-03-09	-0.019311864396747036
2020-03-10	0.0022358081880087255
2020-03-11	0.0022307550409970123
2020-03-12	-0.01412545099709217
2020-03-13	-0.0005210592747491027
2020-03-16	-0.0423978915561426
2020-03-17	-0.004536381731649608
2020-03-18	-0.04702883343694064
2020-03-19	0.01884086903884219
2020-03-20	0.02224728033173151
2020-03-23	-0.0025711549621083574
2020-03-24	0.0171239234332472
2020-03-25	-0.007693755228893928
2020-03-26	0.016418891698017468
2020-03-27	-0.0017948213918553835
2020-03-30	0.003416319715450866
2020-03-31	0.0008063465406189518
2020-04-01	-0.007072455753950213
2020-04-02	-0.0011721655262816322
2020-04-03	0.0
2020-04-06	0.003610773878737872
2020-04-07	0.0013491772393161572
2020-04-08	0.003772551531820323
2020-04-09	0.015391509804949743
2020-04-14	0.005816480352645259
2020-04-15	-0.006308539460575746
2020-04-16	0.0013225808274486273
2020-04-17	0.003170135770439897
2020-04-20	-0.002106722854872345
2020-04-21	-0.00316678931549208
2020-04-22	0.0037063022421142122
2020-04-23	0.004220180815446284
2020-04-24	0.001663477844297212
2020-04-27	0.005331640253753989
2020-04-28	-0.003564563073211957
2020-04-29	0.003315568025427984
2020-04-30	-0.00026088164061377483
2020-05-01	-0.002261674828645588
2020-05-04	0.0002616077549237872
2020-05-05	0.0009587115640086186
2020-05-06	-0.004615106201653618
2020-05-07	-0.0005248671146458328
2020-05-11	0.005864316577201878
2020-05-12	-0.006178203061131926
2020-05-13	-0.0018387101493393398
2020-05-14	-0.0026316057171738017
2020-05-15	0.00026390861474756555
2020-05-18	0.0026377861031250394
2020-05-19	-0.0010523118343599425
2020-05-20	0.002809232591840072
2020-05-21	0.0035892149231033788
2020-05-22	-0.0004361745640616421
2020-05-26	0.00226897761183098
2020-05-27	0.00426641593626087
2020-05-28	0.00043352742626523444
2020-05-29	0.0019065882820592517
2020-06-01	-0.001037996245553896
2020-06-02	0.004848949678299075
2020-06-03	0.003532925652160346
2020-06-04	0.003091195373361222
2020-06-05	0.008645798141319716
2020-06-08	-0.003225026537446274
2020-06-09	-0.004682804909783456
2020-06-10	-0.001710903122549956
2020-06-11	-0.001199652042069288
2020-06-12	0.0029169867399339022
2020-06-15	-0.0005133035689054433
2020-06-16	0.0017973872000121016
2020-06-17	-0.0002563554712436966
2020-06-18	-0.0025636252860126163
2020-06-19	0.0014564613362526568
2020-06-22	-0.0006844198089864806
2020-06-23	-0.0003424442801420735
2020-06-24	-0.00025690485706331145
2020-06-25	0.0006852992334986929
2020-06-26	-0.0019688696929844873
2020-06-29	0.0024873567598964197
2020-06-30	0.001368956757951123
2020-07-01	-0.001537938343880385
2020-07-02	0.00436421473187365
2020-07-03	-0.0016188330660303896
2020-07-06	0.0017067498525458191
2020-07-07	-0.0011074906837602594
2020-07-08	0.0008528654509261102
2020-07-09	0.0008521386912769824
2020-07-10	-8.509584585469909e-05
2020-07-13	-0.0013624289746519969
2020-07-14	0.002131650772528193
2020-07-15	0.0022122193391553857
2020-07-16	0.0009338705280292903
2020-07-17	-0.0005089498491237521
2020-07-20	0.0039884694102965135
2020-07-21	0.0019440737188729518
2020-07-22	0.00016869109930794934
2020-07-23	-0.0001686626474205477
2020-07-24	-0.001602855069502196
2020-07-27	0.0021123785654688643
2020-07-28	0.00016867009037357938
2020-07-29	-0.00025296246835793124
2020-07-30	-0.001096190719557577
2020-07-31	0.0007597836230015531
2020-08-03	-0.0037115346274108063
2020-08-04	0.0009313403588444569
2020-08-05	-0.00042296609069103486
2020-08-06	0.003300324919112363
2020-08-07	-0.0002530261463783434
2020-08-10	0.0021935555463439282
2020-08-11	-0.0015994817740708767
2020-08-12	8.433504518690071e-05
2020-08-13	-0.002023420137716281
2020-08-14	-0.0014362236579803511
2020-08-17	0.0006768344595620146
2020-08-18	0.0005072502469813944
2020-08-19	0.0016900843656075804
2020-08-20	0.0008435842192404674
2020-08-21	0.0013486485412383953
2020-08-24	-0.0009259310397798926
2020-08-25	-0.003875634636537728
2020-08-26	-0.0006766626810722487
2020-08-27	0.00016924792897299312
2020-08-28	0.0004231450667058212
2020-09-01	0.00016914771493770075
2020-09-02	0.003974976566260002
2020-09-03	0.00016851379509064124
2020-09-04	-0.0022741031317015103
2020-09-07	0.0014350681264490017
2020-09-08	0.0005900674065995037
2020-09-09	-0.0016848942997815808
2020-09-10	-0.0019409565985957222
2020-09-11	0.003297598969415727
2020-09-14	-0.000168584795580351
2020-09-15	0.0013486485412383953
2020-09-16	0.00016832190700943883
2020-09-17	-8.417889459821914e-05
2020-09-18	-0.0006732952049822716
2020-09-21	-0.0008422984981730774
2020-09-22	-0.0016015747821847004
2020-09-23	0.001857490849106913
2020-09-24	-0.003033883357838829
2020-09-25	0.0002535822360354434
2020-09-28	0.001098599268202216
2020-09-29	8.443471473729147e-05
2020-09-30	0.0012661561942541866
2020-10-01	0.001433132397648862
2020-10-02	0.0
2020-10-05	0.0007576086976766039
2020-10-06	0.0012617894460338341
2020-10-07	-8.403038169402244e-05
2020-10-08	0.001008257015347791
2020-10-09	0.00041969994975632474
2020-10-12	0.0017618850589073975
2020-10-13	0.00016747607044265145
2020-10-14	0.0
2020-10-15	-0.0004186520108010461
2020-10-16	0.00226184666879492
2020-10-19	0.0004179459379212158
2020-10-20	-0.0008355426641801778
2020-10-21	0.00025091069161531365
2020-10-22	-0.00016723183415501275
2020-10-23	-0.0001671960143940776
2020-10-26	-0.0015052709685527965
2020-10-27	0.0025125244432955274
2020-10-28	-0.003174580309991848
2020-10-29	0.0009218958316534742
2020-10-30	-0.0008372977800014114
2020-11-02	0.001340786309057096
2020-11-03	0.0010042911434213764
2020-11-04	0.001337647620587079
2020-11-05	0.0033397473247909204
2020-11-06	0.0002496361800281566
2020-11-09	-0.00024957387735868863
2020-11-10	-0.0012482443884872518
2020-11-11	0.0007499080970050365
2020-11-12	0.00024976087873151975
2020-11-13	-8.325400600373012e-05
2020-11-16	0.002081078878846787
2020-11-17	0.000996866168134325
2020-11-18	0.000414963085127118
2020-11-19	0.00041472767397454646
2020-11-20	0.0003316825541745949
2020-11-23	8.290895458440417e-05
2020-11-24	0.0010774741133350307
2020-11-25	-0.00041393792737687285
2020-11-26	0.0001656310984046172
2020-11-27	-0.0002484370956262749
2020-11-30	-0.0004969976639087603
2020-12-01	-0.001243175214041603
2020-12-02	0.00016593347201010467
2020-12-03	0.0020741724262172134
2020-12-04	0.0006623764850410829
2020-12-07	0.0012411180301290514
2020-12-08	0.0009916132143557022
2020-12-09	-0.0004127418764707791
2020-12-10	-0.00041297531385553476
2020-12-11	0.0011567329675326032
2020-12-14	-0.0009078205167436515
2020-12-15	-0.000412980533384566
2020-12-16	-0.001487482869169332
2020-12-17	0.0008275963966375421
2020-12-18	-8.271013152427731e-05
2020-12-21	-0.0004961756492083413
2020-12-22	0.0005791799972754141
2020-12-23	-0.002480799230966113
2020-12-24	0.001575084520702541
2020-12-29	0.002234701570504649
2020-12-30	-0.0004954790685296473
2020-12-31	0.00016528358805834031
2021-01-04	0.001734812715228573
2021-01-05	-0.001072116778180865
2021-01-06	-0.0006603995993890166
2021-01-07	0.00041301463116782955
2021-01-08	0.0
2021-01-11	-0.0014863774355393655
2021-01-12	-0.002646375286717517
2021-01-13	0.002570523979358086
2021-01-14	0.0007443249951601949
2021-01-15	-0.0014876058278989746
2021-01-18	-0.0004138640281751149
2021-01-19	0.00024845913327364855
2021-01-20	0.0012416712971448085
2021-01-21	-0.001240131461504368
2021-01-22	0.0002483342594290505
2021-01-25	0.0012414261657351933
2021-01-26	-0.0004959926130209125
2021-01-27	-0.0011577852445286974
2021-01-28	-0.0006623764850409719
2021-01-29	8.286774219845583e-05
2021-02-01	-0.003645120079061037
2021-02-02	-0.0002494286200565021
2021-02-03	0.00016636953440074542
2021-02-04	-0.00016634186018282815
2021-02-05	0.00016636953440074542
2021-02-08	0.0
2021-02-09	0.00016627841935146215
2021-02-10	-0.0006651299623097184
2021-02-11	0.0008319975545314495
2021-02-12	-0.001579405125405553
2021-02-15	-0.0009158322353890469
2021-02-16	-0.0014166514078776116
2021-02-17	0.0008345028172667135
2021-02-18	-0.0016676140059473932
2021-02-19	-0.0005011708536364345
2021-02-22	0.0009191995657613639
2021-02-23	-0.001920151359851352
2021-02-24	0.0
2021-02-25	-0.005269802314766592
2021-02-26	0.00016821621904594686
2021-03-01	0.006473824005895246
2021-03-02	8.355305577611993e-05
2021-03-03	-0.002839993015522624
2021-03-04	0.0012565046852905937
2021-03-05	-0.001756873476259302
2021-03-08	-8.382615031887752e-05
2021-03-09	0.0009219731171106194
2021-03-10	-0.0005861639247823902
2021-03-11	0.001843328223844365
2021-03-12	-0.001923587501217905
2021-03-15	0.001675922438194588
2021-03-16	-0.001003871052894123
2021-03-17	-0.001925939801252441
2021-03-18	-0.0010068188952426782
2021-03-19	0.0015957205164460753
2021-03-22	0.0013415732839923145
2021-03-23	0.0006699198817732288
2021-03-24	0.0013389427791579145
2021-03-25	0.00016711217160647607
2021-03-26	-0.0008355487455389277
2021-03-29	-0.0015052709685527965
2021-03-30	-0.0004187860227704565
2021-03-31	0.0027649923357664363
2021-04-01	0.0020889037379889785
2021-04-06	-0.0007504708334539201
2021-04-07	-0.00016686117888409235
2021-04-08	0.0005842071023409723
2021-04-09	-0.0018350256220129868
2021-04-12	0.00041784116756837797
2021-04-13	-0.0009188156467587749
2021-04-14	-0.001755698381415094
2021-04-15	0.004355080707044268
2021-04-16	-0.0027518498673572145
2021-04-19	-0.0015887182693350432
2021-04-20	0.001507540225087478
2021-04-21	0.0011707592198086925
2021-04-22	-0.0015035107195159325
2021-04-23	0.0009201991760841022
2021-04-26	0.00041784723548432545
2021-04-27	-0.0006682890868806579
2021-04-28	-0.0011703677180565641
2021-04-29	-0.0015065308011253942
2021-04-30	0.0010896668071465054
2021-05-04	0.00117222966834718
2021-05-05	-8.36508844693773e-05
2021-05-06	0.0
2021-05-07	-8.359407025781973e-05
2021-05-10	0.0004181967468595005
2021-05-11	-0.0032608645035461237
2021-05-12	-0.0021810430184319163
2021-05-13	-0.00016810965598512695
2021-05-14	0.0007567168726114737
2021-05-17	0.0001680748867849413
2021-05-18	-0.0009240642599592785
2021-05-19	-0.0004204410294249561
2021-05-20	-0.0010935166253482898
2021-05-21	0.001768413342927655
2021-05-24	-0.00033625517682578376
2021-05-25	0.002186361757768429
2021-05-26	0.0005034196882036657
2021-05-27	-0.0009225143603007746
2021-05-28	0.000923366178860574
2021-06-01	-0.00025158319216966873
2021-06-02	0.0012582965106191502
2021-06-03	-0.0004189263698234358
2021-06-04	0.0016763438247369145
2021-06-07	-0.0005857224799010741
2021-06-08	0.0014232934148565857
2021-06-09	0.0009196606453494294
2021-06-10	0.0
2021-06-11	0.0015035107195158215
2021-06-14	-0.0010008569228927566
2021-06-15	-0.0011688044003607123
2021-06-16	0.0010030319892531114
2021-06-17	-0.0006680179494626959
2021-06-18	-0.0005848904967056257
2021-06-21	-0.0010868426783263718
2021-06-22	-0.0005022195037024391
2021-06-23	0.0013398397635462356
2021-06-24	-0.0005017995239124939
2021-06-25	-0.0007529814292028814
2021-06-28	0.0009210467225193586
2021-06-29	0.0001672799306779993
2021-06-30	0.0016728385891668918
2021-07-01	-0.00033400897473134794
2021-07-02	0.0016705391430249517
2021-07-05	-0.0008338765480984112
2021-07-06	0.002420304759355396
2021-07-07	0.0008325574357916921
2021-07-08	-0.0010814179719493833
2021-07-09	0.000666237756785204
2021-07-12	0.001081867921571611
2021-07-13	-0.0004156875166451135
2021-07-14	0.0010812116194462984
2021-07-15	-0.0005815377023093982
2021-07-16	0.0017456282555730063
2021-07-19	0.000497863725252623
2021-07-20	0.0010781890499047542
2021-07-21	-0.0006627523088874598
2021-07-22	0.0013264469331093487
2021-07-23	0.00041400109507527816
2021-07-26	-0.0005793237918020333
2021-07-27	0.0011593192048018341
2021-07-28	0.0010752460858334256
2021-07-29	-0.0004130828957079613
2021-07-30	0.0014878517125240798
2021-08-02	-0.0044569238957213875
2021-08-03	0.00024870484674011095
2021-08-04	0.0004972860160377124
2021-08-05	0.0006627605969800054
2021-08-06	-0.0018213529185828747
2021-08-09	-0.00041472216873494894
2021-08-10	-0.00016591971144530593
2021-08-11	-0.0002489525252852287
2021-08-12	0.00016598856863758726
2021-08-13	0.00016602434073864636
2021-08-16	0.0
2021-08-17	-0.00033193025324262937
2021-08-18	0.0006640809350382249
2021-08-19	-0.00016594170016193122
2021-08-20	0.00033187518404109717
2021-08-23	-0.0008293810597511664
2021-08-24	-0.00024901451807834984
2021-08-25	-0.0022418155678159968
2021-08-26	-0.0006657388056394709
2021-08-27	0.0001665773425845174
2021-08-31	-0.0005827965570602833
2021-09-01	-0.0007497831272801347
2021-09-02	0.0006669598423516554
2021-09-03	-0.0010830396962429045
2021-09-06	0.00016677767149220202
2021-09-07	-0.002334879782956656
2021-09-08	0.0006686879928352596
2021-09-09	0.0015870567947622316
2021-09-10	-0.0006671822918138393
2021-09-13	5.405454275275723e-05
2021-09-14	0.0004466102725966259
2021-09-15	-0.0009175128110064934
2021-09-16	-8.350422718650385e-05
2021-09-17	-0.0011689020086195212
2021-09-20	0.0007523528324964168
2021-09-21	0.0006682411480034567
2021-09-22	-0.00016698056720665377
2021-09-23	-0.0030889557602120643
2021-09-24	-0.0004187509440105597
2021-09-27	-8.379805780267535e-05
2021-09-28	-0.0015919129823275258
2021-09-29	0.0013426991255265364
2021-09-30	-0.0008380696813347077
2021-10-01	0.0009226690926460446
2021-10-04	-0.0005028508092477235
2021-10-05	-0.001006079655947345
2021-10-06	-0.0005874921857136339
2021-10-07	8.393102689163712e-05
2021-10-08	-0.0019312766362550304
2021-10-11	-0.0016826261754601113
2021-10-12	-0.002022631769399652
2021-10-13	0.0010978287858696145
2021-10-14	0.003205375315360026
2021-10-15	-0.0002522389575372319
2021-10-18	-0.0021867294608391985
2021-10-19	-0.0014328908447394095
2021-10-20	0.001350519380993065
2021-10-21	-0.0016015747821847004
2021-10-22	-8.444897014769914e-05
2021-10-25	0.0011821277487771287
2021-10-26	0.000337361184366225
2021-10-27	0.001770500660922547
2021-10-28	-0.0003366513687096395
2021-10-29	-0.003956905417859313
2021-11-01	0.0002535608140978862
2021-11-02	0.00338010426108859
2021-11-03	-8.417135772065265e-05
2021-11-04	0.004126992755963066
2021-11-05	0.0017614417238924762
2021-11-08	-0.0013397275533829633
2021-11-09	0.0017607673327573181
2021-11-10	-0.0021761142360678942
2021-11-11	-0.001929234646691591
2021-11-12	0.0012606229815268488
2021-11-15	-0.0018465773193737656
2021-11-16	-0.0010090406915161942
2021-11-17	-0.0010101241035300745
2021-11-18	0.002274996986620703
2021-11-19	0.0026902034723335078
2021-11-22	-0.002347604487110133
2021-11-23	-0.002773293617821304
2021-11-24	-0.001011315884699826
2021-11-25	-0.0009279619495696778
2021-11-26	8.44561023785051e-05
2021-11-29	0.0005065649895052982
2021-11-30	0.001181429448509963
2021-12-01	0.0013486485412383953
2021-12-02	0.0022726989573289558
2021-12-03	-8.400215214665607e-05
2021-12-06	0.0010079182684592514
2021-12-07	0.0011746886162942172
2021-12-08	-0.0028494497046614997
2021-12-09	0.0015128618263338112
2021-12-10	8.387467714654484e-05
2021-12-13	0.001090919567089399
2021-12-14	-0.0008382741069355992
2021-12-15	0.0
2021-12-16	-8.38465360051277e-05
2021-12-17	0.0015101963376857874
2021-12-20	8.3727122442534e-05
2021-12-21	-0.003518161992027369
2021-12-22	0.00016815965547145595
2021-12-23	-0.0010085959253339771
2021-12-24	-0.0006730761454136758
2021-12-29	-0.0010102299917552626
2021-12-30	-0.001179900680280177
2021-12-31	0.00016878394387043194
2022-01-04	-0.0016872327998314063
2022-01-05	-0.0005069930746189888
2022-01-06	-0.0019445022819810642
2022-01-07	-0.0005083031464384602
2022-01-10	-0.0016950330694395221
2022-01-11	-0.0008489555424386896
2022-01-12	0.0011895605977079171
2022-01-13	8.482140949350736e-05
2022-01-14	-0.0019517628537562004
2022-01-17	-0.0016155296354068982
2022-01-18	-0.0006813305425160676
2022-01-19	0.0005113788125192809
2022-01-20	0.001192499044538664
2022-01-21	0.0010209524046904672
2022-01-24	-0.0003399703746586047
2022-01-25	-0.0011902685459893592
2022-01-26	0.0004255653807856419
2022-01-27	-0.0017867700727794977
2022-01-28	-0.0028128352532653667
2022-01-31	-0.002564282655279748
2022-02-01	-0.004113491703581218
2022-02-02	8.606949754130788e-05
2022-02-03	-0.00946479489388563
2022-02-04	-0.007817942185600169
2022-02-07	-0.0018385491352507222
2022-02-08	-0.0004385847804656562
2022-02-09	0.0033344792600102924
2022-02-10	-0.004722698123385105
2022-02-11	-0.000703003768974475
2022-02-14	-0.0008793393690439411
2022-02-15	-0.000264094419697658
2022-02-16	0.001408606983606342
2022-02-17	0.0009670383327609056
2022-02-18	0.0005269414919386595
2022-02-21	-0.0009655952608814689
2022-02-22	-0.0031631721120652934
2022-02-23	-0.0014984413708082345
2022-02-24	0.00017659139015280267
2022-02-25	0.0012356521260152853
2022-02-28	0.0003526173718835235
2022-03-01	0.010045817376853172
2022-03-02	-0.0038387928011053285
2022-03-03	0.0026274570936763997
2022-03-04	-0.0019217436604818117
2022-03-07	-0.008927045802474276
2022-03-08	-0.0015895470555582492
2022-03-09	0.00026533504285031206
2022-03-10	-0.0062781776236982
2022-03-11	-0.0006228839342856674
2022-03-14	-0.002849253866800905
2022-03-15	0.000714365859279642
2022-03-16	0.0009815348501034382
2022-03-17	0.003209133618935711
2022-03-18	-0.00017775255285412683
2022-03-21	-0.0030216525776227687
2022-03-22	-0.002495977701329699
2022-03-23	0.001966051990198059
2022-03-24	-0.0018729850100637213
2022-03-25	-0.0016978146295117957
2022-03-28	0.00017898892631507124
2022-03-29	0.0012529030993817525
2022-03-30	-0.003754005892527723
2022-03-31	0.0037681515556715617
2022-04-01	0.00026820172888841753
2022-04-04	0.0029487462323432023
2022-04-05	-0.004098352576868192
2022-04-06	-0.003041656303485296
2022-04-07	-0.0020639209610079368
2022-04-08	-0.0009891251799041267
2022-04-11	-0.006840703390356029
2022-04-12	0.0029001933554428927
2022-04-13	-0.0012651998410416754
2022-04-14	0.00036193373816795216
2022-04-19	-0.005336435880237245
2022-04-20	0.0019096033658416722
2022-04-21	-0.004084198103065817
2022-04-22	-0.005103482829273975
2022-04-25	0.006320440166523111
2022-04-26	-0.003641011502426794
2022-04-27	-0.0010049388934004755
2022-04-28	-0.002834911412158081
2022-04-29	-0.003301546288783097
2022-05-03	0.0
2022-05-04	-0.003956572542954784
2022-05-05	-0.0033256407422777023
2022-05-06	-0.005839255324700754
2022-05-09	-0.0014917365180187048
2022-05-10	0.005415516706985146
2022-05-11	0.0026002858330547163
2022-05-12	0.004446122276807518
2022-05-13	0.0003688760109439304
2022-05-16	-0.0005531451523913544
2022-05-17	-0.004242751265830735
2022-05-18	-0.0003705160787936812
2022-05-19	0.0007413068236847842
2022-05-20	-0.000185154102466778
2022-05-23	-0.0031487678895624205
2022-05-24	0.0027870963717848696
2022-05-25	0.0007410987571876415
2022-05-26	0.0018515514150365675
2022-05-27	0.000831605404504554
2022-05-30	-0.002308189508219316
2022-05-31	-0.004812110446184792
2022-06-01	-0.000743926263470307
2022-06-06	-0.007723821311428014
2022-06-07	0.0014067479109318715
2022-06-08	-0.0035586931800156707
2022-06-09	-0.00921055773382895
2022-06-10	-0.007019520742009622
2022-06-13	-0.015571238523748643
2022-06-14	-0.003978686559605871
2022-06-15	0.00604055680308746
2022-06-16	-0.005616907021650963
2022-06-17	0.002532159480499674
2022-06-20	-0.0036915181056926816
2022-06-21	0.002145097756826919
2022-06-22	0.003308075222060003
2022-06-23	0.007757907302710976
2022-06-24	-9.617500973868598e-05
2022-06-27	-0.004908113927980184
2022-06-28	-0.00599615800224973
2022-06-29	0.004086380365183606
2022-06-30	0.000969051419311473
2022-07-01	0.0113262162089105
2022-07-04	-0.004498910837669068
2022-07-05	0.008461512052095888
2022-07-06	0.004004632049379175
2022-07-07	0.00018990163805199245
2022-07-08	-0.00047477261586315045
2022-07-11	0.0046547497747673194
2022-07-12	0.0068078782730705
2022-07-13	-0.005259252163160366
2022-07-14	-0.004531681796042464
2022-07-15	0.005880074950984859
2022-07-18	-0.0027343100339703996
2022-07-19	0.0009455054050262479
2022-07-20	0.0034948059657007313
2022-07-21	0.0005648078802225065
2022-07-22	0.016933164352656238
2022-07-25	-0.0007400724531354541
2022-07-26	-0.0029624116345939866
2022-07-27	0.0014856422158142646
2022-07-28	0.011496364331102349
2022-07-29	0.0016498653317440493
2022-08-01	-0.0005490259815514875
2022-08-02	-0.0074162016987802115
2022-08-03	-0.0011991963695314745
2022-08-04	-0.0002770482049784251
2022-08-05	-0.006004633033523388
2022-08-08	0.0035316439423918045
2022-08-09	-0.0025931320613672426
2022-08-10	0.0029712135923085636
2022-08-11	-0.002499506123468609
2022-08-12	0.001577709224550361
2022-08-15	0.004077116835356609
2022-08-16	-0.008028818214116162
2022-08-17	-0.006605257220048455
2022-08-18	-0.002622202495765169
2022-08-19	-0.008638480459580378
2022-08-22	-0.006724749688949316
2022-08-23	0.001239603795301747
2022-08-24	-0.0019047328404018238
2022-08-25	0.004484671542199115
2022-08-26	-0.005984585100292761
2022-08-30	-0.009652161144129257
2022-08-31	-0.003377385731905491
2022-09-01	-0.0015491482823963842
2022-09-02	0.006594261899380394
2022-09-05	-0.005106034615693922
2022-09-06	-0.001258809505603864
2022-09-07	0.003296528692041889
2022-09-08	-0.005411723713002359
2022-09-09	0.0020404108842670965
2022-09-12	0.0045573667528391315
2022-09-13	-0.0073359280639402336
2022-09-14	0.0014585913187517008
2022-09-15	-0.0026215812085319534
2022-09-16	-0.004575557000756736
2022-09-20	-0.00801955691759626
2022-09-21	0.0030562709027017743
2022-09-22	-0.006290538658211942
2022-09-23	-0.004747732292616491
2022-09-26	-0.004472317286355887
2022-09-27	-0.005590471886095738
2022-09-28	0.0023089622139320642
2022-09-29	-0.002804475055760869
2022-09-30	0.0069305188662762696
2022-10-03	0.007581068690578174
2022-10-04	0.006336000159521626
2022-10-05	-0.0107231082235415
2022-10-06	-0.004375445730846805
2022-10-07	-0.004794280301295584
2022-10-10	-0.005820973851942246
2022-10-11	0.0010095508376777307
2022-10-12	-0.004033899869971047
2022-10-13	0.0011138174156763991
2022-10-14	-0.0006069099455987548
2022-10-17	0.004250640711642495
2022-10-18	0.00141085745149927
2022-10-19	-0.0046291543902415855
2022-10-20	-0.0007077881066297476
2022-10-21	-0.0006070170054300883
2022-10-24	0.004960496758704469
2022-10-25	0.006850008342609071
2022-10-26	0.0037018785180518154
2022-10-27	0.005582112841878706
2022-10-28	-0.004857235102203816
2022-10-31	-0.013049084237058306
2022-11-01	0.012716940689851963
2022-11-02	0.0012956436870370514
2022-11-03	-0.005076163332676242
2022-11-04	0.002901169649694335
2022-11-07	-0.0010972629461502015
2022-11-08	0.0015977997112501807
2022-11-09	0.002293077971496915
2022-11-10	0.015020413354878581
2022-11-11	-0.004116014946854096
2022-11-14	-0.0005904859906166182
2022-11-15	0.0038400886079523744
2022-11-16	0.0017655744047462285
2022-11-17	-0.002154054609075473
2022-11-18	0.0035324596999388724
2022-11-21	0.0007822610118382034
2022-11-22	0.003224248519535955
2022-11-23	0.0016556113015198104
2022-11-24	0.004083599175268793
2022-11-25	-0.0052289464867438795
2022-11-28	-0.00019472667971631719
2022-11-29	0.003797092718574424
2022-11-30	0.0007759634552737538
2022-12-01	0.007365789241932541
2022-12-02	-0.0013469250178953507
2022-12-05	0.0008670167171935805
2022-12-06	0.0005775104335954406
2022-12-07	0.0017316047182320826
2022-12-08	-0.001248413107143409
2022-12-09	-0.005384591909555314
2022-12-12	0.0008700341818108637
2022-12-13	0.0050227400617426365
2022-12-14	-0.002306636099228876
2022-12-15	-0.009921961309319105
2022-12-16	-0.005253949425382931
2022-12-19	-0.00117366118637241
2022-12-20	-0.0031335652782767953
2022-12-21	0.00186635369662147
2022-12-22	-0.0024512207592545243
2022-12-23	-0.0009828826048826622
2022-12-28	-0.003935473517128418
2022-12-29	0.003457116569599794
2022-12-30	-0.0013780824362153998
2023-01-03	0.0054214200916971045
2023-01-04	0.003333297430300197
2023-01-05	-0.002149634543490264
2023-01-06	0.0059733704851665514
2023-01-09	-0.0006813948460704378
2023-01-10	-0.003799016219857343
2023-01-11	0.0046934914705127895
2023-01-12	0.0043795323429896005
2023-01-13	0.0006782916365717373
2023-01-16	9.685423216421185e-05
2023-01-17	0.0061967408715415395
2023-01-18	0.004618970028783531
2023-01-19	-0.006130262263356334
2023-01-20	-0.0038550647421318196
2023-01-23	0.0006772416254920977
2023-01-24	0.0015469015976290468
2023-01-25	0.0011584395291472926
2023-01-26	-0.0011570990998108766
2023-01-27	-0.0010618108393233294
2023-01-30	-0.003478938912572449
2023-01-31	0.0003879064629743745
2023-02-01	-0.008045771632320564
2023-02-02	0.01524477211648323
2023-02-03	-0.0039464436916312184
2023-02-06	-0.006667978537130748
2023-02-07	-0.0010701489383384555
2023-02-08	-0.0022400015217179936
2023-02-09	0.0020498459748445885
2023-02-10	-0.0047730905482611385
2023-02-13	-0.0003915133233260981
2023-02-14	-0.003329054607207893
2023-02-15	-0.0003929749009486949
2023-02-16	0.0016707436751381977
2023-02-17	-0.000981146741734995
2023-02-20	-0.0007857182409591879
2023-02-21	-0.005602513335880466
2023-02-22	0.0007907663586301794
2023-02-23	0.0029629931037808976
2023-02-24	-0.0055145757868944045
2023-02-27	-0.0004950532074544656
2023-02-28	-0.004755333320030641
2023-03-01	-0.0032849077649025338
2023-03-02	0.0003994898294674698
2023-03-03	0.0008985122185323213
2023-03-06	-0.00019952395805611367
2023-03-07	0.0003990514403413581
2023-03-08	0.0013960848758740596
2023-03-09	0.0009958023894089951
2023-03-10	0.004576270684733652
2023-03-13	0.0037630940858142115
2023-03-14	-0.00621544247853556
2023-03-15	0.00744564653038271
2023-03-16	-0.004138803551893555
2023-03-17	-0.0013853096480361815
2023-03-20	0.006539869937418175
2023-03-21	0.00039378730858730115
2023-03-22	-0.0023617938070970013
2023-03-23	0.005129259090046023
2023-03-24	-0.000294394296836753
2023-03-27	-0.0030431449850794046
2023-03-28	-0.00216621923977689
2023-03-29	0.0014801808890811952
2023-03-30	-0.0014779931918045275
2023-03-31	0.006907485720669904
2023-04-03	0.002156029191779929
2023-04-04	-0.000880148302415007
2023-04-05	0.004600188207167566
2023-04-06	-9.7448716776527e-05
2023-04-11	-0.005846229077055898
2023-04-12	-0.0004900070857731809
2023-04-13	0.000784410659216972
2023-04-14	-0.0013717361649755455
2023-04-17	-0.000981146741734995
2023-04-18	0.0011785773614387818
2023-04-19	-0.002648658681523308
2023-04-20	0.0025573142609722765
2023-04-21	-0.0010791779654882871
2023-04-24	-0.0013749694565708959
2023-04-25	0.0037371877682677024
2023-04-26	-0.000979800867266123
2023-04-27	-0.00333460514852435
2023-04-28	0.0077740690235703624
2023-05-02	0.0011717128492976236
2023-05-03	-0.0006827240384046362
2023-05-04	0.0022448112335426984
2023-05-05	-0.0018502525746326715
2023-05-09	-0.0023414425733613298
2023-05-10	0.0017602219970227484
2023-05-11	0.001952332521239164
2023-05-12	-0.001558807810466356
2023-05-15	-0.0015613159335298166
2023-05-16	-0.0034206262232699958
2023-05-17	-0.0008826514289271836
2023-05-18	-0.0025519681374669423
2023-05-19	0.002755351030595099
2023-05-22	-0.0020608349492450273
2023-05-23	0.0002950022477790082
2023-05-24	-0.0006881605779018862
2023-05-25	-0.00039351613307314626
2023-05-26	0.0010825766134319181
2023-05-30	0.005112039292431314
2023-05-31	0.002151811671555981
2023-06-01	0.002830381789172609
2023-06-02	-0.00253043441586831
2023-06-05	-0.0022440797378566746
2023-06-06	0.0012712424281469126
2023-06-07	-0.0035159743382903175
2023-06-08	0.001960252671073359
2023-06-09	0.0013694550039251574
2023-06-12	0.0006837910808452641
2023-06-13	-0.0019524069979509617
2023-06-14	0.0
2023-06-15	-0.003325472857928391
2023-06-16	0.0016682842630000305
2023-06-19	-0.0021553955262163527
2023-06-20	0.0035346157657825117
2023-06-21	-0.0014675817162950189
2023-06-22	-0.0033313378995079024
2023-06-23	0.004522208798194871
2023-06-26	0.002153075161930529
2023-06-27	-0.003124996973201677
2023-06-28	0.002938826577019382
2023-06-29	-0.003320925444538214
2023-06-30	0.0011760363142427899
2023-07-03	-0.0008810098282967527
2023-07-04	0.0010776977631081763
2023-07-05	-0.000880837414526825
2023-07-06	-0.0071505118397984235
2023-07-07	0.0018745307839593828
2023-07-10	9.84195621427375e-05
2023-07-11	0.0006892447470159269
2023-07-12	0.0063957644735352925
2023-07-13	0.004008639685204596
2023-07-14	-0.0013633205406565763
2023-07-17	-0.0002926027089074079
2023-07-18	0.006047627456920779
2023-07-19	-0.0020360586165926176
2023-07-20	-0.0019430384499098396
2023-07-21	0.0011680630124246694
2023-07-24	0.0017501245293753964
2023-07-25	0.0
2023-07-26	-0.003105888562705883
2023-07-27	0.005160147833912276
2023-07-28	-0.0013560576573545813
2023-07-31	0.0003879817276368769
2023-08-01	-0.014543339236732122
2023-08-02	0.0006887022357788819
2023-08-03	-0.0010815122538758715
2023-08-04	0.000393709804410447
2023-08-07	0.000295147377774585
2023-08-08	0.0026556927050620516
2023-08-09	-0.0010790720788416142
2023-08-10	-0.0007856410646777112
2023-08-11	-0.0041277461321406195
2023-08-14	-0.00019741707391152108
2023-08-15	-0.0021715647616701306
2023-08-16	0.0012860311358402488
2023-08-17	-0.0029638712521221633
2023-08-18	0.002477209715972206
2023-08-21	-0.0036571624383113788
2023-08-22	0.0020833241876474506
2023-08-23	0.0061379576683042725
2023-08-24	0.0003935935905576837
2023-08-25	-0.002065497081289447
2023-08-29	0.0024640252538525864
2023-08-30	-0.0004915487446004452
2023-08-31	0.001573834614905456
2023-09-01	-0.0011785773614388928
2023-09-04	-0.001769914558280572
2023-09-05	-0.00029549625974034655
2023-09-06	-0.0031530170613832675
2023-09-07	0.0018780512488392187
2023-09-08	0.0020718141595117423
2023-09-11	-0.0004923013872999427
2023-09-12	-0.00039394491189181924
2023-09-13	-0.000689788061772223
2023-09-14	0.003747137754615437
2023-09-15	-0.002456036916705262
2023-09-18	-0.0022651502349791963
2023-09-19	-0.0004934895229304903
2023-09-20	0.0017776051884101918
2023-09-21	-0.0028588417640748043
2023-09-22	0.0006920384949902214
2023-09-25	-0.0012843793839621975
2023-09-26	-0.00118701277608535
2023-09-27	-0.0018817712103512685
2023-09-28	-0.003969056665250492
2023-09-29	0.005678419111580624
2023-10-02	-0.002377393472261069
2023-10-03	-0.0022837427229658314
2023-10-04	-0.0010947512607141219
2023-10-05	0.0021918260963291747
2023-10-06	0.00029830410362685633
2023-10-09	0.0037765577722654875
2023-10-10	0.0012871015189896973
2023-10-11	0.001285522459639088
2023-10-12	-0.0022714137080913632
2023-10-13	0.0004949327166383632
2023-10-16	-0.0008904230872056607
2023-10-17	-0.0037627216700267807
2023-10-18	-0.0017890895943127871
2023-10-19	0.0
2023-10-20	0.0006969998467740712
2023-10-23	0.001293505009134055
2023-10-24	0.0032793584424297695
2023-10-25	-0.0014857520526857515
2023-10-26	0.0012896030747042708
2023-10-27	0.0010897623111849608
2023-10-30	0.0013854466642295726
2023-10-31	0.0016799897701726962
2023-11-01	0.0035517029220972773
2023-11-02	0.003440802889509431
2023-11-03	0.0030371074705652923
2023-11-06	-0.004883766491635688
2023-11-07	0.002159415259463504
2023-11-08	0.0023506157429606933
2023-11-09	0.00029320314408010084
2023-11-10	-0.0031259127306695333
2023-11-13	0.0001959494607390866
2023-11-14	0.0077397954138271885
2023-11-15	-0.0009721803765090353
2023-11-16	0.0009731264309291721
2023-11-17	0.0
2023-11-20	-0.0011666609553758756
2023-11-21	0.001751998334810656
2023-11-22	0.0
2023-11-23	-0.0016517506021157535
2023-11-24	-0.0006812622367320387
2023-11-27	0.004090360028214279
2023-11-28	0.0038797432764201556
2023-11-29	0.004057953323143071
2023-11-30	-0.0005773437225836675
2023-12-01	0.006547278077986052
2023-12-04	0.00019128221629305386
2023-12-05	0.003921228688625655
2023-12-06	0.0010479242552381418
2023-12-07	0.00038067105852990224
2023-12-08	-0.0034246632510031016
2023-12-11	0.000572714369704963
2023-12-12	0.0011448458970750863
2023-12-13	0.003239911663623918
2023-12-14	0.005889083907397952
2023-12-15	0.004438160660349633
2023-12-18	-0.0029144042491645594
2023-12-19	0.002640003637018662
2023-12-20	0.0019748610221868024
2023-12-21	0.001970897029168972
2023-12-22	0.0
2023-12-27	0.0027163816946846886
2023-12-28	-0.00018686849033777708
2023-12-29	-0.002055509887062379
2024-01-02	-0.003838554836497643
2024-01-03	-0.0010338403080267788
2024-01-04	-0.0040455386346032185
2024-01-05	-0.0017003618376909557
2024-01-08	0.0018924767947070542
2024-01-09	-0.0017000407049969635
2024-01-10	-0.000946059385129927
2024-01-11	0.0009469552610419374
2024-01-12	0.005298062480195709
2024-01-15	-0.003670236982947217
2024-01-16	-0.00028342691898508576
2024-01-17	-0.004346174417883764
2024-01-18	0.0007591747308770547
2024-01-19	0.0002844564721913301
2024-01-22	0.002559524864240048
2024-01-23	-0.0020801930432994276
2024-01-24	0.0015159752826126027
2024-01-25	0.003500499122655709
2024-01-26	0.0003771180884550862
2024-01-29	0.0026387595673009745
2024-01-30	-0.0018798472543429812
2024-01-31	0.0029192725441813394
2024-02-01	-0.014178423814370622
2024-02-02	-0.003714633751631169
2024-02-05	-0.003537238265630016
2024-02-06	0.001630990726951831
2024-02-07	0.0009578397764324897
2024-02-08	-0.0044019051145708366
2024-02-09	-0.0005766777976334847
2024-02-12	0.0015387192493696578
2024-02-13	-0.0019204623527400155
2024-02-14	0.0023090038304052207
2024-02-15	0.0013438221274557627
2024-02-16	-0.00249235177330398
2024-02-19	0.0002882834903006337
2024-02-20	0.0019214582061035657
2024-02-21	-0.0023012547862946153
2024-02-22	0.0009610617125244136
2024-02-23	0.0024964198984276376
2024-02-26	-0.002394406582046038
2024-02-27	-0.0019201667684798363
2024-02-28	-0.0005771215767806925
2024-02-29	0.0021174323144579343
2024-03-01	0.00038418089197223004
2024-03-04	0.0012480534643573016
2024-03-05	0.0018218663317506323
2024-03-06	9.565951871004508e-05
2024-03-07	0.003158214544945581
2024-03-08	0.0026712343074992706
2024-03-11	-0.0013320589122834958
2024-03-12	9.529474388059178e-05
2024-03-13	0.0001904986456497948
2024-03-14	-0.002381179208369777
2024-03-15	-0.0015275542865959002
2024-03-18	-0.0003824910578216212
2024-03-19	0.0007652748264210807
2024-03-20	0.0
2024-03-21	0.003441030404325085
2024-03-22	0.0015240619889376195
2024-03-25	-0.0019021965893398773
2024-03-26	0.0015246429292221642
2024-03-27	0.002949621241570277
2024-03-28	0.00047429485462813226
2024-04-02	-0.002465409998934409
2024-04-03	0.0014258700592235662
2024-04-04	0.0020882887887005985
2024-04-05	-0.0016102886183265719
2024-04-08	-0.0014231643615496559
2024-04-09	0.0020902728807898896
2024-04-10	-0.003034035186503914
2024-04-11	-0.002377555838061207
2024-04-12	0.0037178206289369964
2024-04-15	-0.0037040496367867215
2024-04-16	-0.0032412198507096868
2024-04-17	0.0016259162424385742
2024-04-18	-0.00019100803799998456
2024-04-19	-0.0007640323918840508
2024-04-22	0.002293849751164201
2024-04-23	0.0002860568180718115
2024-04-24	-0.004003795641906671
2024-04-25	-0.0016271611110028061
2024-04-26	0.0027801833219720518
2024-04-29	0.002198884897598674
2024-04-30	-0.0033387242965535746
2024-05-01	0.00028712460119662
2024-05-02	0.0022007054141981452
2024-05-03	0.0027687695383051825
2024-05-07	0.003618060432534209
2024-05-08	-0.001517917242677136
2024-05-09	-0.0012351282985080259
2024-05-10	-0.0013318054222842823
2024-05-13	0.0006667907466741951
2024-05-14	-0.001427905964029308
2024-05-15	0.0055290926846325306
2024-05-16	-0.0009481048571567952
2024-05-17	-0.0027519541002639647
2024-05-20	-9.510426476566636e-05
2024-05-21	0.001141940570009048
2024-05-22	-0.001140638029167751
2024-05-23	-0.0031404817786857553
2024-05-24	0.0007637406305935901
2024-05-28	0.00047691902594682034
2024-05-29	-0.002955735761936751
2024-05-30	0.0027732706930638784
2024-05-31	-0.004005322968726466
2024-06-03	0.005744910571576334
2024-06-04	0.0017136357921450074
2024-06-05	0.0010454344143262517
2024-06-06	-0.0013291501681828022
2024-06-07	-0.0034223842760351397
2024-06-10	-0.00209864749461397
2024-06-11	0.002294215298434654
2024-06-12	0.004768717284468149
2024-06-13	0.0001898839368834615
2024-06-14	0.001138797703897687
2024-06-17	-0.002085517349116217
2024-06-18	0.002469859832066268
2024-06-19	-0.0007580956313854026
2024-06-20	0.0
2024-06-21	-0.00018963151868289785
2024-06-24	0.002086704164529163
2024-06-25	-0.0003786172735411597
2024-06-26	-0.0015150427155067314
2024-06-27	0.000379335388193347
2024-06-28	0.0006635671271375543
2024-07-01	-0.0023683213886134258
2024-07-02	0.0013294026483150478
2024-07-03	0.002465643847842758
2024-07-04	-0.0005675674875922354
2024-07-05	0.0020823588975455998
2024-07-08	0.0015112499155953696
2024-07-09	-0.0022634902059094353
2024-07-10	0.001890508994341289
2024-07-11	0.003207887292555389
2024-07-12	-0.000940453986636558
2024-07-15	0.0007530283265770876
2024-07-16	0.0009407027166989934
2024-07-17	-0.002161482464223319
2024-07-18	0.0038613301143008982
2024-07-19	-0.00187632005923144
2024-07-22	-0.0007519675863676412
2024-07-23	0.0028219646190139613
2024-07-24	0.0010318038619434589
2024-07-25	0.0002810980036893618
2024-07-26	0.001405166518771983
2024-07-29	-0.0007483800740201163
2024-07-30	0.0024340211287519065
2024-07-31	0.006350394971496698
2024-08-01	-0.003526400104670535
2024-08-02	-0.016110968260282688
2024-08-05	-0.001703741624004551
2024-08-06	0.0017066493134774152
2024-08-07	-0.0012305241924739363
2024-08-08	0.0013268292598278553
2024-08-09	-0.0006625716618620103
2024-08-12	0.0016100559166212225
2024-08-13	-0.0006618730466179112
2024-08-14	0.001703096802136761
2024-08-15	-0.0026448134639388554
2024-08-16	0.0017047098344409317
2024-08-19	-0.00018905780184419463
2024-08-20	0.0027423254423388777
2024-08-21	-9.432418091392947e-05
2024-08-22	-0.0018862298457484883
2024-08-23	0.0017008438255829983
2024-08-27	-0.0017923067406609983
2024-08-28	0.0005669774973235953
2024-08-29	0.003211220023659145
2024-08-30	-0.0030126124190049675
2024-09-02	-0.002455166501267092
2024-09-03	0.003407805873073766
2024-09-04	0.001509468510465739
2024-09-05	0.0056518317014266906
2024-09-06	-0.00206070828307392
2024-09-09	-0.0007509088639685579
2024-09-10	0.00018790412016689295
2024-09-11	0.00037559433576217494
2024-09-12	-0.0019714522257856526
2024-09-13	0.0034804134613783955
2024-09-16	0.0
2024-09-17	-0.002062253656484603
2024-09-18	-0.0003757365759096132
2024-09-19	0.003100938138814735
2024-09-20	-0.001873507711870559
2024-09-23	0.0026278627055587034
2024-09-24	0.0017784780375851295
2024-09-25	-0.002429401186612612
2024-09-26	0.0013113468232213155
2024-09-27	0.0020580095188293956
2024-09-30	0.00028004834323835937
2024-10-01	0.003079811725200887
2024-10-02	-0.0013956226385736237
2024-10-03	-0.00046588140226178076
2024-10-04	-0.0021438826450047577
2024-10-07	-0.0009341999127947531
2024-10-08	-0.000280493503065693
2024-10-09	-0.00046759655087424967
2024-10-10	0.0
2024-10-11	0.00028070345771413763
2024-10-14	0.00046768401917351987
2024-10-15	0.0030855712059010276
2024-10-16	0.0013049905969559905
2024-10-17	0.0020480471462782646
2024-10-18	0.00037161757482495617
2024-10-21	-0.0038076120073122777
2024-10-22	-0.0011186270247287577
2024-10-23	0.0005599398762421437
2024-10-24	0.0012125478456121996
2024-10-25	-9.311074321705082e-05
2024-10-28	0.0009316917210018261
2024-10-29	-0.0018616489590809193
2024-10-30	-0.003637107216575952
2024-10-31	-0.002059093961523928
2024-11-01	0.002157153644853249
2024-11-04	0.0007487302966509013
2024-11-05	-0.0010287160762894043
2024-11-06	0.004025466264784283
2024-11-07	-0.001398615625910593
2024-11-08	0.0017740657713656294
2024-11-11	0.0033553975885880494
2024-11-12	-0.000836079572776538
2024-11-13	-0.001766407738232001
2024-11-14	0.0027009491301943633
2024-11-15	-0.0010217407264521139
2024-11-18	-0.001115785617637588
2024-11-19	0.0004654477484480335
2024-11-20	-0.0007443415384814633
2024-11-21	0.0006517662367755417
2024-11-22	0.001954025142713034
2024-11-25	0.002786061022544306
2024-11-26	-9.262952324062823e-05
2024-11-27	0.0009261690561315206
2024-11-28	0.0024058678353353624
2024-11-29	0.0025846836016263364
2024-12-02	0.0024859280135265394
2024-12-03	-0.0006429068386297754
2024-12-04	0.0013785638199113048
2024-12-05	0.00018359281047186649
2024-12-06	-0.0003670482133895092
2024-12-09	-9.181325506069093e-05
2024-12-10	0.0005507900342023309
2024-12-11	-0.0005504868315415745
2024-12-12	-0.0018360134736241651
2024-12-13	-0.0030350576737441237
2024-12-16	0.00046121237693297346
2024-12-17	-0.0010142979570950672
2024-12-18	0.0
2024-12-19	-0.0029536616728895737
2024-12-20	0.0012035260771399159
2024-12-23	-0.0008322142026380153
2024-12-24	-0.0003701732040634065
2024-12-27	-0.000555430109778654
2024-12-30	0.0010189015495034592
2024-12-31	0.0005551731170831964
2025-01-02	-0.0012022311728474566
2025-01-03	-0.0033333389847366446
2025-01-06	-0.0014863994204948883
2025-01-07	-9.306043838919198e-05
2025-01-08	-0.0009304780216363717
2025-01-09	-0.00018631155769044394
2025-01-10	-0.0004657235498268797
2025-01-13	-0.0028891442606832074
2025-01-14	-0.00037387528111065826
2025-01-15	0.004394588444266878
2025-01-16	0.0009309111508624124
2025-01-17	0.001488129344353828
2025-01-20	0.0005571838635187731
2025-01-21	0.000742545318738852
2025-01-22	9.276698440707776e-05
2025-01-23	-0.0006491671486187345
2025-01-24	-0.001670381418035105
2025-01-27	0.001673176260569953
2025-01-28	0.001670381418034994
2025-01-29	-0.0012970111773383808
2025-01-30	0.0035250208039003805
2025-01-31	0.004067317805185766
2025-02-03	-0.015282670043585633
2025-02-04	0.0012153819608329286
2025-02-05	0.0010271791400990882
2025-02-06	0.0
2025-02-07	-0.0016791073722015604
2025-02-10	0.0012147718827359988
2025-02-11	-0.0025198718489586325
2025-02-12	-0.0010291973538392174
2025-02-13	0.0038400643907485765
2025-02-14	-0.0008397459136861851
2025-02-17	-0.0015874327645780673
2025-02-18	0.00037412005436188167
2025-02-19	-0.0026177896568205794
2025-02-20	0.0012185719258164251
2025-02-21	0.0030896155659365654
2025-02-24	-0.0007467036728620036
2025-02-25	9.342552268409854e-05
2025-02-26	0.0012141333126785003
2025-02-27	0.0005597499038851872
2025-02-28	0.0024239651469120105
2025-03-03	-0.004278265428148353
2025-03-04	-0.000934041438459432
2025-03-05	-0.00832086197893056
2025-03-06	-0.002922575275626005
2025-03-07	0.0019856191398535117
2025-03-10	0.0002830874676917894
2025-03-11	-0.0020754832141803847
2025-03-12	-0.0008507878514765199
2025-03-13	-0.001230058471089257
2025-03-14	0.0009473863757918366
2025-03-17	0.002649997819347938
2025-03-18	-0.00047199405895304025
2025-03-19	-0.0006610604894484728
2025-03-20	0.0025514708358065352
2025-03-21	9.427973018882874e-05
2025-03-24	0.000377011461853094
2025-03-25	0.0002826340632124946
2025-03-26	9.420868798115656e-05
2025-03-27	0.0008475827616496456
2025-03-28	0.0009410568050691737
2025-03-31	-0.0023502866742948214
2025-04-01	0.0030154512489826146
2025-04-02	-0.0015032286587690624
2025-04-03	0.0004704841205507293
2025-04-04	-0.0007523918901252147
2025-04-07	-0.005270565257352922
2025-04-08	0.0024599725691185625
2025-04-09	-0.0014157045852266625
2025-04-10	0.0022684107452446423
2025-04-11	0.00339495103020937
2025-04-14	0.00046988178239004696
2025-04-15	0.001878859402259625
2025-04-16	0.001875264373002894
2025-04-17	0.003182068059341292
2025-04-22	0.00046641870719810186
2025-04-23	9.326870971393397e-05
2025-04-24	0.00354309793396701
2025-04-25	-0.0024156323838211424
2025-04-28	-0.0011176561750236846
2025-04-29	-0.0002797088978729878
2025-04-30	0.0001865010524038091
2025-05-01	0.00046627240538854586
2025-05-02	-0.0017709240356502676
2025-05-06	0.0007469825601726932
2025-05-07	0.003732053785594047
2025-05-08	-0.0014872993064328766
2025-05-09	-0.0006516449080005149
2025-05-12	-0.002701452442006813
2025-05-13	-0.000373630827942506
2025-05-14	-0.0006540805178464337
2025-05-15	0.002618105812821181
2025-05-16	0.0027044043369794935
2025-05-19	-0.0013950325629409344
2025-05-20	0.0007450330596430188
2025-05-21	-0.0016752006541469466
2025-05-22	-0.00018641412969311322
2025-05-23	0.0020512934331293753
2025-05-27	0.002605366856950786
2025-05-28	-0.0005568218895011245
2025-05-29	0.002228599297322109
2025-05-30	-0.0006485656872630141
2025-06-02	9.273258088149383e-05
2025-06-03	0.001668678043873273
