,Final Portfolio Value
0,1.0018607735893477
1,1.0018511130576886
2,1.0028024876287465
3,1.0041748158244503
4,1.0060530680533886
5,1.003748753631735
6,1.0049392178760828
7,1.0078499015447593
8,1.0092786939084881
9,1.0101869738067544
10,1.010297341788947
11,1.00863370449414
12,1.00517278156948
13,1.0096768872701518
14,1.011074903167332
15,1.0129911006579428
16,1.0156288239882518
17,1.0213832844410993
18,1.0226145603830947
19,1.0242924871539092
20,1.019573928687546
21,1.0197684885351657
22,1.0155689773486638
23,1.0141457908408493
24,1.016440409551839
25,1.0178155361544285
26,1.0181053618939446
27,1.0222666639190443
28,1.026088707386116
29,1.0275575369794323
30,1.0318510016112534
31,1.0320454736817608
32,1.032740439757207
33,1.0311719357245404
34,1.02874018356784
35,1.0301782602231033
36,1.0315239084862753
37,1.0320166779044053
38,1.032276032210956
39,1.0345993377206524
40,1.0359001696245973
41,1.0391336503351338
42,1.0396581032512753
43,1.0407749883619388
44,1.0389645789584008
45,1.0410686906577127
46,1.041242372037202
47,1.042851784423398
48,1.0400016437807806
49,1.0414076386692988
50,1.0347900576829951
51,1.0361760217123428
52,1.0276267102169587
53,1.0288138645723628
54,1.0242251999511918
55,1.0287944529128763
56,1.0319310432795037
57,1.038981799770111
58,1.0381617547288167
59,1.0310586955167294
60,1.032370316457994
61,1.0321962251188521
62,1.0247019815294904
63,1.0285399592240883
64,1.0274700261133427
65,1.022725650006429
66,1.0209362987456314
67,1.0228726550402243
68,1.028196576921085
69,1.0297940584763177
70,1.0308224330840818
71,1.0377316840100705
72,1.0407592657239593
73,1.0389063359465598
74,1.0381923860902318
75,1.0376917883720211
76,1.0386680890429847
77,1.0490146389273316
78,1.050892471645977
79,1.0538759260140984
80,1.0536111524564615
81,1.052313233428145
82,1.05138449171816
83,1.0510157946563705
84,1.0507008769990853
85,1.0548701854018143
86,1.059998250859758
87,1.060988187767614
88,1.0658449651298714
89,1.0663796274115778
90,1.0648567925858354
91,1.0648820172941988
92,1.062257706741872
93,1.0608871389152055
94,1.0588147221449027
95,1.0588515793840165
96,1.0601031500513776
97,1.0635391748602077
98,1.061871783534302
99,1.0610901734481302
100,1.0611584262356817
101,1.0626686084908619
102,1.0679783456808947
103,1.0694681524384402
104,1.066734434677279
105,1.069032656448576
106,1.0689969438819689
107,1.0620318473532562
108,1.063381105009581
109,1.0528728796409594
110,1.0453868160545619
111,1.0442870846875163
112,1.0472460693176362
113,1.055387474060396
114,1.0506257201893168
115,1.0495712106861457
116,1.053635771807932
117,1.047824881900925
118,1.0474797841271428
119,1.0530399200392595
120,1.0572024282076238
121,1.0560298352233288
122,1.0610041989098855
123,1.058312084441489
124,1.0538151002150826
125,1.0584965053792286
126,1.058724265559606
127,1.0636825845635998
128,1.0652768535957629
129,1.0655384025501708
130,1.0640621592572783
131,1.067462900418002
132,1.0679487493979098
133,1.0708594444736654
134,1.0698445133619867
135,1.0668411968573972
136,1.0695467201767226
137,1.0728525929568165
138,1.073337035994185
139,1.069162298626598
140,1.0679956427879966
141,1.0691658377613145
142,1.0723987567906041
143,1.0744500926018317
144,1.0718253756570966
145,1.0738178299750754
146,1.0710482176741183
147,1.0735978014053749
148,1.0747409661980294
149,1.0774896937894936
150,1.071930781085853
151,1.058493047772629
152,1.0623603541590556
153,1.064818274055111
154,1.0615745318788967
155,1.0635591805517284
156,1.0661198013062072
157,1.0730736385555948
158,1.0714870286485234
159,1.0764071989736088
160,1.0757447427618438
161,1.074734922281187
162,1.0733558323522834
163,1.073694849856301
164,1.0751626229080182
165,1.0758623733732415
166,1.0791857818700676
167,1.0787699943434816
168,1.0773922384595724
169,1.0771155351498833
170,1.0769108298427963
171,1.0751712611077566
172,1.078646195712477
173,1.0823333503075727
174,1.0836859061833546
175,1.0849403092941505
176,1.0856537067511116
177,1.083567116130138
178,1.0819354474919793
179,1.0837176307487095
180,1.083439181606975
181,1.082555185372042
182,1.0849490478212835
183,1.0847712858841743
184,1.083592948723075
185,1.0820251095647238
186,1.0808154808761405
187,1.0827480208380336
188,1.0853875956358559
189,1.086007785279089
190,1.0864080557911486
191,1.0851550614886258
192,1.0849980870972105
193,1.0739713104080577
194,1.074804788259881
195,1.0788541465366033
196,1.0763999201929069
197,1.0818256102382657
198,1.0802295038286491
199,1.0805957269464328
200,1.0835695651432569
201,1.084158344421145
202,1.088030962064215
203,1.0930097422225462
204,1.0913385714181367
205,1.0904253867308331
206,1.0883842995346313
207,1.0928354158301772
208,1.092448732759327
209,1.0933546712171693
210,1.0876921599366316
211,1.0924631146894286
212,1.0895136921656416
213,1.090240181471125
214,1.0904749619704135
215,1.092601842790714
216,1.0920656201929029
217,1.0893713307782205
218,1.0892987561348901
219,1.0895663334882013
220,1.0908171344437134
221,1.095169185960545
222,1.0941252987139565
223,1.0943491408015156
224,1.0922602174445324
225,1.089242107142111
226,1.0956880043641068
227,1.086294907700917
228,1.0903964934356234
229,1.0934347447532842
230,1.089186370933916
231,1.084834218723054
232,1.0845559229365898
233,1.0922083620988488
234,1.0964530029606425
235,1.0994023166422084
236,1.0990560289922984
237,1.0991800465908195
238,1.1029647222209407
239,1.1059944947502713
240,1.1055774602964679
241,1.1054679357951214
242,1.1069156462729142
243,1.1050547795933157
244,1.1088080923982857
245,1.105106708575091
246,1.102225831870347
247,1.08468606063213
248,1.0761178922014185
249,1.0755031501940817
250,1.0605199261838187
251,1.0459853055890813
252,1.0467914319537273
253,1.0537207435973093
254,1.0594421222316963
255,1.0526011737775973
256,1.0361266063797345
257,0.9973024395770442
258,0.991527181789201
259,0.9930987514371763
260,0.9415663740914091
261,0.94327741446416
262,0.9073949806900117
263,0.9135843141706811
264,0.8769066743419187
265,0.895165152150541
266,0.913744092869585
267,0.9086487650566015
268,0.9391877837254685
269,0.9453100869167879
270,0.9602382123572741
271,0.9473178340582691
272,0.9523967225519887
273,0.9534024443739122
274,0.9386055124674946
275,0.9391974040358884
276,0.9357133849827426
277,0.952562414058026
278,0.9582223434977313
279,0.9580180408382226
280,0.9697296378968839
281,0.9743276714971725
282,0.9598106615633761
283,0.9611515118099383
284,0.9713725369721011
285,0.9714284265890212
286,0.9559137348361944
287,0.9613506755200261
288,0.9664262345036568
289,0.9635303718653171
290,0.9743258942345969
291,0.9791656767490966
292,0.9882069590163691
293,0.981807699976037
294,0.9683164532534667
295,0.975147649660898
296,0.9680118819917976
297,0.9726469930233423
298,0.971521647890963
299,0.9693887907607572
300,0.9613608703102479
301,0.9545067195840964
302,0.955413749686832
303,0.9724526584968594
304,0.971539831793909
305,0.9771758629215024
306,0.972901909116442
307,0.9761688265511415
308,0.9842424585457452
309,0.9898691042742882
310,0.9859103180442121
311,0.9993277258630531
312,1.011709489916587
313,1.0126697912316387
314,1.0287947811720293
315,1.0263375568180788
316,1.0189561254284887
317,1.0150698072862696
318,0.9995834559502047
319,1.0023099229062387
320,1.0002917220495298
321,1.012980549091021
322,1.0155017883392994
323,1.013379689799999
324,1.0160568596644166
325,1.0137359855382426
326,1.0191954569538784
327,1.0084147799964929
328,1.01158085027963
329,1.0092967983613872
330,1.013213337290481
331,1.0139081936661003
332,1.011670662437393
333,1.0243142402138814
334,1.020803670760296
335,1.027835715997446
336,1.0244202524722785
337,1.0211850808514344
338,1.0191921952337797
339,1.0230700188251105
340,1.027351197652538
341,1.0258492316781012
342,1.03296788359048
343,1.032366602679588
344,1.031874691676566
345,1.0368267911562057
346,1.0394712154059276
347,1.0364394613964323
348,1.036651784222166
349,1.0286587489836179
350,1.0292609975520337
351,1.0294064683362616
352,1.0286719118220136
353,1.0190154032847725
354,1.0150295958826934
355,1.0218913433150059
356,1.02382995440104
357,1.0245144071153218
358,1.0234435253759844
359,1.0244640155153524
360,1.0264728013700686
361,1.0329174800298644
362,1.035970532547126
363,1.0319644385511222
364,1.0272986814975502
365,1.0284538642805752
366,1.0271576594999203
367,1.0311318981120767
368,1.026946629717256
369,1.0256777597126758
370,1.0332234544161212
371,1.0298734556933007
372,1.03257834207107
373,1.0294904889130598
374,1.027918481443929
375,1.029092987094826
376,1.0388717373463692
377,1.0353947734121278
378,1.0291202964441002
379,1.0351685299155509
380,1.0307812937082415
381,1.0361503298716073
382,1.0337322178264374
383,1.0363360972073286
384,1.0366505632422847
385,1.0390167405371638
386,1.0401487604266348
387,1.0379016971605786
388,1.033756780844254
389,1.020592670178296
390,1.020369336388022
391,1.0228904094791171
392,1.0192745755511021
393,1.0170750170021723
394,1.0272273640558927
395,1.026680316325804
396,1.0243048487810067
397,1.0252723699174187
398,1.0251005779562365
399,1.0284860637830007
400,1.030391683679909
401,1.030212325837943
402,1.0338045702753778
403,1.0363694838079742
404,1.0404568618132832
405,1.0386214497394068
406,1.0382131067210583
407,1.029255078394034
408,1.036470284805098
409,1.035823066302149
410,1.0334465582170433
411,1.0277994685813991
412,1.0261540013202959
413,1.029492823875653
414,1.0187120809359453
415,1.0165609614184623
416,1.0030047951698828
417,1.0037506108037142
418,1.0029856358613762
419,1.010811244453758
420,1.0198434624681263
421,1.0278934225031757
422,1.0353074679832663
423,1.0338509205714794
424,1.0541607732542708
425,1.0573070777986247
426,1.0608915037037572
427,1.0573105163980423
428,1.0582016563536683
429,1.0630595188005594
430,1.0642222051397243
431,1.0657545856691129
432,1.0628109734801954
433,1.0648684115558247
434,1.0641112745894727
435,1.0695966119712343
436,1.0698787581709392
437,1.0701793738461243
438,1.072000757699406
439,1.0674465137475562
440,1.069574734793617
441,1.069223527979209
442,1.0702627262965425
443,1.0727703593217035
444,1.0729442678514816
445,1.073494302357094
446,1.07362016465733
447,1.0727461480292235
448,1.0697722688903313
449,1.0712195528674737
450,1.0732427047662343
451,1.0740017156021564
452,1.076598016440586
453,1.0745549172662516
454,1.063685617529741
455,1.0695852514187545
456,1.0722295145544751
457,1.07411064398695
458,1.0727317957714222
459,1.0729809124376521
460,1.070503822069264
461,1.0766226920946478
462,1.078050515560985
463,1.0809115827242486
464,1.0769062329033683
465,1.0738081954236858
466,1.076529542615912
467,1.079873913859533
468,1.0743287149385572
469,1.0740768704237675
470,1.0737462409518004
471,1.07708211288151
472,1.0750353337713823
473,1.0733434146723875
474,1.0695495852619321
475,1.0735253083524259
476,1.066997609280931
477,1.0688652602523683
478,1.0600953968358944
479,1.0641209064120811
480,1.0698945972061387
481,1.0720915956107913
482,1.0755412518186218
483,1.0769446451934743
484,1.078090833491398
485,1.077683019614242
486,1.075798635535567
487,1.0791653187138817
488,1.0803388023580824
489,1.0833156283054464
490,1.0812204927889355
491,1.0786478519405074
492,1.0748461768127284
493,1.0779986908451242
494,1.077550647719113
495,1.0747911009017244
496,1.0760650173282371
497,1.0701420369491295
498,1.0657457667994887
499,1.0779269442967507
500,1.0779510486604393
501,1.0761734942056045
502,1.0759633196503842
503,1.0711485695339817
504,1.0812658149706156
505,1.0847708112193595
506,1.0885320386928061
507,1.092962469413245
508,1.0899235359042934
509,1.090967557989656
510,1.092653592174137
511,1.0904753023218468
512,1.0917444671777576
513,1.0894818663643306
514,1.089909669421417
515,1.090182857476877
516,1.0917032852526434
517,1.0923132416215937
518,1.0950288214080182
519,1.095540823691506
520,1.0993998764495565
521,1.1000985489790012
522,1.1044308247368788
523,1.1061735899582712
524,1.1047902747770182
525,1.1076488517610235
526,1.1061010247254213
527,1.1042342677781072
528,1.1042628070625864
529,1.1041843555421944
530,1.1084378971271174
531,1.1112770211123526
532,1.10868307380199
533,1.1008818963377733
534,1.1055161310022488
535,1.1091326010769516
536,1.1092041292612678
537,1.1100561710429784
538,1.1086561460562885
539,1.1080770908014381
540,1.104617179324578
541,1.1026385636473095
542,1.0953904655005395
543,1.1034769203271702
544,1.1029588293760053
545,1.1060951966789467
546,1.1052342436375797
547,1.0943902921392428
548,1.0928802535128042
549,1.1008319529903219
550,1.099252879717542
551,1.0987751272832549
552,1.0911503975063446
553,1.0982469381900115
554,1.102251704820254
555,1.105260354417329
556,1.1058619263932155
557,1.1057040041415536
558,1.109709217470404
559,1.1131816953102094
560,1.1158308693483676
561,1.1144107283148244
562,1.1165942664672381
563,1.1168765156092044
564,1.117978943655884
565,1.1190070842262796
566,1.1188505594831055
567,1.12352537284189
568,1.1232475425296549
569,1.1236440986115916
570,1.1253030237012762
571,1.1251927531570607
572,1.1168116086529942
573,1.118993547645276
574,1.1197992897323863
575,1.1153188795229814
576,1.1203832715269602
577,1.1189071138905557
578,1.1166115569871014
579,1.118524009721515
580,1.1153081610911963
581,1.1167396406472425
582,1.1187622486301494
583,1.1182687896073782
584,1.116752919552125
585,1.1203047812324258
586,1.1103368988736098
587,1.1186036705435558
588,1.122041069661241
589,1.122257200271906
590,1.1234939078242194
591,1.118795206852678
592,1.1176796827830269
593,1.1065678692631464
594,1.110514742420074
595,1.1175391876307987
596,1.1224105671104638
597,1.1283324424100534
598,1.127260731757744
599,1.1239178112002999
600,1.1284621489870932
601,1.129927145581965
602,1.1276940087849612
603,1.1296040348989982
604,1.1300107659262038
605,1.1332600803974269
606,1.135715294349159
607,1.1355644556031381
608,1.1358986005106393
609,1.1371531720608008
610,1.1388406707213679
611,1.1413696981105248
612,1.1417884790664266
613,1.1387331173071014
614,1.1378526420540775
615,1.137655855054232
616,1.130572680808688
617,1.1334061787138419
618,1.1358031592923792
619,1.1359177820739055
620,1.1336567324437359
621,1.1321079639152432
622,1.1346394102082946
623,1.1327924250935648
624,1.135801999754683
625,1.1368899507961228
626,1.1326344355161284
627,1.1377850893468509
628,1.1333767216935564
629,1.1286275087923063
630,1.1305225769479914
631,1.1288009705753108
632,1.1309298622289943
633,1.1317234861907184
634,1.1256203707700878
635,1.128099111210441
636,1.1229069494395645
637,1.1140466835942582
638,1.1206400330556372
639,1.1265302136888913
640,1.1289444039801857
641,1.1239582815280125
642,1.124634703075592
643,1.1116405966149085
644,1.1148422138420058
645,1.1104127298632775
646,1.110016070740979
647,1.1052939248716895
648,1.1119567665333558
649,1.1057081469706875
650,1.115502053211974
651,1.1112656514730244
652,1.1100192375712001
653,1.1070617012519581
654,1.1114346200903562
655,1.1211439775265875
656,1.1243614471414363
657,1.11980337222474
658,1.1200941044212809
659,1.1215226371917104
660,1.11871945129244
661,1.1223185240929534
662,1.1230663034392334
663,1.1271154326310668
664,1.1287097341313677
665,1.1292406685409764
666,1.1282187596306725
667,1.1313096042803126
668,1.1358219411203163
669,1.1377178231592726
670,1.1430679999176299
671,1.1484126937375103
672,1.1460227387881146
673,1.147236297920949
674,1.1452977777822668
675,1.1452911121274518
676,1.14736823774092
677,1.1480319309409812
678,1.1494649212776384
679,1.1486228616005745
680,1.1486973418043074
681,1.1479899383890189
682,1.143790105111329
683,1.1352000577416672
684,1.1335372867535989
685,1.1354502281789125
686,1.1148210904295341
687,1.1170093042315512
688,1.11313471873149
689,1.1259091917424175
690,1.1199595901312276
691,1.117109970407175
692,1.1241654884566388
693,1.1398037737267481
694,1.1322887416407366
695,1.1308975479738435
696,1.130181875938714
697,1.1296528067107274
698,1.1246780118015343
699,1.1263027946602604
700,1.1301165491271323
701,1.1270387750574815
702,1.1206751149057042
703,1.125147330780251
704,1.129477527507388
705,1.1334373097101476
706,1.1288979341095042
707,1.1311158099815448
708,1.1343316816643072
709,1.1365750751048584
710,1.1281408902913557
711,1.1252573127379193
712,1.1176283735592087
713,1.121578126732558
714,1.1265197012248884
715,1.127335537341495
716,1.1208625844904432
717,1.122942481261452
718,1.1176746306913317
719,1.1188474770233905
720,1.1230845475866522
721,1.1163590500135656
722,1.0977887887546243
723,1.099558372101915
724,1.108443224853411
725,1.1102227037250703
726,1.1036519785208823
727,1.1056949725767031
728,1.108946771692211
729,1.10874943025137
730,1.0934150043226563
731,1.0834517334606806
732,1.085711698099243
733,1.085392005977705
734,1.095710438738834
735,1.091310082597058
736,1.0863014613908493
737,1.0761951417370992
738,1.0841173624542673
739,1.0846063821741074
740,1.083347996081312
741,1.0797850127830584
742,1.0689891093290191
743,1.0673803417832417
744,1.0657306357611305
745,1.0516800529047914
746,1.0666692445097825
747,1.063016166436862
748,1.0551179877325578
749,1.0571694687489743
750,1.0493726062110111
751,1.030177843668211
752,1.0210951263657215
753,1.0181865085151782
754,1.0447610616537868
755,1.0275812406490672
756,1.0313434446482825
757,1.0342697454743992
758,1.0349549004471779
759,1.0512624728107118
760,1.0520282730193076
761,1.0542439841048936
762,1.0491467546552644
763,1.0523282448773927
764,1.0473005414673404
765,1.0452583022040303
766,1.0445777476977003
767,1.046535417920522
768,1.0585158381231177
769,1.051769652829996
770,1.0490450511948606
771,1.0500023136522842
772,1.0551691928060587
773,1.0477500205355106
774,1.0355847673079754
775,1.0319289769822024
776,1.037090386260772
777,1.0310115940569564
778,1.0316980824945499
779,1.031226923578903
780,1.0318360097086445
781,1.027174790484752
782,1.0361179901733069
783,1.0366202485908558
784,1.0243966998570713
785,1.0197028356172668
786,1.0147593408147315
787,1.0155555780436023
788,1.0174301082199748
789,1.0180183809112826
790,1.0215726488937267
791,1.0154496710899314
792,1.010021172192367
793,0.9987787715471684
794,0.987558561571896
795,0.9942638936127199
796,1.006313563162154
797,1.0064545704060899
798,1.0149655073790418
799,1.0126761870425898
800,1.0154598098698648
801,1.0101760492280216
802,1.0051303432143595
803,1.0069079798579115
804,1.01016234934918
805,1.005061302956288
806,1.0089471499727236
807,1.0242553064654756
808,1.0257478298980334
809,1.0165834166961223
810,1.0121357894306788
811,1.0161356005473992
812,1.0119606207792458
813,0.9995326092229585
814,0.9815305644335658
815,0.962353660601322
816,0.9557514464699217
817,0.9669450474153222
818,0.9535503965482905
819,0.9568976646452372
820,0.9576566094336115
821,0.9606857728340015
822,0.9608045698390887
823,0.9632715391951796
824,0.9736307060301046
825,0.9712087287508403
826,0.9688145598158722
827,0.9687673430810358
828,0.9645232604569643
829,0.9705755743816717
830,0.9672593634259924
831,0.9619772811395791
832,0.970579493065977
833,0.9761780860427706
834,0.9774624826958855
835,0.9766651329052206
836,0.9830962394337432
837,0.9775879951956284
838,0.9683025131884421
839,0.9799503810106418
840,0.9815958759171353
841,0.9895179238576067
842,0.9905575657114196
843,0.9919240463417806
844,1.001127217373227
845,1.0016632625602315
846,0.999136416446732
847,1.002667773230763
848,1.0144527541274375
849,1.0218110656371042
850,1.016495933883582
851,1.0200041542012992
852,1.0235322716698632
853,1.0158855536933016
854,1.02126012862288
855,1.015055678568197
856,1.0204771611158554
857,1.0190692937199666
858,1.0211950208355913
859,1.025616581256692
860,1.0227547745103545
861,1.012797220461194
862,1.0139542842829363
863,1.003467799620254
864,0.9919572973121433
865,0.9912432250478425
866,0.9915267644440322
867,0.9946739654260552
868,0.9836066768072886
869,0.9794686718108454
870,0.9725155329102873
871,0.9644636172021389
872,0.9775226016907765
873,0.9686991141166262
874,0.9692361742540063
875,0.9715813515081486
876,0.9687307196451508
877,0.9754969100096016
878,0.9865931049765138
879,0.9763844507995203
880,0.9750646504878167
881,0.9704743823580498
882,0.9643407792276988
883,0.9557798449337354
884,0.960478660495805
885,0.9498466634784262
886,0.9387301412225427
887,0.935387293828462
888,0.9291036980010718
889,0.9325557683529717
890,0.9241437930391775
891,0.9323005662638157
892,0.9405411306904952
893,0.9594210861071844
894,0.9491687418522408
895,0.9447706176719924
896,0.9348929067889991
897,0.9300869906062672
898,0.9284513303307931
899,0.9247910194015253
900,0.9297065681588443
901,0.9298782587693
902,0.9394394622724016
903,0.9422438322064831
904,0.9405046230827301
905,0.9426904001677345
906,0.9400618288206803
907,0.9491839743009131
908,0.960849491803456
909,0.9646719230441699
910,0.9699109654328547
911,0.9669771913359891
912,0.9617184376721335
913,0.9699861015294853
914,0.9672406395965547
915,0.9605608128838015
916,0.9714757432875861
917,0.9731441369427678
918,0.9780280642354077
919,0.9789885111218164
920,1.0003925021318714
921,0.9983981511018699
922,1.0003802262748984
923,1.0060580867992002
924,1.0047730257274012
925,1.0032995350771516
926,1.0103494944441054
927,1.0092292745740572
928,1.012625520825989
929,1.01627424268219
930,1.0209850574856703
931,1.016894427255096
932,1.0135231686796893
933,1.0161867613746078
934,1.0193489620903515
935,1.0263305367918338
936,1.0245755605828897
937,1.0222148288123607
938,1.0218926847221668
939,1.02097747207712
940,1.019874543449394
941,1.0184936936154585
942,1.0165674279845258
943,1.0258619433741398
944,1.022696845389016
945,1.000483777594641
946,0.9939550904626209
947,0.9936661831501173
948,0.98969199335304
949,0.9984046822935387
950,0.9913364681530886
951,0.9899872468253706
952,0.9860799551749961
953,0.9928539595113489
954,0.9849322833912258
955,0.9976587484228697
956,1.0109515649944092
957,1.007717230311615
958,1.0175309562481374
959,1.023097275263325
960,1.019468532189602
961,1.0278530300558264
962,1.033195104344759
963,1.0359276349316202
964,1.0364907024961065
965,1.0421612203241946
966,1.0454683188405753
967,1.0340154945342188
968,1.033143831920951
969,1.0360892015492926
970,1.0379108478542676
971,1.0373737945268346
972,1.0390565194334644
973,1.0385765626022374
974,1.033859573358517
975,1.035229748010673
976,1.033206552297652
977,1.0505299748361527
978,1.0486363034691624
979,1.0391271020086847
980,1.0389080401238606
981,1.0373068390585365
982,1.043498608632378
983,1.0349812153396465
984,1.0397189236342532
985,1.0373475110809123
986,1.0408025105594305
987,1.0432584421226656
988,1.0407803354170642
989,1.0397901484494525
990,1.0342716226772948
991,1.0337999730715333
992,1.0376053405694354
993,1.0257626339499475
994,1.0325794143720113
995,1.0291000736973195
996,1.024258399384507
997,1.0267428331551667
998,1.033726963776436
999,1.0354367319889468
1000,1.0320637569359148
1001,1.0345105460827304
1002,1.0348343286373067
1003,1.0317476300075061
1004,1.0215369075902088
1005,1.026326641410299
1006,1.017809570412613
1007,1.0235228229774145
1008,1.0193732299345846
1009,1.0279981256351918
1010,1.032526811141001
1011,1.0324889401263169
1012,1.0376687663835102
1013,1.0300451853965145
1014,1.031248428282586
1015,1.02985664181454
1016,1.0372621431718563
1017,1.0415455214266744
1018,1.048484833452493
1019,1.0496758954188676
1020,1.0494650878968388
1021,1.0504285396196122
1022,1.0515379742466149
1023,1.0501875599925155
1024,1.0490152992388617
1025,1.0525094080310127
1026,1.0541721538306423
1027,1.0507125689480095
1028,1.054271217570067
1029,1.05270944485888
1030,1.0534820050888614
1031,1.0550754463434093
1032,1.0537764989604563
1033,1.0541135664104775
1034,1.0503569334260494
1035,1.0492394065678927
1036,1.0541613898757856
1037,1.0481001743619538
1038,1.0498928977394621
1039,1.0487937897095123
1040,1.0525815745755391
1041,1.0484965429553492
1042,1.0482289144177388
1043,1.0505015681721173
1044,1.0500455132938524
1045,1.0487798765108278
1046,1.046799606913071
1047,1.0474659801152515
1048,1.0569978047606243
1049,1.0548018625589453
1050,1.049786161635719
1051,1.0410985213341462
1052,1.0410822335619005
1053,1.048473634018914
1054,1.0465667335210127
1055,1.0403426248877077
1056,1.0462771263520914
1057,1.0521186270714615
1058,1.046962061178088
1059,1.0476451909167577
1060,1.0448427235118904
1061,1.0466658199964134
1062,1.047280953496509
1063,1.050552951028179
1064,1.0527505707712574
1065,1.0556057979171098
1066,1.0526192936160168
1067,1.0574702097097723
1068,1.0519528096399056
1069,1.0528604380977915
1070,1.049768174709865
1071,1.045765806169548
1072,1.0455877327269918
1073,1.0479332983338725
1074,1.048768319636674
1075,1.054737762345212
1076,1.0531516932418876
1077,1.0589272802393346
1078,1.0577543605731066
1079,1.0569885726595654
1080,1.051912944667663
1081,1.0331882347519838
1082,1.0355719042854388
1083,1.0374583156318709
1084,1.0406217704112388
1085,1.0524788509174678
1086,1.0588990800023232
1087,1.058989433483247
1088,1.0544957395944654
1089,1.0598406861283531
1090,1.057393625623921
1091,1.0573452124336158
1092,1.060256717937235
1093,1.0605250850800014
1094,1.0611878385502391
1095,1.054277995392073
1096,1.067664725130772
1097,1.0688532463702258
1098,1.0694340665369015
1099,1.05499977200361
1100,1.0506635112765585
1101,1.0542312485683596
1102,1.05447380424337
1103,1.0518581263685896
1104,1.0541888979962377
1105,1.060858801046358
1106,1.051247420035813
1107,1.051879619810094
1108,1.0457886301459967
1109,1.0460778372123525
1110,1.0380232943932775
1111,1.038376011119178
1112,1.0370924282432816
1113,1.0429292576704783
1114,1.0477572539047095
1115,1.044061539063995
1116,1.0433257290183147
1117,1.0486900098044964
1118,1.0469719310086982
1119,1.0465986759741313
1120,1.0432385371201756
1121,1.0419203558690648
1122,1.039995003873921
1123,1.0347864857235622
1124,1.0342535463566134
1125,1.0369851891001707
1126,1.0380124279034288
1127,1.0364601548523347
1128,1.033864968689778
1129,1.04232995100331
1130,1.0417067884258968
1131,1.0348878354767588
1132,1.0341218136330654
1133,1.0391259031399669
1134,1.0306295452825611
1135,1.0301606263722547
1136,1.0244291776479684
1137,1.0196371875547101
1138,1.0186183497578474
1139,1.01877113670065
1140,1.0237768777580056
1141,1.0180048340197505
1142,1.0118991516445452
1143,1.012638323402791
1144,1.013671111651682
1145,1.0183462537544452
1146,1.0177325766873135
1147,1.0286637050662213
1148,1.029791935631438
1149,1.0276053031148549
1150,1.0215275248828268
1151,1.0221016021147435
1152,1.0197143681472167
1153,1.013422235219202
1154,1.0119307775452555
1155,1.0054100207737628
1156,1.0084599698836159
1157,1.0122308574360384
1158,1.0115570854964755
1159,1.0102580382765858
1160,1.0072351482643855
1161,1.0096356653560576
1162,1.0140312222184358
1163,1.01930997102798
1164,1.0299029841021956
1165,1.0329332795849293
1166,1.0279187695996157
1167,1.0292497406768226
1168,1.0336525274707462
1169,1.0387291525646727
1170,1.0333974385527598
1171,1.0372659230166599
1172,1.0484973589208448
1173,1.05012300480622
1174,1.050103921087225
1175,1.0542008864356331
1176,1.0538165021396138
1177,1.0541492439669822
1178,1.056349237477362
1179,1.0559499723157038
1180,1.0565936306795116
1181,1.0573857286956014
1182,1.05897408329937
1183,1.0639632238352688
1184,1.0645266359947014
1185,1.0724950539735991
1186,1.072175363382834
1187,1.077678661799088
1188,1.0813689558832267
1189,1.083596088424416
1190,1.0863581522774273
1191,1.0884085838540076
1192,1.089156590724568
1193,1.0906640319465017
1194,1.0951283335589028
1195,1.0994677992325808
1196,1.0943242223712355
1197,1.0983608501499833
1198,1.0995893145263498
1199,1.0997220562233998
1200,1.09936362538726
1201,1.1020792950014608
1202,1.099558051615257
1203,1.098549207408615
1204,1.091015534019566
1205,1.0908996473376724
1206,1.0885569020040653
1207,1.0919530581357835
1208,1.0882769693709244
1209,1.0879765731515527
1210,1.0855998595668195
1211,1.0929021459874222
1212,1.0878316703690623
1213,1.0867460151732544
1214,1.0793114560564692
1215,1.0847479112560512
1216,1.0846953968956026
1217,1.0895124836296104
1218,1.086072391788365
1219,1.0975126358792404
1220,1.1018483411641884
1221,1.1076697089444685
1222,1.1101583027314998
1223,1.111293646216133
1224,1.1123775958855548
1225,1.106391247754766
1226,1.1054041873287894
1227,1.1028908003838165
1228,1.1076052520137203
1229,1.1062690821676398
1230,1.1074768306159324
1231,1.107375034407967
1232,1.1118135926821306
1233,1.1046712748538439
1234,1.1087286223932333
1235,1.1127621635829257
1236,1.1138943100087482
1237,1.1134632183638054
1238,1.1145011999817722
1239,1.1140708332498024
1240,1.1236263497923704
1241,1.1276016750804156
1242,1.124527047875467
1243,1.1257930003618453
1244,1.125479858137405
1245,1.1266463304858343
1246,1.1281060105245444
1247,1.130954435186008
1248,1.1311213583197204
1249,1.1338053693479422
1250,1.1419483395476302
1251,1.141893265218155
1252,1.1375628584938728
1253,1.143224991197049
1254,1.1448026170031746
1255,1.1422619273791679
1256,1.140577858441174
1257,1.1400661580634468
1258,1.1429393506354446
1259,1.1423739548033505
1260,1.1497603323856993
1261,1.148978580401244
1262,1.1489089341308596
1263,1.1521744053897158
1264,1.1559057992654116
1265,1.155859072896158
1266,1.1484398798552709
1267,1.1520936130356703
1268,1.1540878513548987
1269,1.1466794015905997
1270,1.1492396469238093
1271,1.145278158634499
1272,1.1443782963608662
1273,1.1389298087906397
1274,1.140781929719741
1275,1.141213663803924
1276,1.1319258211076866
1277,1.1324968984521302
1278,1.1345346310086697
1279,1.1323568693012764
1280,1.1356447294926932
1281,1.1432346853618423
1282,1.138325008848181
1283,1.1317491329449414
1284,1.141115446969716
1285,1.1400709369941593
1286,1.1316099017245185
1287,1.129522360643357
1288,1.1346129137520753
1289,1.1430802032024998
1290,1.1443547704530206
1291,1.148631636354547
1292,1.148345139188972
1293,1.1473372868679328
1294,1.1536395800073032
1295,1.1498786233266394
1296,1.1471112707754754
1297,1.1459505795722165
1298,1.1427112927515877
1299,1.1421110511845989
1300,1.1423991167241527
1301,1.1386899678567233
1302,1.1289975689478347
1303,1.1326022015224313
1304,1.131260539259979
1305,1.1367079432854845
1306,1.1325757774238636
1307,1.1425023556049971
1308,1.1449598784887396
1309,1.1405639722786771
1310,1.1344957799766044
1311,1.1301740374303837
1312,1.1411155496818477
1313,1.1307233585336214
1314,1.121766386827746
1315,1.1247854925710177
1316,1.1301842036388074
1317,1.1261800291540016
1318,1.1329298785566502
1319,1.1284721519725547
1320,1.1339071045274038
1321,1.1324193666254427
1322,1.1289129873087127
1323,1.127320603615358
1324,1.1263525852757148
1325,1.1279849461271287
1326,1.1262001442039111
1327,1.1346132008268137
1328,1.1365201475578106
1329,1.1372906099409648
1330,1.1373524833573416
1331,1.1283141281537485
1332,1.1361207248276226
1333,1.1403622929029498
1334,1.1468584997775921
1335,1.141181323851645
1336,1.1384728176627485
1337,1.1316287205685054
1338,1.131074645385857
1339,1.12468117570988
1340,1.1318112045223303
1341,1.1353332450848992
1342,1.1295379749188585
1343,1.124829471322988
1344,1.131036614207616
1345,1.126328263556007
1346,1.130312894245873
1347,1.1369524673882987
1348,1.106423911182328
1349,1.0983844756177326
1350,1.099534671636861
1351,1.10803825811222
1352,1.1085369080355003
1353,1.109849183092056
1354,1.1102103568124908
1355,1.1134017598357713
1356,1.1175722946369426
1357,1.1238245955058908
1358,1.127877002637868
1359,1.13153886275123
1360,1.1317951441761882
1361,1.1349700748163072
1362,1.1336292602839044
1363,1.1373903896024562
1364,1.1360865098990125
1365,1.1381526249795602
1366,1.1449900554508172
1367,1.1427105686237564
1368,1.1429677543697245
1369,1.1384862552465467
1370,1.1333015027166993
1371,1.1321237442747365
1372,1.123564972234082
1373,1.1276061774612116
1374,1.12453433680889
1375,1.12759010376387
1376,1.1315105479224041
1377,1.1361972239006235
1378,1.1347898728179253
1379,1.137382301338384
1380,1.1333454117494268
1381,1.146218364266926
1382,1.1376123635334598
1383,1.1406152762531965
1384,1.1478910936308002
1385,1.14361677666384
1386,1.156778068393898
1387,1.1619792733102956
1388,1.1549736064402572
1389,1.1528067003313673
1390,1.1523889677041326
1391,1.146887213570135
1392,1.148803107153092
1393,1.149540418342909
1394,1.1472681718594302
1395,1.1504022072732845
1396,1.1495345292053811
1397,1.1527854238966064
1398,1.1570386465953824
1399,1.149059433879542
1400,1.1465181831769402
1401,1.1512302570546686
1402,1.1559876221618137
1403,1.147791721722982
1404,1.1464527937418725
1405,1.1451756420062769
1406,1.1481844188143993
1407,1.1483658297560355
1408,1.1516739033228711
1409,1.1481216336390405
1410,1.139253389305648
1411,1.1318695651361148
1412,1.1379532187989314
1413,1.1360795051127357
1414,1.1370718374902538
1415,1.131024926257176
1416,1.135344482804538
1417,1.1319572599698913
1418,1.139604634130118
1419,1.1271528573444578
1420,1.1260354177166696
1421,1.1375649390858373
1422,1.1331661739056211
1423,1.132080574463851
1424,1.1285809948349714
1425,1.1257571636109927
1426,1.1291161947921649
1427,1.134392740562538
1428,1.1369469012945455
1429,1.1329966150955102
1430,1.131088340700834
1431,1.1354588488643729
1432,1.1422485549549724
1433,1.148278931013678
1434,1.151487212717123
1435,1.1562722915231918
1436,1.1598823764765558
1437,1.1626543598496264
1438,1.1633538643618624
1439,1.1598498623512827
1440,1.1602558441624897
1441,1.1587087291377651
1442,1.157287681852164
1443,1.154814928682719
1444,1.1542742981392475
1445,1.1557647470214256
1446,1.1450797929786507
1447,1.1442136552497766
1448,1.142195984661734
1449,1.1457602870261243
1450,1.1435422425170072
1451,1.1415704261466386
1452,1.1532747201631626
1453,1.1557663316744913
1454,1.1530161371823957
1455,1.154459901675491
1456,1.149623177937779
1457,1.1455333554770228
1458,1.147608735255493
1459,1.1570070716042944
1460,1.1652047499729614
1461,1.170568308933078
1462,1.1730590284996043
1463,1.173853012337363
1464,1.177944308116548
1465,1.1788688605979194
1466,1.1779728189854508
1467,1.1757264652605823
1468,1.1769352353594364
1469,1.1798786745277954
1470,1.1878783786911442
1471,1.190629100877819
1472,1.1789921755965407
1473,1.184343006312225
1474,1.1862518545091925
1475,1.1951979610674441
1476,1.1911845585869276
1477,1.1953016411553206
1478,1.1967511489737848
1479,1.197292873832492
1480,1.21021027907674
1481,1.2089064595436902
1482,1.2102307270974717
1483,1.2120247137258646
1484,1.2021526019744122
1485,1.2028124951805672
1486,1.2063323537068895
1487,1.203690817128448
1488,1.2036913521119903
1489,1.213105963006384
1490,1.2076602309187296
1491,1.2076914733745974
1492,1.2129789608982118
1493,1.1959437643379267
1494,1.1998813989170451
1495,1.2009114921398947
1496,1.1964989625896871
1497,1.187570482796179
1498,1.1782463923659068
1499,1.1834456639375643
1500,1.1798345280553277
1501,1.1881268802970193
1502,1.19481333606676
1503,1.1987393295135544
1504,1.2013085361105236
1505,1.1959163381694113
1506,1.193511502503286
1507,1.1927498705526303
1508,1.1990031779187815
1509,1.1923500634094593
1510,1.1896092791628794
1511,1.1850145756947776
1512,1.1753894339851896
1513,1.1851168546451993
1514,1.1821044679703259
1515,1.1628206277696405
1516,1.1380333382926249
1517,1.1114201979253835
1518,1.1245390246681621
1519,1.1081852650793214
1520,1.12994751887775
1521,1.1291670455927991
1522,1.1435947323139188
1523,1.1498247350386053
1524,1.150797867625073
1525,1.1490932349453873
1526,1.152803100663925
1527,1.166893705035788
1528,1.171317424950693
1529,1.1741137701563842
1530,1.1749439853678818
1531,1.1740202959487065
1532,1.1745896108229474
1533,1.185902888012311
1534,1.1839916423222627
1535,1.1828896488306209
1536,1.1881133822899548
1537,1.1894779912212385
1538,1.1960666240321003
1539,1.19830309849228
1540,1.196288208403399
1541,1.1997075658048637
1542,1.2027417576234387
1543,1.2023755162717806
1544,1.2053858172591878
1545,1.2039745075722494
1546,1.2005258857159513
1547,1.1916015104541278
1548,1.1955589880625679
1549,1.1911985886053227
1550,1.1898708013099486
1551,1.1884274793057985
1552,1.1898607432161143
