time	VGEA.DE
2019-02-20	-0.0004360198974608931
2019-02-21	-0.0010124043190523624
2019-02-22	0.0012097136807209807
2019-02-25	0.0010483015408819796
2019-02-26	0.000503590886605787
2019-02-27	-0.0030280248303978796
2019-02-28	-0.00041674767758514975
2019-03-01	0.0013789831077628545
2019-03-04	0.0
2019-03-05	0.0011608553527961973
2019-03-06	0.0
2019-03-07	0.0
2019-03-08	0.0
2019-03-11	0.007397019762068746
2019-03-12	0.0
2019-03-13	0.0
2019-03-14	0.0
2019-03-15	0.0007541578610925637
2019-03-18	0.001665733946432324
2019-03-19	-0.001623391089987547
2019-03-20	0.0
2019-03-21	0.0
2019-03-22	0.00824906531218561
2019-03-25	-0.0014160879899682843
2019-03-26	0.0
2019-03-27	0.0
2019-03-28	0.002284656184751155
2019-03-29	0.0
2019-04-01	0.0
2019-04-02	0.0
2019-04-03	0.0
2019-04-04	0.0
2019-04-05	0.0
2019-04-08	-0.0032225909238239314
2019-04-09	0.0
2019-04-10	0.0
2019-04-11	0.0
2019-04-12	0.0
2019-04-15	-0.0016954293045836621
2019-04-16	0.0
2019-04-17	0.0
2019-04-18	0.0
2019-04-23	0.0
2019-04-24	0.0
2019-04-25	0.0
2019-04-26	0.003673002097480893
2019-04-29	0.0
2019-04-30	0.0002754483710305511
2019-05-02	0.0
2019-05-03	0.0
2019-05-06	0.0
2019-05-07	0.00133754510725681
2019-05-08	0.0
2019-05-09	-0.0012178886129100563
2019-05-10	0.0
2019-05-13	0.0009046457739358971
2019-05-14	-0.0006680142885497897
2019-05-15	0.0016122717167261769
2019-05-16	0.0
2019-05-17	0.002826874969811488
2019-05-20	-0.0016443433245485473
2019-05-21	-0.0008235258214613905
2019-05-22	0.0
2019-05-23	0.0
2019-05-24	0.004160249324504095
2019-05-27	0.00015640482997203442
2019-05-28	-0.00023449601915803697
2019-05-29	0.00472971461716587
2019-05-30	0.0
2019-05-31	0.0
2019-06-03	0.001789586295169121
2019-06-04	0.0
2019-06-05	0.0
2019-06-06	0.005631085738394992
2019-06-07	0.004634057917106027
2019-06-11	0.0
2019-06-12	0.0
2019-06-13	-0.0023832510518094763
2019-06-14	0.0
2019-06-17	0.0019651137375993333
2019-06-18	0.0
2019-06-19	0.006845081466100078
2019-06-20	0.0
2019-06-21	0.0
2019-06-24	0.0
2019-06-25	0.0028264194675158283
2019-06-26	-0.0010283526322587555
2019-06-27	0.0008006370190996037
2019-06-28	0.0007237752278645981
2019-07-01	0.004035208949763058
2019-07-02	0.0
2019-07-03	0.0
2019-07-04	0.0
2019-07-05	0.004436040941572905
2019-07-08	0.0004152075843528724
2019-07-09	-0.001962043740988295
2019-07-10	0.0
2019-07-11	-0.005444066610604481
2019-07-12	0.0
2019-07-15	0.0
2019-07-16	0.003193125163314159
2019-07-17	0.0
2019-07-18	0.004850075723711544
2019-07-19	-0.0003393367455448715
2019-07-22	0.0
2019-07-23	0.0008676241782159533
2019-07-24	0.0
2019-07-25	0.0
2019-07-26	0.0
2019-07-29	0.0
2019-07-30	0.002751289022002501
2019-07-31	0.0
2019-08-01	0.004773317938431942
2019-08-02	0.0
2019-08-05	0.00456363825630679
2019-08-06	0.0026065796320020596
2019-08-07	0.0
2019-08-08	0.0
2019-08-09	0.0
2019-08-12	0.0
2019-08-13	0.0
2019-08-14	0.006945228596360042
2019-08-15	0.0
2019-08-16	0.0
2019-08-19	0.0001475254557037342
2019-08-20	0.0
2019-08-21	0.0
2019-08-22	0.0
2019-08-23	0.0012538869193201574
2019-08-26	0.0
2019-08-27	0.006408832000800224
2019-08-28	0.00413559040448086
2019-08-29	-0.0013485678375017018
2019-08-30	-0.0009488711524026083
2019-09-02	-0.0004749210206900223
2019-09-03	0.0
2019-09-04	0.0013523137328821377
2019-09-05	-0.008358277449393658
2019-09-06	0.004085540817814426
2019-09-09	0.0
2019-09-10	-0.0089443321997148
2019-09-11	0.0024782269756220554
2019-09-12	0.0
2019-09-13	0.0
2019-09-16	-0.0026934270190568377
2019-09-17	-0.0019237900279469589
2019-09-18	0.0
2019-09-19	0.0037808318042069633
2019-09-20	0.00018460711893220072
2019-09-23	0.0
2019-09-24	0.008011850420482913
2019-09-25	-0.0009889541865366613
2019-09-26	0.00025664416426485204
2019-09-27	-0.0005497906999100133
2019-09-30	-0.000366752074268728
2019-10-01	-0.001430808876207279
2019-10-02	-0.0018002713511375834
2019-10-04	0.0
2019-10-07	0.0
2019-10-08	0.003165318310427212
2019-10-09	-0.0027517467583995092
2019-10-10	0.0
2019-10-11	-0.007358379716477348
2019-10-14	0.0
2019-10-15	0.0
2019-10-16	-0.0012230926336610493
2019-10-17	0.0
2019-10-18	0.0
2019-10-21	-0.00423053840146681
2019-10-22	0.0
2019-10-23	0.0
2019-10-24	0.005217433335560573
2019-10-25	-0.0026693547132506934
2019-10-28	-0.0037916540785150055
2019-10-29	0.0
2019-10-30	0.0
2019-10-31	0.0
2019-11-01	0.0027612748795513564
2019-11-04	-0.0020838669871109383
2019-11-05	0.0
2019-11-06	-0.0007457415384295452
2019-11-07	0.0
2019-11-08	-0.005746957901100913
2019-11-11	-0.0027774427009712443
2019-11-12	0.0
2019-11-13	0.0023711741037637513
2019-11-14	0.0
2019-11-15	0.0
2019-11-18	0.002665933673369203
2019-11-19	-0.000599140203807691
2019-11-20	0.0010117445560837712
2019-11-21	0.0
2019-11-22	0.0
2019-11-25	0.0007112038344032623
2019-11-26	0.0
2019-11-27	0.00037407806666056587
2019-11-28	-0.0007478763691750601
2019-11-29	-0.00044901883923453845
2019-12-02	-0.005877712755485653
2019-12-03	0.005309890630216474
2019-12-04	-0.0020977619966121575
2019-12-05	-0.0031157394532692617
2019-12-06	0.0
2019-12-09	0.0
2019-12-10	0.002033470966585238
2019-12-11	0.0022172120971630793
2019-12-12	-0.003337234235122777
2019-12-13	0.0
2019-12-16	0.002257316257133324
2019-12-17	0.001576569739369038
2019-12-18	0.0
2019-12-19	-0.004947154389017938
2019-12-20	0.0
2019-12-23	0.0
2019-12-27	0.0007533129317667253
2019-12-30	-0.0031990623051912914
2020-01-02	0.0010193890607994582
2020-01-03	0.004413117971948433
2020-01-06	-0.00067594161417317
2020-01-07	-0.0006388410178221893
2020-01-08	-0.0013160806043786
2020-01-09	-0.0014684121191577137
2020-01-10	0.0013197528962283211
2020-01-13	-0.003539817796672229
2020-01-14	0.000907001528488216
2020-01-15	0.0011704790113158392
2020-01-16	0.0
2020-01-17	0.0005279807878293408
2020-01-20	0.0006407914784869462
2020-01-21	0.001958791729491649
2020-01-22	0.0009022241309173396
2020-01-23	0.0
2020-01-24	0.005972294690996582
2020-01-27	0.006422257025451961
2020-01-28	-0.0013727333782962425
2020-01-29	0.0026749082003874047
2020-01-30	0.002223108126645057
2020-01-31	0.00229214666523192
2020-02-03	-0.0016229805433696232
2020-02-04	-0.0015516982957320957
2020-02-05	-0.0025901830087805555
2020-02-06	0.0
2020-02-07	0.0016694519169473399
2020-02-10	0.0
2020-02-11	0.00025925812897864553
2020-02-12	0.0008886647118819813
2020-02-13	0.0010728174490752806
2020-02-14	0.00018481405077364066
2020-02-17	0.0006650526027220938
2020-02-18	-0.00033234051387909247
2020-02-19	0.0008495500357776908
2020-02-20	0.0031737993917206886
2020-02-21	7.353497868778369e-05
2020-02-24	0.0008093164212512605
2020-02-25	0.0011394176680474821
2020-02-26	-0.002092705487608093
2020-02-27	-0.00040468267040316697
2020-02-28	0.0022082983354398955
2020-03-02	0.0005141365846565993
2020-03-03	0.005248849352919915
2020-03-04	-0.000730220580937968
2020-03-05	-0.00010963055270385436
2020-03-06	0.0024119274948233294
2020-03-09	-0.0007291453715331242
2020-03-10	-0.003830702036513922
2020-03-11	0.004431433384531225
2020-03-12	-0.018449664837000168
2020-03-13	-0.01006686135509749
2020-03-16	-0.01606062117768914
2020-03-17	-0.00480536039075441
2020-03-18	-0.01199462477784452
2020-03-19	0.015320784426174905
2020-03-20	0.0
2020-03-23	0.011345871738182023
2020-03-24	-0.00645922143665556
2020-03-25	-0.0027753471323093137
2020-03-26	0.013457897332431523
2020-03-27	0.004815117124393087
2020-03-30	-0.0014226388447455829
2020-03-31	-0.00637348907713442
2020-04-01	-0.0002264090382257944
2020-04-02	0.0003396904663304223
2020-04-03	-0.0021882050645121165
2020-04-06	0.0015124363126353124
2020-04-07	-0.006946542178232651
2020-04-08	-0.0032694814367068004
2020-04-09	0.004920272639252321
2020-04-14	-0.0015941024291167283
2020-04-15	0.0012164830884415778
2020-04-16	0.0014048925951319902
2020-04-17	0.0014787122424675392
2020-04-20	-0.005868348389758804
2020-04-21	-0.003351334671920503
2020-04-22	-0.0034390581706347234
2020-04-23	0.00567487414095269
2020-04-24	0.005337783522480377
2020-04-27	0.001782497153950624
2020-04-28	0.0019306714357962829
2020-04-29	0.0018892596221076197
2020-04-30	0.005430649255960596
2020-05-04	-0.003413338476831118
2020-05-05	-0.0010914723304155105
2020-05-06	-0.006443158569226948
2020-05-07	0.0024271335520200665
2020-05-08	0.0020050503283002286
2020-05-11	-0.0022653275618862434
2020-05-12	0.0006433133270804525
2020-05-13	0.003630403553209316
2020-05-14	-0.0007158935923822218
2020-05-15	-0.0013951981707864825
2020-05-18	0.0005286387142584559
2020-05-19	0.0020002074566485284
2020-05-20	0.00033901237125766315
2020-05-21	0.0016943437730370103
2020-05-22	0.00018791011687713244
2020-05-25	0.0003007000540973248
2020-05-26	-0.0024796176617741805
2020-05-27	0.002787066522867754
2020-05-28	0.0025540204115317433
2020-05-29	0.0007117633524404976
2020-06-02	-0.001572320195510346
2020-06-03	-0.004311952410543274
2020-06-04	0.002410061204665803
2020-06-05	-0.0027047822079959705
2020-06-08	0.0029381516702429167
2020-06-09	-0.002028201107687755
2020-06-10	-0.0009408610641011839
2020-06-11	0.005273913188116763
2020-06-12	0.0022108976031276484
2020-06-15	0.00033646926779717923
2020-06-16	0.0010839962725641694
2020-06-17	-0.00033606309525857636
2020-06-18	0.0029132409987771
2020-06-19	0.0
2020-06-22	0.0035751777875281388
2020-06-23	-0.002597584048653956
2020-06-24	0.002343914157816318
2020-06-25	0.0014475913112803607
2020-06-26	0.0003706534118423921
2020-06-29	-0.00040754648605811905
2020-06-30	-0.00022241442523684984
2020-07-01	-0.0037815328088295352
2020-07-02	0.0032004927831865704
2020-07-03	-0.0001855201980693888
2020-07-06	0.000890478188839694
2020-07-07	0.0005560271997984145
2020-07-08	0.0012596938871773933
2020-07-09	0.0015541098052682667
2020-07-10	0.0001847662548324358
2020-07-13	-0.004100179483250255
2020-07-14	0.003041386585342254
2020-07-15	0.0
2020-07-16	0.0016640194324857305
2020-07-17	-0.0011813197278423004
2020-07-20	0.0032894996565417944
2020-07-21	3.681895990936823e-05
2020-07-22	0.0026154551590387154
2020-07-23	0.0006246169289478853
2020-07-24	-0.0024234407928754864
2020-07-27	0.002429328125754804
2020-07-28	0.0
2020-07-29	-0.0009546548405539035
2020-07-30	0.003307856218105032
2020-07-31	-0.002014810773661946
2020-08-03	0.0006240207886507587
2020-08-04	0.0033382099232366347
2020-08-05	-0.002559310272157944
2020-08-06	0.0026392178870862093
2020-08-07	-0.0008408846058636232
2020-08-10	0.0013538476484162842
2020-08-11	-0.0032886378003078587
2020-08-12	-0.0014664704659896888
2020-08-13	-0.003561336557229011
2020-08-14	0.00022109502335210252
2020-08-17	0.002947024385760777
2020-08-18	0.0010651336513649579
2020-08-19	0.0008439081956088668
2020-08-20	0.0010631031872958552
2020-08-21	-0.00084223131368244
2020-08-24	-7.333267434128654e-05
2020-08-25	-0.0058646671735311795
2020-08-26	-3.6850184099712635e-05
2020-08-27	-0.0011798822930801922
2020-08-28	-0.00011075563223728047
2020-08-31	-0.001698276830319867
2020-09-01	0.0019970024155044896
2020-09-02	0.005536267044015775
2020-09-03	0.0007341234086233328
2020-09-04	-0.0018706204227900702
2020-09-07	-0.0017638051483485073
2020-09-08	0.0021719128757717865
2020-09-09	-0.00139583108699326
2020-09-10	-0.0011402978146665133
2020-09-11	0.0035720905769676126
2020-09-14	0.000990698631156084
2020-09-15	0.00040329877139311243
2020-09-16	0.0012091988856444136
2020-09-17	0.0009881940962312985
2020-09-18	-0.000767821139099234
2020-09-21	0.0031468564900416496
2020-09-22	0.0001823512894274515
2020-09-23	3.6449696601437154e-05
2020-09-24	-0.0005105553847907229
2020-09-25	0.0008027608570884137
2020-09-28	0.0004010237056677468
2020-09-29	0.0014941824130085823
2020-09-30	-0.0020378320066013478
2020-10-01	0.001276202311240704
2020-10-02	0.0006555556080358738
2020-10-05	-0.0006551261364231564
2020-10-06	-0.0001820524738993523
2020-10-07	-0.0005827990429840835
2020-10-08	0.002551171845728728
2020-10-09	0.001672162771320762
2020-10-12	0.0021774438496779958
2020-10-13	0.0007604529647409208
2020-10-14	0.000904603373141466
2020-10-15	0.0007230562261375528
2020-10-16	0.0015534545466573402
2020-10-19	-0.0017313639475483589
2020-10-20	-0.0014814411522381388
2020-10-21	-0.001736939941950566
2020-10-22	-0.001957405566122783
2020-10-23	0.001234826869998873
2020-10-26	0.0009431921172053936
2020-10-27	0.002609375655601376
2020-10-28	-0.0012651998410416754
2020-10-29	0.0027868828807136037
2020-10-30	-0.000830140995238482
2020-11-02	0.0016254904012837912
2020-11-03	-0.000721283050150956
2020-11-04	0.0020209952217504767
2020-11-05	3.6065480073510514e-05
2020-11-06	-0.000972427664014619
2020-11-09	-0.008399718769392606
2020-11-10	-0.0008362072540268883
2020-11-11	0.0019284465612376955
2020-11-12	0.002469523358163972
2020-11-13	0.0017750973125068015
2020-11-16	0.0007955505452563738
2020-11-17	0.0018428399818879448
2020-11-18	-0.000577102639310767
2020-11-19	0.0009383246994427719
2020-11-20	0.0006489634052582183
2020-11-23	-0.0010088591994730223
2020-11-24	0.0001442584616324627
2020-11-25	3.61110006763532e-05
2020-11-26	0.0012260101790828593
2020-11-27	0.0001440558318361873
2020-11-30	-0.001512471398183668
2020-12-01	-0.003678698938765157
2020-12-02	7.242746482605256e-05
2020-12-03	0.00246131987251208
2020-12-04	-0.0008304318493548291
2020-12-07	0.0025296217326351567
2020-12-08	0.0022348883772740358
2020-12-09	-0.0002158149408147958
2020-12-10	0.00014388481310545487
2020-12-11	0.00226601414423655
2020-12-14	-0.0007536303111342901
2020-12-15	0.0008260565032511824
2020-12-16	-0.003732015982659931
2020-12-17	0.0009725327511878046
2020-12-18	-0.0011515471143236367
2020-12-21	0.0005764373519310251
2020-12-22	0.0007920846474367416
2020-12-23	-0.0036695670086596133
2020-12-28	0.0015526564309618074
2020-12-29	0.0011897806765643892
2020-12-30	-0.0003601090643496896
2021-01-04	0.0012608014093491438
2021-01-05	-0.0007914862050899529
2021-01-06	-0.002160420975106825
2021-01-07	3.613315252537497e-05
2021-01-08	0.0012989571041335246
2021-01-11	-0.0025585277660472583
2021-01-12	-0.0039741539418215455
2021-01-13	0.004388998108217912
2021-01-14	0.0010833795131197643
2021-01-15	-0.0011904415408983127
2021-01-18	-0.0015531178712095972
2021-01-19	0.0013384697342249119
2021-01-20	-0.0011560127269579779
2021-01-21	-0.0033274606946076535
2021-01-22	-0.0001088054627540469
2021-01-25	0.004173614268412784
2021-01-26	-0.0007589688088636137
2021-01-27	0.0006148798438689873
2021-01-28	-0.0005422482017215513
2021-01-29	-0.0016274892193411938
2021-02-01	7.247994019188297e-05
2021-02-02	-0.0025718496016897685
2021-02-03	0.0
2021-02-04	-0.00021784615060660428
2021-02-05	-0.0006175153628856789
2021-02-08	0.0002544240671025211
2021-02-09	3.631724807307002e-05
2021-02-10	-0.0007630503439963743
2021-02-11	0.0016727100719104993
2021-02-12	-0.003049431323296048
2021-02-15	-0.003350049315887449
2021-02-16	-0.0024479846810013806
2021-02-17	0.00010988753817331443
2021-02-18	-0.0038818938646323353
2021-02-19	-0.0008456145778651392
2021-02-22	0.0025389205587225128
2021-02-23	-0.0029728904620038854
2021-02-24	-0.0021719128757718975
2021-02-25	-0.005718316295192483
2021-02-26	0.003450722097515957
2021-03-01	0.006951624056825478
2021-03-02	-0.00047739747773600794
2021-03-03	-0.004445434825948058
2021-03-04	0.0006273599022914578
2021-03-05	-0.0008113353979922744
2021-03-08	-0.0007382149433261542
2021-03-09	0.002290114681159583
2021-03-10	0.000921305263291039
2021-03-11	0.0031664375179691895
2021-03-12	-0.0033766776893765504
2021-03-15	0.0028357359342692234
2021-03-16	-0.0009181273200523643
2021-03-17	-0.004704854162420724
2021-03-18	-0.00110786543604946
2021-03-19	0.0017746352816336852
2021-03-22	0.0009226313076038384
2021-03-23	0.0028022644006719943
2021-03-24	0.001397216829355008
2021-03-25	0.001982704091551657
2021-03-26	-0.002638444234217552
2021-03-29	-0.0024983976364769678
2021-03-30	-0.0027993743104048896
2021-03-31	0.001403616402902319
2021-04-01	0.0020287080908840682
2021-04-06	-0.0024295068781380325
2021-04-07	0.0007010737809596268
2021-04-08	0.0011062608215433034
2021-04-09	-0.0034255556894300376
2021-04-12	-0.0005913231991572232
2021-04-13	-0.0006287055395214347
2021-04-14	-0.0015172395782417913
2021-04-15	0.0023719211026966835
2021-04-16	-0.0016268105831264146
2021-04-19	-0.001925784912930717
2021-04-20	0.0014100224762805258
2021-04-21	0.0007410163691470295
2021-04-22	-0.00011108780597701706
2021-04-23	-0.0004813398013913117
2021-04-26	-0.0005186699267968331
2021-04-27	-0.0005560566624920327
2021-04-28	-0.0017060241107038632
2021-04-29	-0.0031950233343206458
2021-04-30	0.00014907048474777085
2021-05-03	0.0008198720786327662
2021-05-04	0.0021223221431334593
2021-05-05	-0.0016347892912655926
2021-05-06	-0.0005582916460190601
2021-05-07	-0.0024203547874487308
2021-05-10	0.0006345013226847218
2021-05-11	-0.003991436817642802
2021-05-12	-0.0029962517385804244
2021-05-13	-0.001089452856784745
2021-05-14	-0.00011282988395233673
2021-05-17	-0.0018052666439450915
2021-05-18	0.00018836324770732382
2021-05-19	0.00026370199518943593
2021-05-20	0.0022220554066387788
2021-05-21	0.0017662201684252032
2021-05-25	0.0038262164910023433
2021-05-26	0.0032884657368983383
2021-05-27	-0.0023093070487502088
2021-05-28	0.0007466758115346472
2021-05-31	0.0003357747623746743
2021-06-01	0.0
2021-06-02	0.001118731258601846
2021-06-03	-0.0008567260347446259
2021-06-04	0.0014912760952872084
2021-06-07	-0.0014890555024119623
2021-06-08	0.002684311193786648
2021-06-09	0.002119473332330424
2021-06-10	-0.0002597294878460277
2021-06-11	0.00256087602120747
2021-06-14	-0.001999069096956241
2021-06-15	-0.001261189109031391
2021-06-16	0.001299901519177471
2021-06-17	-0.00203999998868043
2021-06-18	0.0004459814139674556
2021-06-21	-0.0021919239016288117
2021-06-22	-0.0007073907167982618
2021-06-23	0.0007824400274998311
2021-06-24	0.0004467285918228203
2021-06-25	-0.003646902861711432
2021-06-28	0.0027638531576650305
2021-06-29	-0.00037247575390997323
2021-06-30	0.003353459825180316
2021-07-01	-0.0001856491703833285
2021-07-02	0.0028228731075818914
2021-07-05	-0.001851962790913264
2021-07-06	0.0050465576670228884
2021-07-07	0.0013291935263521903
2021-07-08	0.00025810144934168555
2021-07-09	-0.001658805509571315
2021-07-12	0.0007753907730048137
2021-07-13	0.0009223590040521312
2021-07-14	0.0009584200243415442
2021-07-15	0.0011047239380710394
2021-07-16	0.0017289272000409195
2021-07-19	0.002019693906689435
2021-07-20	0.0016124424525874037
2021-07-21	-0.0017928281986961947
2021-07-22	0.0027857273942795135
2021-07-23	0.0008041289308564625
2021-07-26	-0.0004382443614613374
2021-07-27	0.0013519678488260745
2021-07-28	-0.00040144450422963107
2021-07-29	0.0004016057266413853
2021-07-30	0.0007662801649737094
2021-08-02	0.0024429167203035007
2021-08-03	0.0005819935133635212
2021-08-04	0.00025446105944970654
2021-08-05	0.0014536635808923837
2021-08-06	-0.003302351722954122
2021-08-09	0.000764606165323034
2021-08-10	0.0005093479929330069
2021-08-11	-0.0009454206986860836
2021-08-12	0.0009099373110328379
2021-08-13	-7.275932491557224e-05
2021-08-16	-0.00014545987274028338
2021-08-17	-0.00029096206878609365
2021-08-18	0.0011278929103397672
2021-08-19	0.0005087926509823593
2021-08-20	0.0006538194187761803
2021-08-23	-0.001706145071766474
2021-08-24	0.00010909637683509388
2021-08-25	-0.0061809219781086
2021-08-26	-0.0001463272896976564
2021-08-27	0.00047568563181643597
2021-08-30	0.001718866874629077
2021-08-31	-0.004928814599859277
2021-09-01	-0.000366843582501164
2021-09-02	0.001064390813727556
2021-09-03	-0.0018332197973471853
2021-09-06	0.0007713748063944426
2021-09-07	-0.0042210194503349285
2021-09-08	0.0009952240354338393
2021-09-09	0.004676540510457627
2021-09-10	-0.002602296284417216
2021-09-13	-3.67269579866214e-05
2021-09-14	0.001396446676491303
2021-09-15	-0.0025321190510321223
2021-09-16	-0.00047829323417170055
2021-09-17	-0.0015459296976886305
2021-09-20	0.0017326876782997047
2021-09-21	0.0013984509013384994
2021-09-22	0.0005144955619851288
2021-09-23	-0.004775062122816975
2021-09-24	-0.0029525715347268333
2021-09-27	-0.00022204743978238017
2021-09-28	-0.0021844575348530793
2021-09-29	0.001150283356271098
2021-09-30	-0.002038482759742055
2021-10-01	0.0024139725645266896
2021-10-04	-0.0008520918260734867
2021-10-05	-0.0020765260680759567
2021-10-06	-0.0007060421602564926
2021-10-07	0.0011155574698626936
2021-10-08	-0.0026371894651843197
2021-10-11	-0.0018620303290602935
2021-10-12	-0.0008954618239567225
2021-10-13	0.0030995661917929684
2021-10-14	0.0044301954853047665
2021-10-15	-0.0015567019127922244
2021-10-18	-0.0008166663952470232
2021-10-19	-0.0031580097586859646
2021-10-20	0.00115538511616875
2021-10-21	-0.0013401570527167284
2021-10-22	-7.45846827662211e-05
2021-10-25	0.0012675364406060652
2021-10-26	-7.442480385544403e-05
2021-10-27	0.004617167031988556
2021-10-28	-0.0028539535067856336
2021-10-29	-0.004869364732306147
2021-11-01	-0.0011579313488414567
2021-11-02	0.005422402377748714
2021-11-03	0.001673736399251169
2021-11-04	0.0041216465055666784
2021-11-05	0.0050662317330563145
2021-11-08	-0.0025755767310070565
2021-11-09	0.005127446338800246
2021-11-10	-0.005651766485024745
2021-11-11	-0.0009595877074498604
2021-11-12	0.0008127441438592342
2021-11-15	-0.0013288777369114824
2021-11-16	0.0005174812790218475
2021-11-17	-0.0013669519374653882
2021-11-18	0.0039584310757478924
2021-11-19	0.004569188581941441
2021-11-22	-0.004805172607640684
2021-11-23	-0.005307618750746035
2021-11-24	-0.0015933326548381865
2021-11-25	0.00148452374615049
2021-11-26	0.006744779088887487
2021-11-29	-0.0007730217243678839
2021-11-30	0.0029103139322241844
2021-12-01	-0.0020937816611349414
2021-12-02	0.003717739641257989
2021-12-03	0.000953534432196923
2021-12-06	0.0013555634180129061
2021-12-07	-0.0006585799809690762
2021-12-08	-0.005967858106053714
2021-12-09	0.0027624590789410153
2021-12-10	0.0009549703893323436
2021-12-13	0.003009090825100591
2021-12-14	-0.0014268304699028844
2021-12-15	-0.0001832295742875134
2021-12-16	-0.002968206079486002
2021-12-17	0.002940308849149753
2021-12-20	-0.00150250535218599
2021-12-21	-0.005982313956154117
2021-12-22	-0.0014030463493329703
2021-12-23	-0.00380827979449494
2021-12-27	-0.0010763922023473427
2021-12-28	0.00018581660836214375
2021-12-29	-0.004383521964976489
2021-12-30	0.00134320724213155
2022-01-03	-0.004918581436367031
2022-01-04	-3.742560143982221e-05
2022-01-05	-0.0008238940267289996
2022-01-06	-0.0013491979299240509
2022-01-07	-0.0023268135882019703
2022-01-10	0.0008652090535636869
2022-01-11	-0.0010523500417319864
2022-01-12	0.002596043602567377
2022-01-13	0.0031146870636344914
2022-01-14	-0.003591360897591933
2022-01-17	-0.0020274396105929293
2022-01-18	-0.0007147624310074319
2022-01-19	-0.0006023924220771582
2022-01-20	0.001393831718045746
2022-01-21	0.0018056778904838033
2022-01-24	0.0021778624947126346
2022-01-25	-0.0013488440633637744
2022-01-26	-0.0024387699079022607
2022-01-27	0.0009779215136205277
2022-01-28	-0.00097696611743614
2022-01-31	-0.0039491328730052455
2022-02-01	-0.002152294187588555
2022-02-02	0.00011353437265770872
2022-02-03	-0.01089712427636369
2022-02-04	-0.004093200255986473
2022-02-07	-0.0028040237040484195
2022-02-08	-0.004198650198761422
2022-02-09	0.003597416624138816
2022-02-10	-0.0070919258979793565
2022-02-11	-0.0007763851563391544
2022-02-14	0.00031083981805468675
2022-02-15	-0.0022525365388108565
2022-02-16	0.0025689924401701703
2022-02-17	0.003804774347556661
2022-02-18	0.0017791347047750872
2022-02-21	-0.0031272683410087376
2022-02-22	-0.0015104398898554416
2022-02-23	0.0008533167454201074
2022-02-24	0.005890804565839236
2022-02-25	-0.003159342425849143
2022-02-28	0.0048312914585531
2022-03-01	0.021117074805881098
2022-03-02	-0.009115929173401871
2022-03-03	-0.0008743857402108146
2022-03-04	0.00643028035383697
2022-03-07	-0.003591520645240709
2022-03-08	-0.005881039662733123
2022-03-09	-0.006946342216239909
2022-03-10	-0.009108709785888625
2022-03-11	0.0005818515722901818
2022-03-14	-0.007365217953224312
2022-03-15	0.00288981153173129
2022-03-16	-0.0019859271670736867
2022-03-17	0.00019512556687439897
2022-03-18	0.001638377863059759
2022-03-21	-0.0066986363166696705
2022-03-22	-0.0027445480151945256
2022-03-23	0.0016512607735954532
2022-03-24	-0.002786793873156057
2022-03-25	-0.0020467623984604666
2022-03-28	-0.0008282680591400471
2022-03-29	-0.003829002540922999
2022-03-30	-0.0026945947571946904
2022-03-31	0.008026127524387583
2022-04-01	-0.003508107960590312
2022-04-04	0.0021755589128995556
2022-04-05	-0.008959630021347809
2022-04-06	-0.0036639872832279208
2022-04-07	-0.0017188019041921576
2022-04-08	-0.0023624574781712093
2022-04-11	-0.006100759448552373
2022-04-12	0.0020594712570585205
2022-04-13	0.0014911202287650749
2022-04-14	-0.007082233965695628
2022-04-19	-0.003079971980719187
2022-04-20	0.004349706880558912
2022-04-21	-0.005626161356942827
2022-04-22	-0.003297080484027326
2022-04-25	0.008004539125183951
2022-04-26	0.0012559816192232454
2022-04-27	-0.0011330020099979965
2022-04-28	-0.006846211137046421
2022-04-29	-0.0041605966338207345
2022-05-02	-0.0031129767756432614
2022-05-03	0.0015202833891623246
2022-05-04	-0.002830779246794868
2022-05-05	-0.004484458710366734
2022-05-06	-0.006943057876209857
2022-05-09	0.002580227075223096
2022-05-10	0.006973607475546428
2022-05-11	0.0033801402548672144
2022-05-12	0.009613457272992232
2022-05-13	-0.006347919938393565
2022-05-16	-0.0003685973204325954
2022-05-17	-0.007742694682787099
2022-05-18	0.0018991588168311146
2022-05-19	0.004244473566043849
2022-05-20	-0.003159686869247391
2022-05-23	-0.005310159880306475
2022-05-24	0.002607172922342471
2022-05-25	0.0014446629152666812
2022-05-26	-0.0025141752045455545
2022-05-27	0.0017767558034200714
2022-05-30	-0.005320892296794333
2022-05-31	-0.006759282950802414
2022-06-01	-0.003715714587633756
2022-06-02	-0.005824914465851649
2022-06-03	-0.0033299810286191445
2022-06-06	-0.003341106851047715
2022-06-07	0.003988791595169516
2022-06-08	-0.003930702138084663
2022-06-09	-0.008613702204494311
2022-06-10	-0.0074045682811453295
2022-06-13	-0.013151666826633601
2022-06-14	-0.009525492224049747
2022-06-15	0.012263979482622922
2022-06-16	4.363976595112007e-05
2022-06-17	0.005621637131315138
2022-06-20	-0.006023571575579423
2022-06-21	-0.001525912150368569
2022-06-22	0.009431473200677942
2022-06-23	0.012328049443545597
2022-06-24	-0.0010682228201799315
2022-06-27	-0.005646332792273334
2022-06-28	-0.006194657372629364
2022-06-29	0.0101290436729351
2022-06-30	0.008184778073337728
2022-07-01	0.011943729851922935
2022-07-04	-0.009030584151942467
2022-07-05	0.008137982964101953
2022-07-06	0.0015976500759009582
2022-07-07	-0.00734581024206904
2022-07-08	-0.0021989193250754324
2022-07-11	0.0058060317999206745
2022-07-12	0.00964901586258593
2022-07-13	-4.170981921580719e-05
2022-07-14	-0.005634164950907294
2022-07-15	0.0029799019924132697
2022-07-18	-0.004895956631502663
2022-07-19	-0.0029437174159613333
2022-07-20	0.0002109265418954731
2022-07-21	-0.00029517054342742544
2022-07-22	0.013244439581586942
2022-07-25	-0.00016650196443734888
2022-07-26	0.0069114984027205395
2022-07-27	-0.0022742435139381234
2022-07-28	0.011231294778209167
2022-07-29	0.002458994544279225
2022-08-01	0.006009863940379612
2022-08-02	-0.0001625435862138147
2022-08-03	-0.005283951742832693
2022-08-04	0.004821641506051799
2022-08-05	-0.009068341114699563
2022-08-08	0.002462223648524331
2022-08-09	-0.0027018170174261114
2022-08-10	0.0025039333879497416
2022-08-11	-0.005445662626947678
2022-08-12	-0.0024702087702540565
2022-08-15	0.006273232774153925
2022-08-16	-0.006767324900905036
2022-08-17	-0.008877988753282162
2022-08-18	-0.001041643406237469
2022-08-19	-0.009217115179057433
2022-08-22	-0.005051390663947775
2022-08-23	-0.0021577507101113724
2022-08-24	-0.002883141350349505
2022-08-25	0.0033592921017178146
2022-08-26	-0.004916135186038395
2022-08-29	-0.00877339771745278
2022-08-30	0.0007304373224050753
2022-08-31	-0.003477793158931597
2022-09-01	-0.003360582424254188
2022-09-02	0.00449594032897882
2022-09-05	-0.004303683129929903
2022-09-06	-0.0006483138769095564
2022-09-07	0.004195325498638214
2022-09-08	-0.008915527984701077
2022-09-09	-0.0013906213749206309
2022-09-12	0.004438804231277738
2022-09-13	-0.004159211760328074
2022-09-14	0.0010441665090001884
2022-09-15	-0.00352041718452345
2022-09-16	8.726486216681373e-05
2022-09-19	-0.002529462006247929
2022-09-20	-0.009487541816025735
2022-09-21	0.003928439278667817
2022-09-22	-0.005627869430141819
2022-09-23	-0.00344884673125756
2022-09-26	-0.005058138250701116
2022-09-27	-0.012441996578272274
2022-09-28	0.008534620551752248
2022-09-29	-0.005372926204548656
2022-09-30	0.006617419397049851
2022-10-03	0.013237311666276064
2022-10-04	0.004104709965061293
2022-10-05	-0.010857131454970803
2022-10-06	-0.00582146901696412
2022-10-07	-0.008001025800957295
2022-10-10	-0.0035597021672595375
2022-10-11	-0.0005878849639536776
2022-10-12	-0.005927357123827637
2022-10-13	0.004961363817690856
2022-10-14	-0.007790247806730544
2022-10-17	0.006710241897294411
2022-10-18	-0.0005441660076480614
2022-10-19	-0.004536810738610009
2022-10-20	9.118625318116358e-05
2022-10-21	-0.002779840653296506
2022-10-24	0.008042800336163447
2022-10-25	0.01314660298865511
2022-10-26	0.0017450246485690712
2022-10-27	0.01500805945938577
2022-10-28	-0.009593399184030127
2022-10-31	-0.006042818645268899
2022-11-01	0.0015645885605299892
2022-11-02	0.00017851863246720612
2022-11-03	-0.007720127298432078
2022-11-04	-0.0026533555988865754
2022-11-07	-0.0010371428559141638
2022-11-08	0.004243020019843113
2022-11-09	0.0062927589934431705
2022-11-10	0.013980691375526488
2022-11-11	-0.012950998759689858
2022-11-14	0.00031240101803575726
2022-11-15	0.005710728202303894
2022-11-16	0.0073197106231754905
2022-11-17	-0.0011010492391101412
2022-11-18	0.0029980070468134112
2022-11-21	0.0014505910349416062
2022-11-22	4.386826327062998e-05
2022-11-23	0.005310757014135525
2022-11-24	0.00672339332009142
2022-11-25	-0.009844281308239777
2022-11-28	-0.0013577494890791852
2022-11-29	0.00631547282896161
2022-11-30	-0.0019612149441037285
2022-12-01	0.009563312939694812
2022-12-02	-0.0023356956769458037
2022-12-05	-0.0012139552257257602
2022-12-06	0.00590353239102126
2022-12-07	0.0021576505560885195
2022-12-08	-0.0029712029199526757
2022-12-09	-0.007903544205446034
2022-12-12	0.000348239951774465
2022-12-13	0.0014796290784215849
2022-12-14	-0.004562618520335793
2022-12-15	-0.013968988517441994
2022-12-16	-0.005224014252930731
2022-12-19	-0.0029817284144278977
2022-12-20	-0.008391721035851285
2022-12-21	0.001530515259733356
2022-12-22	-0.003550742553462216
2022-12-23	-0.001398292161588599
2022-12-27	-0.009214529725139808
2022-12-28	0.0003647744567796263
2022-12-29	0.00460282680131141
2022-12-30	-0.005307592837665576
2023-01-02	0.004743015065244549
2023-01-03	0.004811356373255027
2023-01-04	0.00885400282591231
2023-01-05	-0.0038955757164365057
2023-01-06	0.0057987821811491536
2023-01-09	0.0008044535887308246
2023-01-10	-0.004733577215253915
2023-01-11	0.009153253451255061
2023-01-12	0.0037348959158856054
2023-01-13	-0.0007087817116238071
2023-01-16	-0.0006648960343229593
2023-01-17	0.006964140509929884
2023-01-18	0.0072683585139872164
2023-01-19	-0.0020116998400699915
2023-01-20	-0.01003506111372443
2023-01-23	-0.003009998995287977
2023-01-24	0.0044842973377146045
2023-01-25	-0.0016796369293171631
2023-01-26	-0.0033206748193588265
2023-01-27	-0.0023987805034075826
2023-01-30	-0.005922488452459684
2023-01-31	0.0030460847191244866
2023-02-01	-0.0006252205627377272
2023-02-02	0.019125904526709814
2023-02-03	-0.010128869393702944
2023-02-06	-0.006024433325261813
2023-02-07	-0.0012031962604779345
2023-02-08	-0.0035249183789783922
2023-02-09	0.004164259670658144
2023-02-10	-0.004815829785511316
2023-02-13	0.0003136467978115398
2023-02-14	-0.004120983568181358
2023-02-15	-0.004227943305427528
2023-02-16	-4.5144346463188434e-05
2023-02-17	0.0014003133365865228
2023-02-20	-0.0013532719472636456
2023-02-21	-0.005781664020610644
2023-02-22	0.0004089218267808725
2023-02-23	0.004904623042260914
2023-02-24	-0.005287444796747254
2023-02-27	-0.002907599698200314
2023-02-28	-0.003599602278667513
2023-03-01	-0.0054875086457807365
2023-03-02	-0.001747292083161045
2023-03-03	0.0030861974020697236
2023-03-06	-0.001423526505988204
2023-03-07	0.0015174762373009187
2023-03-08	0.0041324282732149165
2023-03-09	0.0010974515714499145
2023-03-10	0.007216961977697389
2023-03-13	0.014103619256859767
2023-03-14	-0.009838087745203783
2023-03-15	0.021633099415658164
2023-03-16	-0.008355116084688308
2023-03-17	0.008871314162574251
2023-03-20	0.0017674432089507253
2023-03-21	-0.010542116599233764
2023-03-22	-0.0034325814474966965
2023-03-23	0.009438624326796763
2023-03-24	0.003988307748326925
2023-03-27	-0.006488319131348175
2023-03-28	-0.004531573444359394
2023-03-29	-0.0002677966220001604
2023-03-30	-0.0051783057283895095
2023-03-31	0.005788634102144252
2023-04-03	0.003881497943519996
2023-04-04	-0.0016443157940778663
2023-04-05	0.005475391178818567
2023-04-06	-0.00035416036675273155
2023-04-11	-0.008503535973739984
2023-04-12	-0.004690201738314026
2023-04-13	0.0
2023-04-14	-0.003949346804557496
2023-04-17	-0.0024781609701163276
2023-04-18	0.0010840673884477958
2023-04-19	-0.0027071906173904425
2023-04-20	0.003800372408882202
2023-04-21	-0.002884620840210017
2023-04-24	-0.0003615884128932434
2023-04-25	0.007506234136512635
2023-04-26	-0.0004039665249658819
2023-04-27	-0.00489400392671302
2023-04-28	0.00938501927099411
2023-05-02	0.0028608097624600592
2023-05-03	0.0014263244383523332
2023-05-04	0.0029822114921771448
2023-05-05	-0.00634595040961361
2023-05-08	-0.002634987865153815
2023-05-09	-0.0020150490246318986
2023-05-10	0.004038235291348835
2023-05-11	0.005496679038250463
2023-05-12	-0.0035111321343316293
2023-05-15	-0.0024530710644546927
2023-05-16	-0.0030849655366497197
2023-05-17	0.0004933255204211395
2023-05-18	-0.007351688214683905
2023-05-19	0.002799868008437345
2023-05-22	-0.0018462784840743707
2023-05-23	-0.0014888763673275296
2023-05-24	0.0009488482051429603
2023-05-25	-0.002302198139024214
2023-05-26	-0.0019907121386926185
2023-05-29	0.006800236408152527
2023-05-30	0.0061689089120795515
2023-05-31	0.004967557146838608
2023-06-01	0.0025828538560319636
2023-06-02	-0.0023985455555913804
2023-06-05	-0.004496876058340704
2023-06-06	0.00013418576411039496
2023-06-07	-0.0053215045076273615
2023-06-08	0.0022478639118799215
2023-06-09	0.0043960652815822066
2023-06-12	0.0004018967687515751
2023-06-13	-0.0024106673242477727
2023-06-14	-0.0012082890197290252
2023-06-15	-0.0028226947736306185
2023-06-16	0.004358380652821348
2023-06-19	-0.005189510393441288
2023-06-20	0.007914763635265665
2023-06-21	-0.0014724019938273658
2023-06-22	-0.0036639333399525187
2023-06-23	0.008251861713548081
2023-06-26	0.0026687779114744625
2023-06-27	-0.0035045902610314483
2023-06-28	0.002626542179679392
2023-06-29	-0.006615761126299469
2023-06-30	0.002056113886782507
2023-07-03	-0.00330083010798099
2023-07-04	-0.0014767974808828077
2023-07-05	-0.001434187326048053
2023-07-06	-0.009560199490854404
2023-07-07	0.0011328961421976924
2023-07-10	-0.0014937099452021485
2023-07-11	-0.0016773496578419422
2023-07-12	0.006720584936431795
2023-07-13	0.0069462935536004355
2023-07-14	-0.00156781259384986
2023-07-17	0.0016600411352014621
2023-07-18	0.00797274454702146
2023-07-19	-0.003954798955840166
2023-07-20	-0.0027660170477733503
2023-07-21	0.002415735945751507
2023-07-24	0.0025438976632148336
2023-07-25	-0.0010683835068009406
2023-07-26	-0.003698760299916115
2023-07-27	0.0019233021829019314
2023-07-28	-0.001919610192428478
2023-07-31	-0.0003578038216417445
2023-08-01	-0.004071837971726167
2023-08-02	0.000853670930679451
2023-08-03	-0.001930294658259557
2023-08-04	0.0013493158070687628
2023-08-07	-0.0015720377069735614
2023-08-08	0.007917611874933339
2023-08-09	-0.0018745733366375417
2023-08-10	-0.0017887096530703195
2023-08-11	-0.005465203639777982
2023-08-14	-0.0012161806669199748
2023-08-15	-0.003247068829876798
2023-08-16	0.001402594260021317
2023-08-17	-0.003524109566422684
2023-08-18	0.004987558777124423
2023-08-21	-0.0058200591970772875
2023-08-22	0.005264164678041805
2023-08-23	0.008802802955184985
2023-08-24	-0.00013425781460707498
2023-08-25	-0.002013966907022935
2023-08-28	-0.001390203041664706
2023-08-29	0.0040865638901415036
2023-08-30	-0.001431172641117917
2023-08-31	0.004568513088151871
2023-09-01	-0.00588523627685289
2023-09-04	-0.0017491798580844264
2023-09-05	-0.0028304307207734913
2023-09-06	-0.003289027043359538
2023-09-07	0.003028633767762079
2023-09-08	0.0011267532023671034
2023-09-11	-0.002881114673258134
2023-09-12	-0.0004514776096641304
2023-09-13	-0.0013549584518462998
2023-09-14	0.0045680610296334745
2023-09-15	-0.006213159494480092
2023-09-18	-0.002990077691210291
2023-09-19	-0.0010905697223593247
2023-09-20	0.003366210506980938
2023-09-21	-0.002674888578736878
2023-09-22	-0.0005000309105287482
2023-09-25	-0.004184247782697437
2023-09-26	-0.0010048534377486984
2023-09-27	-0.002834470333372252
2023-09-28	-0.007656765757378503
2023-09-29	0.007299988570359961
2023-10-02	-0.004082226480021434
2023-10-03	-0.0033159212622426715
2023-10-04	0.0028648567611280207
2023-10-05	0.0012902265318244233
2023-10-06	-0.0012424842909909417
2023-10-09	0.006911150721578663
2023-10-10	0.0017845500746653808
2023-10-11	0.00511576821423021
2023-10-12	-0.004907966632795802
2023-10-13	0.002237739773076397
2023-10-16	-0.002688417823567879
2023-10-17	-0.0059852248666263375
2023-10-18	-0.0027579229573546638
2023-10-19	0.0008757839153958891
2023-10-20	0.0017039215228151772
2023-10-23	0.0033099757959993426
2023-10-24	0.00036662975315371327
2023-10-25	-0.00453467055078971
2023-10-26	0.0038190854397937013
2023-10-27	0.0018335586521507352
2023-10-30	0.0017843867079379017
2023-10-31	0.0010961483144509288
2023-11-01	0.0031935623352477016
2023-11-02	0.004047423405281192
2023-11-03	0.006205319462334602
2023-11-06	-0.0067972530058664216
2023-11-07	0.005030822388525369
2023-11-08	0.003697891104538442
2023-11-09	-0.002336345682152463
2023-11-10	-0.0033776520241903807
2023-11-13	4.524889607782079e-05
2023-11-14	0.008991884697584718
2023-11-15	-0.002686944296792726
2023-11-16	0.00458012037450839
2023-11-17	-0.0003128897534232511
2023-11-20	-0.0006706635279204454
2023-11-21	0.003713654661692267
2023-11-22	4.45526972958632e-05
2023-11-23	-0.003566012465527346
2023-11-24	-0.0012525667806662089
2023-11-27	0.005554087079186809
2023-11-28	0.003964311426776668
2023-11-29	0.004747342519759945
2023-11-30	-0.002252079629910697
2023-12-01	0.007391007832243224
2023-12-04	0.0
2023-12-05	0.0
2023-12-06	0.0
2023-12-07	0.01313600321371755
2023-12-08	-0.0058540490030027925
2023-12-11	4.35946374268692e-05
2023-12-12	0.0030531554361432622
2023-12-13	0.004391869952279359
2023-12-14	0.005758131871797856
2023-12-15	0.006715088628775678
2023-12-18	-0.004147527187283395
2023-12-19	0.006311694003964474
2023-12-20	0.0028160593918913346
2023-12-21	0.0016168194014432036
2023-12-22	4.24557439380191e-05
2023-12-27	0.003992858015547274
2023-12-28	-0.0037653915959648954
2023-12-29	-0.004289367465317051
2024-01-02	-0.00571521264749697
2024-01-03	0.003431705677912955
2024-01-04	-0.0059849259773102625
2024-01-05	-0.002408466422683775
2024-01-08	0.001336443286389155
2024-01-09	-0.004391410254715233
2024-01-10	-0.0006486222550675658
2024-01-11	0.0007788683934430995
2024-01-12	0.0053181939599031836
2024-01-15	-0.0040428310563713765
2024-01-16	-0.0003886026259752873
2024-01-17	-0.004708880088600931
2024-01-18	-0.00112848082439454
2024-01-19	0.001260128101420177
2024-01-22	0.00195295879921642
2024-01-23	-0.004634658095343025
2024-01-24	0.0008703419565745385
2024-01-25	0.004565197488535899
2024-01-26	-0.00043281666652084105
2024-01-29	0.004589777156098984
2024-01-30	-0.0029740202364254564
2024-01-31	0.006527795986586149
2024-02-01	0.0008589335395974285
2024-02-02	-0.005707394886491746
2024-02-05	-0.005481260608443339
2024-02-06	0.0010849944310020732
2024-02-07	-0.001517246671069894
2024-02-08	-0.0029089280606721113
2024-02-09	-0.0018723011547905344
2024-02-12	0.002399350188471594
2024-02-13	-0.0010444846016756104
2024-02-14	0.004443638613530254
2024-02-15	-0.0005638657364205324
2024-02-16	-0.0017792153871215577
2024-02-19	-0.0010433947918819797
2024-02-20	0.002741740951549332
2024-02-21	-0.0051646837945318325
2024-02-22	0.002093989463900492
2024-02-23	0.00505011461114635
2024-02-26	-0.005457911964700468
2024-02-27	-0.0016114438264206443
2024-02-28	0.00043625305306416173
2024-02-29	0.004447707684378299
2024-03-01	-0.002214047989173462
2024-03-04	0.0018273502549950305
2024-03-05	0.006948743213260444
2024-03-06	0.0008625269431699056
2024-03-07	0.0025855974708519636
2024-03-08	0.0017192042849349942
2024-03-11	-0.0021024537411072908
2024-03-12	-0.00047296210086700263
2024-03-13	-0.0015487053684650753
2024-03-14	-0.0036191140500844154
2024-03-15	-0.0015134415049496974
2024-03-18	-8.656625531722195e-05
2024-03-19	-0.0005630598070958115
2024-03-20	0.001083360127354993
2024-03-21	0.0020778466751274483
2024-03-22	0.0040174699258277435
2024-03-25	-0.003312953376889971
2024-03-26	0.002244685360356824
2024-03-27	0.003144328059049073
2024-03-28	-0.0016316060677433741
2024-04-02	-0.008300395094803514
2024-04-03	0.0007372478577998276
2024-04-04	0.0044635396045946685
2024-04-05	-0.0030200439877582363
2024-04-08	-0.0013847240922595372
2024-04-09	0.005330029918189982
2024-04-10	-0.003663835733879517
2024-04-11	-0.0036339880865592367
2024-04-12	0.00742475472006876
2024-04-15	-0.005947784254714317
2024-04-16	-0.0032517715170914396
2024-04-17	0.0012614436560560716
2024-04-18	-0.0013901984751319985
2024-04-19	0.00043505737645888054
2024-04-22	0.0017829346709876681
2024-04-23	-0.0011286615367431807
2024-04-24	-0.006170970420305455
2024-04-25	-0.0019239459206724652
2024-04-26	0.004162072735118594
2024-04-29	0.004057609584543265
2024-04-30	-0.003128688220238929
2024-05-02	0.001917990743194098
2024-05-03	0.0030889338099837627
2024-05-06	0.0017782948753075623
2024-05-07	0.0032472079725966996
2024-05-08	-0.0023304355441795543
2024-05-09	-0.0023358791600009976
2024-05-10	-0.0013006755276013804
2024-05-13	0.0005644042744350486
2024-05-14	-0.0026468009559666994
2024-05-15	0.00870098157175625
2024-05-16	-0.0014233134163783578
2024-05-17	-0.0036280237650384572
2024-05-20	-0.0008669841584812987
2024-05-21	0.0011714359623558046
2024-05-22	-0.0019500812912707222
2024-05-23	-0.003386783981319197
2024-05-24	0.0010456223052353053
2024-05-27	0.0026983625622740703
2024-05-28	-0.0032119191947791448
2024-05-29	-0.005878520704761359
2024-05-30	0.0024091241944625974
2024-05-31	-0.00030587587556973883
2024-06-03	0.005288936469317385
2024-06-04	0.002695781259070662
2024-06-05	0.0029053134309395823
2024-06-06	-0.0027239590381876733
2024-06-07	-0.005202724320608865
2024-06-10	-0.0065373554380177
2024-06-11	0.0016231917527567141
2024-06-12	0.0074456933619724275
2024-06-13	0.0007389918449696165
2024-06-14	0.004127078692323982
2024-06-17	-0.002768931491163862
2024-06-18	0.0030803060827129247
2024-06-19	-0.002076049266531599
2024-06-20	0.0002166671337286985
2024-06-21	-0.00017331268898479468
2024-06-24	-4.3315017308254156e-05
2024-06-25	0.0010835010002978596
2024-06-26	-0.0033336074868348664
2024-06-27	-0.00121627548938108
2024-06-28	-0.0011742890101447134
2024-07-01	-0.005747625697233638
2024-07-02	0.0011824659577439611
2024-07-03	0.004724194101194179
2024-07-04	-0.0009142717825252333
2024-07-05	0.003704069722452852
2024-07-08	0.002257549441757156
2024-07-09	-0.004548388408078918
2024-07-10	0.004917357354306429
2024-07-11	0.005066412783010232
2024-07-12	-0.0014648207979736094
2024-07-15	0.0020279157945433113
2024-07-16	0.0030573592629157265
2024-07-17	0.0
2024-07-18	0.0014166325152411563
2024-07-19	-0.004501202201198207
2024-07-22	-0.0006028739510486325
2024-07-23	0.0017235008558742493
2024-07-24	-0.0010753449500998657
2024-07-25	0.002583704706321077
2024-07-26	0.0007730811457493658
2024-07-29	0.00257497379554672
2024-07-30	0.0014125696078965966
2024-07-31	0.0036334528123609378
2024-08-01	0.002640669296666953
2024-08-02	0.002293825508836944
2024-08-05	-0.0008475757998314126
2024-08-06	0.0005938468085588955
2024-08-07	-0.004196910756721461
2024-08-08	-0.00021282080950668636
2024-08-09	0.0034489832780308927
2024-08-12	0.000594073621908997
2024-08-13	0.0038591859018624053
2024-08-14	0.0001689708995367134
2024-08-15	-0.005702146816624953
2024-08-16	-0.00033990344959466956
2024-08-19	0.001657298919679695
2024-08-20	0.0030546224661740506
2024-08-21	0.0009305615533592437
2024-08-22	-0.002535447748563069
2024-08-23	0.002202925091496999
2024-08-26	-0.0015217186761902202
2024-08-27	-0.0035561421090587464
2024-08-28	0.0013170810411236022
2024-08-29	-0.00025460448900249677
2024-08-30	-0.001188348934865413
2024-09-02	-0.0019545987168392287
2024-09-03	0.0033208068844499117
2024-09-04	0.004879902028033012
2024-09-05	0.0013512769031120975
2024-09-06	0.0020242203441784845
2024-09-09	-0.00025253646225953386
2024-09-10	0.0010103207196201502
2024-09-11	0.004625956241110618
2024-09-12	-0.0032232267781561186
2024-09-13	0.0007978792000797874
2024-09-16	0.0014267297898153952
2024-09-17	-0.0009218252395495341
2024-09-18	-0.00461353891921501
2024-09-19	0.0003792516021350334
2024-09-20	-0.0007160390004664619
2024-09-23	0.0021495758450640334
2024-09-24	0.0027338718288301145
2024-09-25	-0.0032716377789600015
2024-09-26	0.0008416638199175708
2024-09-27	0.002775090699905336
2024-09-30	0.00046122181794339134
2024-10-01	0.006789553421428396
2024-10-02	-0.0035383850945091
2024-10-03	-0.003216763312993698
2024-10-04	-0.00368823340191049
2024-10-07	-0.002061239596918174
2024-10-08	0.00025294098161676715
2024-10-09	-0.0012643047127884888
2024-10-10	0.0018144721720974033
2024-10-11	-0.0018953784514759153
2024-10-14	0.00033757100038123156
2024-10-15	0.004260697425791493
2024-10-16	0.0043266673076307605
2024-10-17	-0.000794721935873044
2024-10-18	0.0016743790937339131
2024-10-21	-0.007730859322319761
2024-10-22	-0.0029058851001014796
2024-10-23	0.0013093485618314027
2024-10-24	0.004724322278590876
2024-10-25	-0.0024350545354842046
2024-10-28	0.00033666176818702986
2024-10-29	-0.0029449996834326475
2024-10-30	-0.002447304050083754
2024-10-31	-0.001480472327955229
2024-11-01	-0.0004236307930379768
2024-11-04	0.002500424376167043
2024-11-05	-0.0024096855733249933
2024-11-06	0.0
2024-11-07	-0.0028391997897212473
2024-11-08	0.005142165195309412
2024-11-11	0.0035937376516677055
2024-11-12	-0.0014323797206016176
2024-11-13	0.0
2024-11-14	0.001982908777988346
2024-11-15	0.0005894711143092923
2024-11-18	-0.0007574334747552092
2024-11-19	0.002189844400804164
2024-11-20	-0.0009245006374125619
2024-11-21	0.001219769393390857
2024-11-22	0.003906759537704474
2024-11-25	0.0014645512746584988
2024-11-26	0.0006684845173869913
2024-11-27	0.0034239732122200994
2024-11-28	0.002912891449552424
2024-11-29	0.0035683350526458657
2024-12-02	0.002149917111914368
2024-12-03	8.246632867536796e-05
2024-12-04	-0.0003712252439460606
2024-12-05	0.0001238139384269754
2024-12-06	0.0003300771596679297
2024-12-09	-0.00037127328246966407
2024-12-10	-0.0002888491251294978
2024-12-11	-0.0008254654314208132
2024-12-12	-0.006031309291932185
2024-12-13	-0.00220279298422954
2024-12-16	-0.001541100869413503
2024-12-17	0.0012514612847465134
2024-12-18	-0.0003749373382595511
2024-12-19	-0.004584886949528522
2024-12-20	0.001968046439570603
2024-12-23	-0.0028000058665574867
2024-12-27	-0.004735519433182844
2024-12-30	0.002400067591249
2025-01-02	-0.0008401435759382014
2025-01-03	-0.0039098001926753945
2025-01-06	-0.0006753364767996262
2025-01-07	-0.0007602166242789421
2025-01-08	-0.003001016596891559
2025-01-09	-0.0032643575737016928
2025-01-10	-0.0011484168097523062
2025-01-13	-0.002214275567703039
2025-01-14	-0.0025179249426704464
2025-01-15	0.008984768711223001
2025-01-16	-0.000763246784043492
2025-01-17	0.0014428345409700505
2025-01-20	0.002203404228011241
2025-01-21	0.001437588180905891
2025-01-22	-0.0009710285131111496
2025-01-23	-0.00038038956760455545
2025-01-24	-0.0019447650283235252
2025-01-27	0.00190621746197972
2025-01-28	-0.0007610201557038954
2025-01-29	-0.0013963334585046505
2025-01-30	0.00461841672363561
2025-01-31	0.0029945616026170185
2025-02-03	0.0058870269896125205
2025-02-04	-0.000501614919372062
2025-02-05	0.0033042148024420293
2025-02-06	-0.0010839159421278666
2025-02-07	-0.0001252090565390107
2025-02-10	0.0005008989432402355
2025-02-11	-0.0045472094036558275
2025-02-12	-0.0026820542006112946
2025-02-13	0.005168467499334417
2025-02-14	-0.0009196672198437117
2025-02-17	-0.0037658543016780843
2025-02-18	0.0005880103723747698
2025-02-19	-0.0043235797786617125
2025-02-20	0.0009275407721915929
2025-02-21	0.0036222109786863133
2025-02-24	-0.00037765952592927476
2025-02-25	0.00239301423060323
2025-02-26	0.0013403206608137985
2025-02-27	0.0012965630229990754
2025-02-28	0.0004595675380230091
2025-03-03	-0.005803755095487695
2025-03-04	-0.0006300153911198425
2025-03-05	-0.01601103626759859
2025-03-06	-0.005253089635851582
2025-03-07	0.0019749067207261994
2025-03-10	-0.0010283729763228555
2025-03-11	-0.0010723007383469652
2025-03-12	0.0006870517405077603
2025-03-13	0.0007294657001348792
2025-03-14	-0.0009004334102504785
2025-03-17	0.005192922485160345
2025-03-18	-0.000640478884392448
2025-03-19	0.0016234505695034152
2025-03-20	-0.0009383390666333202
2025-03-21	0.001963861431852676
2025-03-24	-0.00012783925250203776
2025-03-25	-0.0009800907782869794
2025-03-26	0.0005971905682291556
2025-03-27	0.00102315586380608
2025-03-28	0.0017034626568348532
2025-03-31	0.0007227668224323303
2025-04-01	0.0035686818509594875
2025-04-02	-0.0028363151367599704
2025-04-03	0.004457632811545986
2025-04-04	0.003296746527553296
2025-04-07	-0.003117419729736337
2025-04-08	-0.0016480543536337988
2025-04-09	0.001989455450148725
2025-04-10	-0.001098385247989997
2025-04-11	0.005666953341667336
2025-04-14	0.003490335605922823
2025-04-15	-0.0032687013156732503
2025-04-16	0.0028589780909513696
2025-04-17	0.0019703591329556236
2025-04-22	0.002887039549872128
2025-04-23	-0.002962123823046392
2025-04-24	0.005481571994267798
2025-04-25	-0.002122380838531779
2025-04-28	-0.0020852924794719785
2025-04-29	0.0004179300021849297
2025-04-30	0.002715370323477906
2025-05-02	-0.005999291985329558
2025-05-05	0.0005029983642959035
2025-05-06	-0.0002513727420698775
2025-05-07	0.004441688719261538
2025-05-08	-0.0022527576229491864
2025-05-09	-0.002550441823513716
2025-05-12	-0.005323642015556351
2025-05-13	-0.0008007504322460335
2025-05-14	-0.0016026234048981403
2025-05-15	0.006167620099225335
2025-05-16	0.0015114323997165169
2025-05-19	0.0007126770478331768
2025-05-20	-0.0008797246949109327
2025-05-21	-0.003102780338458788
2025-05-22	-0.0005888265272928628
2025-05-23	0.003661383878528879
2025-05-26	0.0011740482551427789
2025-05-27	0.0034342179627229186
2025-05-28	-0.0008347784994939822
2025-05-29	0.002631757168592319
2025-05-30	0.0006665627778090766
2025-06-02	-0.0012073998266725061
2025-06-03	0.0008753973974220397
2025-06-04	-4.162643373872843e-05
