time	3141.HK
2014-11-10	0.0
2014-11-11	0.0
2014-11-12	0.0
2014-11-13	0.0006666819254557144
2014-11-14	0.0013324119776410015
2014-11-17	0.007984024463808748
2014-11-18	0.0
2014-11-19	0.0
2014-11-20	-0.0033002797570629294
2014-11-21	-0.0033112708259412926
2014-11-24	0.003322271767520979
2014-11-25	0.0
2014-11-26	0.0
2014-11-27	0.0
2014-11-28	0.0
2014-12-01	0.0
2014-12-02	0.0
2014-12-03	0.0
2014-12-04	0.0
2014-12-05	0.0
2014-12-08	0.0
2014-12-09	0.0033112076687034087
2014-12-10	0.0
2014-12-11	0.0
2014-12-12	0.0
2014-12-15	-0.0066006224629272525
2014-12-16	0.0
2014-12-17	0.0
2014-12-18	0.0
2014-12-19	0.0
2014-12-22	0.0
2014-12-23	0.003322271767520979
2014-12-24	0.0
2014-12-29	0.0
2014-12-30	0.0
2014-12-31	0.0
2015-01-02	0.0033112076687034087
2015-01-05	0.0
2015-01-06	0.003300342705864212
2015-01-07	-0.0032894862738344077
2015-01-08	0.003300342705864212
2015-01-09	-0.0032894862738344077
2015-01-12	0.0
2015-01-13	0.003300342705864212
2015-01-14	0.0032894862738344077
2015-01-15	0.0
2015-01-16	0.0032787010317942844
2015-01-19	-0.006535972563600612
2015-01-20	0.0
2015-01-21	0.0
2015-01-22	0.0
2015-01-23	0.0
2015-01-26	0.0032894862738344077
2015-01-27	0.0
2015-01-28	0.0032787010317942844
2015-01-29	0.0
2015-01-30	0.006535910231946662
2015-02-02	0.0
2015-02-03	-0.003246703785653615
2015-02-04	0.0
2015-02-05	0.0032572792063838563
2015-02-06	-0.003246703785653615
2015-02-09	-0.0032573413350023284
2015-02-10	0.0
2015-02-11	0.0
2015-02-12	0.0
2015-02-13	0.0
2015-02-16	0.0032679862818003613
2015-02-17	-0.0032573413350023284
2015-02-18	0.0
2015-02-23	0.0
2015-02-24	0.0
2015-02-25	0.006535910231946662
2015-02-26	0.0
2015-02-27	-0.003246703785653615
2015-03-02	0.0
2015-03-03	0.0
2015-03-04	0.0
2015-03-05	0.0
2015-03-06	0.0
2015-03-09	-0.0032573413350023284
2015-03-10	0.0
2015-03-11	0.0
2015-03-12	0.0
2015-03-13	0.0
2015-03-16	-0.0032679862818002503
2015-03-17	0.0
2015-03-18	0.0032787010317942844
2015-03-19	0.0032679862818003613
2015-03-20	0.0
2015-03-23	0.0
2015-03-24	-0.009772024005007096
2015-03-25	0.009868458821503223
2015-03-26	-0.0032573413350023284
2015-03-27	0.0
2015-03-30	0.0
2015-03-31	0.0
2015-04-01	0.0
2015-04-02	0.0
2015-04-08	0.006535910231946662
2015-04-09	0.0
2015-04-10	-0.006493469498212501
2015-04-13	0.0032679862818003613
2015-04-14	0.0
2015-04-15	0.0
2015-04-16	0.0032572792063838563
2015-04-17	0.0
2015-04-20	0.0
2015-04-21	0.0
2015-04-22	0.0
2015-04-23	-0.003246703785653615
2015-04-24	0.0
2015-04-27	0.0032572792063838563
2015-04-28	0.0
2015-04-29	-0.003246703785653615
2015-04-30	0.0
2015-05-04	-0.0032573413350023284
2015-05-05	0.0
2015-05-06	-0.0032679862818002503
2015-05-07	-0.0032787010317942844
2015-05-08	0.0032894862738344077
2015-05-11	0.0032787010317942844
2015-05-12	-0.006535972563600612
2015-05-13	0.0
2015-05-14	0.0
2015-05-15	0.0032894862738344077
2015-05-18	0.0
2015-05-19	0.0
2015-05-20	0.0
2015-05-21	0.0
2015-05-22	0.0032787010317942844
2015-05-26	-0.0032679862818002503
2015-05-27	0.0032787010317942844
2015-05-28	0.0
2015-05-29	0.0
2015-06-01	0.0
2015-06-02	0.0
2015-06-03	-0.0032679862818002503
2015-06-04	-0.0032787010317942844
2015-06-05	0.0
2015-06-08	-0.0032894862738344077
2015-06-09	0.0
2015-06-10	-0.0033002797570629294
2015-06-11	-0.0033112708259412926
2015-06-12	0.0
2015-06-15	0.003322271767520979
2015-06-16	0.0
2015-06-17	0.0
2015-06-18	0.0
2015-06-19	0.0
2015-06-22	0.0
2015-06-23	-0.0033112708259412926
2015-06-24	-0.003322271767520979
2015-06-25	0.0
2015-06-26	0.0
2015-06-29	-0.006666692097981763
2015-06-30	0.01006715275469161
2015-07-02	-0.003322271767520979
2015-07-03	0.0
2015-07-06	0.0
2015-07-07	0.0
2015-07-08	0.0
2015-07-09	0.0066666920979818745
2015-07-10	-0.0033112708259412926
2015-07-13	-0.003322271767520979
2015-07-14	-0.0033333460489909372
2015-07-15	0.0
2015-07-16	0.0
2015-07-17	0.0
2015-07-20	0.003344494406205767
2015-07-21	0.0
2015-07-22	0.0
2015-07-23	-0.0033333460489909372
2015-07-24	0.0
2015-07-27	0.003344494406205767
2015-07-28	0.0
2015-07-29	0.0
2015-07-30	0.0
2015-07-31	0.0
2015-08-03	0.0
2015-08-04	0.0
2015-08-05	0.0
2015-08-06	-0.0033333460489909372
2015-08-07	0.0
2015-08-10	0.003344494406205767
2015-08-11	0.0
2015-08-12	0.0
2015-08-13	0.0066666920979818745
2015-08-14	0.0
2015-08-17	0.0
2015-08-18	0.0
2015-08-19	-0.0033112708259412926
2015-08-20	0.0
2015-08-21	-0.003322271767520979
2015-08-24	0.0
2015-08-25	0.0
2015-08-26	0.0
2015-08-27	-0.0033333460489909372
2015-08-28	0.0
2015-08-31	0.0
2015-09-01	0.0
2015-09-02	0.0
2015-09-04	0.003344494406205767
2015-09-07	0.003333346048990826
2015-09-08	-0.003322271767520979
2015-09-09	0.0
2015-09-10	0.0
2015-09-11	0.0
2015-09-14	0.0
2015-09-15	-0.006666692097981763
2015-09-16	-0.003355653579907858
2015-09-17	0.0
2015-09-18	0.003366951904118398
2015-09-21	0.0033557175848972776
2015-09-22	0.0
2015-09-23	0.0
2015-09-24	0.0
2015-09-25	0.0
2015-09-29	-0.007357836660912498
2015-09-30	-0.0026954151914918567
2015-10-02	0.00675671800720723
2015-10-05	0.0
2015-10-06	0.0
2015-10-07	0.006711435169794333
2015-10-08	-0.0033333460489909372
2015-10-09	0.0
2015-10-12	0.0
2015-10-13	0.0
2015-10-14	0.0
2015-10-15	0.0
2015-10-16	0.003344494406205767
2015-10-19	0.0066666920979818745
2015-10-20	0.0
2015-10-22	0.0
2015-10-23	0.0
2015-10-26	0.0033112076687034087
2015-10-27	0.0
2015-10-28	-0.0033002797570629294
2015-10-29	0.0
2015-10-30	-0.0033112708259412926
2015-11-02	0.0
2015-11-03	0.003322271767520979
2015-11-04	0.0033112076687034087
2015-11-05	0.0
2015-11-06	0.0
2015-11-09	-0.0066006224629272525
2015-11-10	0.0
2015-11-11	0.003322271767520979
2015-11-12	-0.0033112708259412926
2015-11-13	0.0
2015-11-16	-0.003322271767520979
2015-11-17	0.003333346048990826
2015-11-18	-0.003322271767520979
2015-11-19	0.0066666920979818745
2015-11-20	0.0
2015-11-23	0.0
2015-11-24	0.0
2015-11-25	0.0
2015-11-26	0.0
2015-11-27	0.0
2015-11-30	0.0
2015-12-01	0.0
2015-12-02	0.0
2015-12-03	0.0033112076687034087
2015-12-04	-0.0033002797570629294
2015-12-07	0.0
2015-12-08	0.0
2015-12-09	0.0
2015-12-10	0.0
2015-12-11	0.0
2015-12-14	-0.006622541651882585
2015-12-15	-0.0033333460489909372
2015-12-16	0.0
2015-12-17	0.0
2015-12-18	0.006688988812411312
2015-12-21	0.0
2015-12-22	-0.003322271767520979
2015-12-23	-0.006666692097981763
2015-12-24	0.006711435169794333
2015-12-28	0.0
2015-12-29	0.0
2015-12-30	0.0
2015-12-31	0.0
2016-01-04	0.0
2016-01-05	0.0
2016-01-06	0.0
2016-01-07	0.0
2016-01-08	0.0
2016-01-11	-0.0033333460489909372
2016-01-12	0.0
2016-01-13	0.010033483218617079
2016-01-14	-0.0033112708259412926
2016-01-15	0.003322271767520979
2016-01-18	0.0
2016-01-19	0.0
2016-01-20	0.0
2016-01-21	0.0
2016-01-22	0.0
2016-01-25	0.0
2016-01-26	0.0
2016-01-27	0.0
2016-01-28	0.0
2016-01-29	0.0
2016-02-01	0.006622478494644701
2016-02-02	0.0
2016-02-03	0.0065789725476688155
2016-02-04	0.0
2016-02-05	-0.006535972563600612
2016-02-11	0.0
2016-02-12	0.0
2016-02-15	0.0
2016-02-16	0.0
2016-02-17	0.0
2016-02-18	0.0065789725476688155
2016-02-19	0.0
2016-02-22	0.0
2016-02-23	-0.0032679862818002503
2016-02-24	0.0032787010317942844
2016-02-25	0.0
2016-02-26	0.0
2016-02-29	0.0
2016-03-01	0.019607855359147885
2016-03-02	0.0
2016-03-03	0.0
2016-03-04	-0.019230780987109175
2016-03-07	0.0032679862818003613
2016-03-08	0.013029303211391063
2016-03-09	0.0
2016-03-10	-0.019292616530873885
2016-03-11	0.0
2016-03-14	0.009836040559362269
2016-03-15	0.006493531425117771
2016-03-16	0.0
2016-03-17	0.0
2016-03-18	0.0
2016-03-21	0.006451637514175879
2016-03-22	0.0
2016-03-23	0.0
2016-03-24	0.006410219573724785
2016-03-29	0.0
2016-03-30	0.0
2016-03-31	-0.012738841509227883
2016-04-01	-0.01935485101515244
2016-04-05	0.06907896078359399
2016-04-06	0.0
2016-04-07	0.0
2016-04-08	-0.003076876126802852
2016-04-11	-0.040123490221777525
2016-04-12	0.0
2016-04-13	0.0
2016-04-14	0.0
2016-04-15	0.0
2016-04-18	0.0
2016-04-19	0.0
2016-04-20	0.0
2016-04-21	0.003215446310068426
2016-04-22	0.003205079220378604
2016-04-25	-0.0031948395066633273
2016-04-26	0.0
2016-04-27	0.0
2016-04-28	0.0
2016-04-29	0.0
2016-05-03	0.0
2016-05-04	-0.00961542106003832
2016-05-05	0.0
2016-05-06	0.00970877501983125
2016-05-09	0.0
2016-05-10	0.0
2016-05-11	0.003205079220378604
2016-05-12	0.0
2016-05-13	0.0
2016-05-16	0.0
2016-05-17	0.0
2016-05-18	0.0
2016-05-19	-0.0031948395066633273
2016-05-20	0.0
2016-05-23	0.0
2016-05-24	0.0
2016-05-25	0.0
2016-05-26	0.0
2016-05-27	0.0
2016-05-30	0.0
2016-05-31	0.0
2016-06-01	0.0
2016-06-02	0.0
2016-06-03	0.0
2016-06-06	0.0
2016-06-07	0.0
2016-06-08	0.0
2016-06-10	0.0
2016-06-13	0.006410219573724785
2016-06-14	0.0
2016-06-15	0.0
2016-06-16	0.0
2016-06-17	0.0
2016-06-20	0.0
2016-06-21	0.0
2016-06-22	0.0
2016-06-23	0.0
2016-06-24	-0.006369390382820028
2016-06-27	0.0
2016-06-28	0.0
2016-06-29	0.0
2016-06-30	0.003205079220378604
2016-07-04	0.01597444128394665
2016-07-05	0.0
2016-07-06	0.0
2016-07-07	0.0
2016-07-08	-0.00628927233928156
2016-07-11	0.0
2016-07-12	0.0
2016-07-13	0.0
2016-07-14	0.0
2016-07-15	0.0
2016-07-18	0.0
2016-07-19	0.0
2016-07-20	-0.006329137991299971
2016-07-21	0.006369451126407855
2016-07-22	0.0
2016-07-25	0.0
2016-07-26	-0.006329137991299971
2016-07-27	0.0031847255632038163
2016-07-28	0.0063492305695065365
2016-07-29	0.0
2016-08-01	0.0031545259215892685
2016-08-02	0.0
2016-08-03	-0.0031446061798816594
2016-08-04	0.0
2016-08-05	0.0
2016-08-08	0.0
2016-08-09	0.0
2016-08-10	0.0
2016-08-11	0.0
2016-08-12	0.006309112011903872
2016-08-15	0.0
2016-08-16	0.0031348082340301175
2016-08-17	0.0
2016-08-18	-0.003125011920928955
2016-08-19	0.015674041170150588
2016-08-22	-0.012345725525951368
2016-08-23	0.0
2016-08-24	0.0
2016-08-25	0.0
2016-08-26	0.0
2016-08-29	-0.003125011920928955
2016-08-30	-0.009404364910596485
2016-08-31	0.0031645689956498746
2016-09-01	0.0031545259215892685
2016-09-02	0.0
2016-09-05	0.0
2016-09-06	-0.00628927233928156
2016-09-07	0.006329077632166724
2016-09-08	0.0
2016-09-09	0.0
2016-09-12	0.0031446661593999004
2016-09-13	-0.0031348082340301175
2016-09-14	0.0
2016-09-15	-0.0031446061798816594
2016-09-19	-0.003154586090314493
2016-09-20	0.0
2016-09-21	0.0
2016-09-22	0.0
2016-09-23	0.0
2016-09-26	0.006329077632166724
2016-09-27	0.006289332318799801
2016-09-28	-0.003125011920928955
2016-09-29	0.0031348082340301175
2016-09-30	-0.003125011920928955
2016-10-03	0.0
2016-10-04	0.0031348082340301175
2016-10-05	-0.00625002384185791
2016-10-06	0.0
2016-10-07	0.0
2016-10-11	0.0
2016-10-12	-0.00628927233928156
2016-10-13	0.006329077632166724
2016-10-14	0.0
2016-10-17	0.0
2016-10-18	-0.0031446061798816594
2016-10-19	0.0
2016-10-20	0.0031545259215892685
2016-10-21	0.0
2016-10-24	0.0
2016-10-25	0.0
2016-10-26	0.0
2016-10-27	-0.00943393849868146
2016-10-28	-0.0031746152847532683
2016-10-31	-0.0031847255632039273
2016-11-01	0.0
2016-11-02	0.0
2016-11-03	0.0
2016-11-04	0.0
2016-11-07	0.0
2016-11-08	0.0
2016-11-09	-0.0031948395066633273
2016-11-10	0.0
2016-11-11	-0.006410280706692251
2016-11-14	-0.0032258187570879393
2016-11-15	-0.01618122997322491
2016-11-16	0.013157882353605599
2016-11-17	0.0
2016-11-18	-0.009740235210771275
2016-11-21	-0.00655740206358868
2016-11-22	0.003300342705864212
2016-11-23	0.0065789725476688155
2016-11-24	-0.0032679862818002503
2016-11-25	0.0
2016-11-28	0.0
2016-11-29	0.0032787010317942844
2016-11-30	0.0
2016-12-01	0.0
2016-12-02	-0.0032679862818002503
2016-12-05	-0.009836040559362158
2016-12-06	0.0033112076687034087
2016-12-07	0.003300342705864212
2016-12-08	0.0065789725476688155
2016-12-09	0.0
2016-12-12	-0.0032679862818002503
2016-12-13	0.0
2016-12-14	0.0
2016-12-15	-0.0032787010317942844
2016-12-16	-0.013157882353605488
2016-12-19	0.013333320617675781
2016-12-20	0.0
2016-12-21	0.0
2016-12-22	0.0
2016-12-23	0.0
2016-12-28	-0.00986839607977108
2016-12-29	0.003322271767520979
2016-12-30	-0.006622541651882585
2017-01-03	0.0066666920979818745
2017-01-04	0.0033112076687034087
2017-01-05	0.003300342705864212
2017-01-06	0.0
2017-01-09	0.0032894862738344077
2017-01-10	0.0
2017-01-11	0.0
2017-01-12	0.0032787010317942844
2017-01-13	-0.006535972563600612
2017-01-16	0.0065789725476688155
2017-01-17	0.0
2017-01-18	0.0
2017-01-19	-0.0032679862818002503
2017-01-20	0.0032787010317942844
2017-01-23	0.0
2017-01-24	0.0
2017-01-25	0.0
2017-01-26	0.0
2017-01-27	-0.0032679862818002503
2017-02-01	0.0
2017-02-02	0.0032787010317942844
2017-02-03	0.0
2017-02-06	0.0
2017-02-07	0.0
2017-02-08	0.0032679862818003613
2017-02-09	0.0032572792063838563
2017-02-10	0.0
2017-02-13	0.0
2017-02-14	0.006493531425117771
2017-02-15	-0.009677394743888623
2017-02-16	0.0032572792063838563
2017-02-17	0.0
2017-02-20	0.0032467657125587746
2017-02-21	0.0
2017-02-22	-0.003236258339943676
2017-02-23	0.0
2017-02-24	0.006493531425117771
2017-02-27	0.0
2017-02-28	-0.0032258187570879393
2017-03-01	0.0
2017-03-02	0.0
2017-03-03	-0.003236258339943676
2017-03-06	0.0
2017-03-07	0.0
2017-03-08	-0.006493469498212501
2017-03-09	0.0032679862818003613
2017-03-10	0.0
2017-03-13	0.0
2017-03-14	0.0
2017-03-15	0.0
2017-03-16	0.006514620541386407
2017-03-17	-0.003236258339943676
2017-03-20	0.0
2017-03-21	0.0032467657125587746
2017-03-22	0.0
2017-03-23	0.01618122997322491
2017-03-24	-0.012738841509227883
2017-03-27	0.0032258187570879393
2017-03-28	0.0
2017-03-29	-0.003215446310068537
2017-03-30	-0.006451637514175879
2017-03-31	-0.006493469498212501
2017-04-03	0.0
2017-04-05	0.006535910231946662
2017-04-06	0.0032467657125587746
2017-04-07	0.0
2017-04-10	0.0
2017-04-11	0.0
2017-04-12	0.0
2017-04-13	0.003236258339943676
2017-04-18	-0.006451637514175879
2017-04-19	0.006493531425117771
2017-04-20	0.0
2017-04-21	0.0
2017-04-24	0.0
2017-04-25	0.0
2017-04-26	-0.0032258187570879393
2017-04-27	0.0
2017-04-28	0.003236258339943676
2017-05-02	0.0
2017-05-04	-0.0032258187570879393
2017-05-05	0.0
2017-05-08	0.0
2017-05-09	-0.009708713293337445
2017-05-10	0.009803896513747024
2017-05-11	0.0
2017-05-12	0.0
2017-05-15	0.003236258339943676
2017-05-16	0.0
2017-05-17	0.0032258187570879393
2017-05-18	-0.003215446310068537
2017-05-19	0.0032258187570879393
2017-05-22	0.0
2017-05-23	0.0
2017-05-24	-0.003215446310068537
2017-05-25	0.0032258187570879393
2017-05-26	0.0
2017-05-29	0.0
2017-05-31	0.0
2017-06-01	0.003215446310068426
2017-06-02	0.0
2017-06-05	0.003205079220378604
2017-06-06	0.0
2017-06-07	-0.006389739950984241
2017-06-08	0.003215446310068426
2017-06-09	-0.00320514035334607
2017-06-12	0.006430831290599848
2017-06-13	-0.0031948395066633273
2017-06-14	0.0
2017-06-15	0.003205079220378604
2017-06-16	0.0
2017-06-19	0.003194900444320803
2017-06-20	-0.0031847255632039273
2017-06-21	-0.0031948395066633273
2017-06-22	0.003205079220378604
2017-06-23	0.0
2017-06-26	-0.0031948395066633273
2017-06-27	0.003205079220378604
2017-06-28	0.0
2017-06-29	-0.006389739950984241
2017-06-30	-0.003215446310068537
2017-07-03	0.0
2017-07-04	0.0
2017-07-05	0.0
2017-07-06	0.0
2017-07-07	0.0
2017-07-10	0.0
2017-07-11	0.0
2017-07-12	-0.006451637514175879
2017-07-13	0.009740297137676546
2017-07-14	0.0
2017-07-17	-0.003215446310068537
2017-07-18	0.0032258187570879393
2017-07-19	0.0
2017-07-20	-0.003215446310068537
2017-07-21	0.0032258187570879393
2017-07-24	0.0
2017-07-25	0.0
2017-07-26	-0.006430892620137074
2017-07-27	0.00970877501983125
2017-07-28	-0.006410280706692251
2017-07-31	0.006451637514175879
2017-08-01	0.0
2017-08-02	-0.006410280706692251
2017-08-03	0.009677394743888623
2017-08-04	0.0
2017-08-07	0.0
2017-08-08	0.0
2017-08-09	0.0
2017-08-10	0.0
2017-08-11	0.0
2017-08-14	0.003194900444320803
2017-08-15	0.0
2017-08-16	-0.0031847255632039273
2017-08-17	0.0
2017-08-18	0.0
2017-08-21	0.0
2017-08-22	0.0
2017-08-23	0.0
2017-08-24	0.0
2017-08-25	0.003194900444320803
2017-08-28	0.0
2017-08-29	0.0031847255632038163
2017-08-30	0.0
2017-08-31	0.0
2017-09-01	0.0
2017-09-04	0.0
2017-09-05	0.0
2017-09-06	0.0
2017-09-07	0.0
2017-09-08	0.0031746152847531572
2017-09-11	0.0
2017-09-12	-0.0031645689956499856
2017-09-13	0.0
2017-09-14	0.0
2017-09-15	0.0
2017-09-18	0.0
2017-09-19	-0.0031746152847532683
2017-09-20	0.0031847255632038163
2017-09-21	-0.0031746152847532683
2017-09-22	0.0
2017-09-25	0.0
2017-09-26	0.0031847255632038163
2017-09-27	-0.0031746152847532683
2017-09-28	-0.009554115946023956
2017-09-29	0.0
2017-10-03	0.0
2017-10-04	0.0
2017-10-06	0.0
2017-10-09	-0.003215446310068537
2017-10-10	0.0032258187570879393
2017-10-11	0.0
2017-10-12	0.0
2017-10-13	0.0
2017-10-16	0.006430831290599848
2017-10-17	-0.0031948395066633273
2017-10-18	0.0
2017-10-19	0.0
2017-10-20	0.0
2017-10-23	-0.00320514035334607
2017-10-24	0.003215446310068426
2017-10-25	-0.00320514035334607
2017-10-26	0.0
2017-10-27	0.0
2017-10-30	-0.003215446310068537
2017-10-31	0.0032258187570879393
2017-11-01	0.0
2017-11-02	0.003215446310068426
2017-11-03	0.0
2017-11-06	0.0
2017-11-07	-0.006410280706692251
2017-11-08	0.006451637514175879
2017-11-09	0.0
2017-11-10	-0.00320514035334607
2017-11-13	-0.003215446310068537
2017-11-14	0.0032258187570879393
2017-11-15	0.0
2017-11-16	-0.003215446310068537
2017-11-17	0.0032258187570879393
2017-11-20	0.003215446310068426
2017-11-21	0.0
2017-11-22	0.0
2017-11-23	0.0
2017-11-24	0.0
2017-11-27	0.0
2017-11-28	0.0
2017-11-29	-0.00320514035334607
2017-11-30	0.0
2017-12-01	0.0
2017-12-04	0.0
2017-12-05	0.003215446310068426
2017-12-06	0.0
2017-12-07	0.0
2017-12-08	0.0
2017-12-11	0.0
2017-12-12	-0.006410280706692251
2017-12-13	0.006451637514175879
2017-12-14	0.0
2017-12-15	0.0
2017-12-18	0.0
2017-12-19	0.0
2017-12-20	0.0
2017-12-21	0.0
2017-12-22	0.0
2017-12-27	0.0
2017-12-28	-0.00320514035334607
2017-12-29	0.0
2018-01-02	0.0
2018-01-03	0.0
2018-01-04	-0.003215446310068537
2018-01-05	0.0032258187570879393
2018-01-08	0.0
2018-01-09	0.0
2018-01-10	-0.003215446310068537
2018-01-11	0.0
2018-01-12	-0.0032258187570879393
2018-01-15	0.0
2018-01-16	0.0
2018-01-17	0.0
2018-01-18	-0.003236258339943676
2018-01-19	0.0032467657125587746
2018-01-22	0.0
2018-01-23	0.0
2018-01-24	0.0
2018-01-25	-0.003236258339943676
2018-01-26	0.0032467657125587746
2018-01-29	-0.003236258339943676
2018-01-30	0.0032467657125587746
2018-01-31	-0.003236258339943676
2018-02-01	0.0
2018-02-02	-0.003246703785653615
2018-02-05	-0.0032573413350023284
2018-02-06	0.0032679862818003613
2018-02-07	-0.006514682670004768
2018-02-08	0.0032787010317942844
2018-02-09	0.0
2018-02-12	-0.0032679862818002503
2018-02-13	0.0
2018-02-14	0.0
2018-02-15	-0.0032787010317942844
2018-02-20	0.0032894862738344077
2018-02-21	0.0
2018-02-22	-0.0032787010317942844
2018-02-23	0.0
2018-02-26	0.0032894862738344077
2018-02-27	-0.0032787010317942844
2018-02-28	0.0032894862738344077
2018-03-01	0.0
2018-03-02	0.0032787010317942844
2018-03-05	0.006535910231946662
2018-03-06	0.0
2018-03-07	-0.003246703785653615
2018-03-08	-0.006514682670004768
2018-03-09	0.006557402063588569
2018-03-12	-0.0032573413350023284
2018-03-13	-0.0032679862818002503
2018-03-14	0.006557402063588569
2018-03-15	0.0
2018-03-16	-0.0032573413350023284
2018-03-19	0.0
2018-03-20	0.0032679862818003613
2018-03-21	-0.0032573413350023284
2018-03-22	-0.0032679862818002503
2018-03-23	0.0032787010317942844
2018-03-26	-0.0032679862818002503
2018-03-27	-0.0032787010317942844
2018-03-28	-0.0032894862738344077
2018-03-29	0.003300342705864212
2018-04-03	0.0032894862738344077
2018-04-04	-0.00655740206358868
2018-04-06	0.003300342705864212
2018-04-09	0.0032894862738344077
2018-04-10	-0.0032787010317942844
2018-04-11	-0.0032894862738344077
2018-04-12	-0.0033002797570629294
2018-04-13	0.0033112076687034087
2018-04-16	-0.0033002797570629294
2018-04-17	0.0033112076687034087
2018-04-18	0.0
2018-04-19	-0.0033002797570629294
2018-04-20	0.0
2018-04-23	-0.006622541651882585
2018-04-24	0.0
2018-04-25	0.0
2018-04-26	-0.006666692097981763
2018-04-27	0.006711435169794333
2018-04-30	-0.006666692097981763
2018-05-02	0.006711435169794333
2018-05-03	0.0
2018-05-04	0.0
2018-05-07	-0.0033333460489909372
2018-05-08	-0.003344494406205656
2018-05-09	0.0
2018-05-10	0.0033557175848972776
2018-05-11	0.0
2018-05-14	0.0
2018-05-15	0.0
2018-05-16	-0.003344494406205656
2018-05-17	0.0
2018-05-18	-0.003355653579907858
2018-05-21	0.0
2018-05-23	0.0
2018-05-24	0.003366951904118398
2018-05-25	0.0033557175848972776
2018-05-28	-0.003344494406205656
2018-05-29	0.006711435169794333
2018-05-30	0.003333346048990826
2018-05-31	0.0
2018-06-01	0.0
2018-06-04	0.0
2018-06-05	-0.003322271767520979
2018-06-06	0.0
2018-06-07	0.0
2018-06-08	0.0
2018-06-11	0.0
2018-06-12	0.003333346048990826
2018-06-13	-0.003322271767520979
2018-06-14	0.0
2018-06-15	0.0
2018-06-19	0.0
2018-06-20	0.003333346048990826
2018-06-21	-0.003322271767520979
2018-06-22	0.0
2018-06-25	-0.0033333460489909372
2018-06-26	0.0
2018-06-27	0.003344494406205767
2018-06-28	-0.009999974568684844
2018-06-29	0.003366951904118398
2018-07-03	-0.003355653579907858
2018-07-04	0.0
2018-07-05	0.0067339680287277215
2018-07-06	-0.003344494406205656
2018-07-09	0.0
2018-07-10	0.0
2018-07-11	0.0033557175848972776
2018-07-12	-0.003344494406205656
2018-07-13	0.0033557175848972776
2018-07-16	0.0
2018-07-17	0.0
2018-07-18	0.0
2018-07-19	0.0
2018-07-20	-0.003344494406205656
2018-07-23	0.0
2018-07-24	0.0
2018-07-25	0.0
2018-07-26	0.0
2018-07-27	0.0
2018-07-30	0.0
2018-07-31	0.0033557175848972776
2018-08-01	-0.003344494406205656
2018-08-02	-0.003355653579907858
2018-08-03	0.003366951904118398
2018-08-06	0.0
2018-08-07	0.0
2018-08-08	0.0033557175848972776
2018-08-09	0.0
2018-08-10	-0.003344494406205656
2018-08-13	0.0
2018-08-14	-0.003355653579907858
2018-08-15	0.003366951904118398
2018-08-16	0.0033557175848972776
2018-08-17	-0.003344494406205656
2018-08-20	0.0033557175848972776
2018-08-21	0.0
2018-08-22	0.003344494406205767
2018-08-23	0.0
2018-08-24	0.0
2018-08-27	0.003333346048990826
2018-08-28	0.0
2018-08-29	0.0
2018-08-30	0.0
2018-08-31	0.0
2018-09-03	-0.003322271767520979
2018-09-04	0.0
2018-09-05	-0.0033333460489909372
2018-09-06	0.003344494406205767
2018-09-07	0.0
2018-09-10	-0.006666692097981763
2018-09-11	0.0033557175848972776
2018-09-12	-0.003344494406205656
2018-09-13	0.0
2018-09-14	0.006711435169794333
2018-09-17	-0.0033333460489909372
2018-09-18	0.003344494406205767
2018-09-19	-0.006666692097981763
2018-09-20	0.0033557175848972776
2018-09-21	-0.006688925021486325
2018-09-24	0.0
2018-09-26	0.003366951904118398
2018-09-27	0.0
2018-09-28	0.0033557175848972776
2018-10-02	-0.010033419427692092
2018-10-03	0.0033783912223301904
2018-10-04	-0.006734032249218647
2018-10-05	0.0
2018-10-08	0.0
2018-10-09	-0.003389843439651763
2018-10-10	0.0
2018-10-11	0.0
2018-10-12	0.0
2018-10-15	0.0
2018-10-16	0.0
2018-10-18	-0.003401373563511778
2018-10-19	0.0068259647831825365
2018-10-22	-0.003389843439651763
2018-10-23	0.0
2018-10-24	-0.003401373563511778
2018-10-25	0.0034129823915913793
2018-10-26	-0.003401373563511778
2018-10-29	0.0
2018-10-30	0.0034129823915913793
2018-10-31	-0.003401373563511778
2018-11-01	0.0034129823915913793
2018-11-02	0.0
2018-11-05	-0.003401373563511778
2018-11-06	-0.0034129172943666575
2018-11-07	0.0034246051886412943
2018-11-08	-0.0034129172943666575
2018-11-09	0.0034246051886412943
2018-11-12	0.0034129823915913793
2018-11-13	0.0
2018-11-14	0.0
2018-11-15	0.0
2018-11-16	0.003401373563511889
2018-11-19	0.0
2018-11-20	0.0
2018-11-21	0.0
2018-11-22	0.0
2018-11-23	0.0
2018-11-26	-0.003389843439651763
2018-11-27	0.0
2018-11-28	0.0
2018-11-29	0.0
2018-11-30	0.003401373563511889
2018-12-03	0.003389843439651763
2018-12-04	-0.0033783912223301904
2018-12-05	0.0
2018-12-06	0.0
2018-12-07	0.003389843439651763
2018-12-10	-0.0033783912223301904
2018-12-11	0.003389843439651763
2018-12-12	0.0
2018-12-13	0.0
2018-12-14	0.0033783912223301904
2018-12-17	-0.006734032249218647
2018-12-18	0.01016946566306931
2018-12-19	-0.0067113711648050245
2018-12-20	0.01013510922953742
2018-12-21	-0.003344494406205656
2018-12-24	0.0
2018-12-27	0.0033557175848972776
2018-12-28	0.0
2018-12-31	0.003344494406205767
2019-01-02	0.003333346048990826
2019-01-03	0.0
2019-01-04	-0.003322271767520979
2019-01-07	-0.006666692097981763
2019-01-08	0.0033557175848972776
2019-01-09	-0.006688925021486325
2019-01-10	0.0067339680287277215
2019-01-11	0.0
2019-01-14	0.003344494406205767
2019-01-15	0.0
2019-01-16	-0.0033333460489909372
2019-01-17	0.003344494406205767
2019-01-18	-0.0033333460489909372
2019-01-21	0.0
2019-01-22	0.003344494406205767
2019-01-23	0.0
2019-01-24	0.0
2019-01-25	-0.0033333460489909372
2019-01-28	0.003344494406205767
2019-01-29	0.0
2019-01-30	0.0
2019-01-31	0.003333346048990826
2019-02-01	0.003322271767520979
2019-02-04	0.0
2019-02-08	0.0033112076687034087
2019-02-11	0.003300342705864212
2019-02-12	-0.0032894862738344077
2019-02-13	-0.0033002797570629294
2019-02-14	0.0033112076687034087
2019-02-15	0.003300342705864212
2019-02-18	0.0
2019-02-19	0.0
2019-02-20	0.0
2019-02-21	0.0
2019-02-22	-0.0032894862738344077
2019-02-25	0.006600685411728646
2019-02-26	-0.0032787010317942844
2019-02-27	-0.0032894862738344077
2019-02-28	0.003300342705864212
2019-03-01	-0.0032894862738344077
2019-03-04	0.0
2019-03-05	0.006600685411728646
2019-03-06	0.0
2019-03-07	-0.0032787010317942844
2019-03-08	0.0065789725476688155
2019-03-11	0.0
2019-03-12	0.0
2019-03-13	0.0032679862818003613
2019-03-14	-0.0032573413350023284
2019-03-15	0.0032679862818003613
2019-03-18	0.0
2019-03-19	0.0
2019-03-20	0.0
2019-03-21	0.006514620541386407
2019-03-22	-0.006472454953393769
2019-03-25	0.006514620541386407
2019-03-26	0.003236258339943676
2019-03-27	-0.0032258187570879393
2019-03-28	0.006472516679887352
2019-03-29	0.0
2019-04-01	-0.009646338930205611
2019-04-02	0.0
2019-04-03	0.0
2019-04-04	-0.003246703785653615
2019-04-08	-0.0006514806927241379
2019-04-09	0.0026075594168935012
2019-04-10	0.0013003578634942503
2019-04-11	-0.0038960693135464686
2019-04-12	0.0026075594168935012
2019-04-15	-0.0026007777344208005
2019-04-16	0.003911308040779993
2019-04-17	-0.0012986691288804364
2019-04-18	0.0013003578634942503
2019-04-23	-0.0012986691288804364
2019-04-24	0.0013003578634942503
2019-04-25	-0.0012986691288804364
2019-04-26	0.0013003578634942503
2019-04-29	0.0
2019-04-30	0.0
2019-05-02	0.0
2019-05-03	0.002597400184666032
2019-05-06	-0.00259067117487799
2019-05-07	0.006493531425117771
2019-05-08	0.0
2019-05-09	-0.0012903521137852536
2019-05-10	0.0
2019-05-14	0.003875996213888122
2019-05-15	0.0
2019-05-16	0.0
2019-05-17	0.0
2019-05-20	0.0
2019-05-21	-0.003861030872843396
2019-05-22	0.0012920192735859093
2019-05-23	0.0025806427001953125
2019-05-24	0.0025740001255609712
2019-05-27	-0.0025673916591080204
2019-05-28	-0.0012869693782785463
2019-05-29	0.00644326191017508
2019-05-30	0.0
2019-05-31	0.0012804390467482385
2019-06-03	-0.001278801619221892
2019-06-04	0.00640207312435237
2019-06-05	-0.00254452679221151
2019-06-06	0.0025510179256709176
2019-06-10	0.003816759855165275
2019-06-11	-0.0025348518713501633
2019-06-12	0.0
2019-06-13	0.0012706771317982923
2019-06-14	0.0012690040481537768
2019-06-17	0.0
2019-06-18	0.0
2019-06-19	0.0012674561534928852
2019-06-20	0.002531643124693339
2019-06-21	-0.005050500185316276
2019-06-24	0.0038070726567902557
2019-06-25	0.0012642514633054436
2019-06-26	0.0
2019-06-27	0.0
2019-06-28	-0.005050500185316276
2019-07-02	-0.008883270386391806
2019-07-03	0.010243268155208707
2019-07-04	-0.008871951331907768
2019-07-05	0.008951367428083667
2019-07-08	0.0
2019-07-09	-0.0038022475892073304
2019-07-10	0.0012722330629537648
2019-07-11	0.002541293674376277
2019-07-12	-0.001267395717857167
2019-07-15	0.0012690040481537768
2019-07-16	-0.001267395717857167
2019-07-17	-0.003807133169118959
2019-07-18	0.005095536603691109
2019-07-19	-0.006337099460557605
2019-07-22	0.0025510179256709176
2019-07-23	0.003816759855165275
2019-07-24	0.0012674561534928852
2019-07-25	-0.003797494866606632
2019-07-26	0.0038119708061747914
2019-07-29	-0.006329137991299971
2019-07-30	0.005095536603691109
2019-07-31	-0.0025348518713501633
2019-08-01	0.0012706771317982923
2019-08-02	0.0038070726567902557
2019-08-05	0.005056885287565871
2019-08-06	-0.0012578304760489933
2019-08-07	0.0062971931407276305
2019-08-08	-0.0012515334582141602
2019-08-09	0.002506263268008846
2019-08-12	0.0
2019-08-13	0.0
2019-08-14	0.0
2019-08-15	0.004999995231628418
2019-08-16	0.001243809568318932
2019-08-19	0.0024844103870176326
2019-08-20	0.0
2019-08-21	0.001239185781908958
2019-08-22	0.0
2019-08-23	-0.0037128382740666543
2019-08-26	0.004968939242891546
2019-08-27	-0.001236122211769941
2019-08-28	0.0049504903750889895
2019-08-29	-0.0012315552983714895
2019-08-30	-0.0024660302017261992
2019-09-02	0.004944370963977374
2019-09-03	0.0
2019-09-04	0.001230040435555857
2019-09-05	-0.0012285292948469584
2019-09-06	-0.001230040435555857
2019-09-09	0.0
2019-09-10	-0.003694548447536805
2019-09-11	-0.001236122211769941
2019-09-12	-0.002475186173044208
2019-09-13	-0.0037221693652138566
2019-09-16	-0.002490598350487816
2019-09-17	-0.001248467989523605
2019-09-18	0.0
2019-09-19	0.0025000572204589844
2019-09-20	0.003740614870183734
2019-09-23	0.0037266748149547
2019-09-24	-0.002475186173044208
2019-09-25	0.004962774165082395
2019-09-26	-0.008642054963191703
2019-09-27	0.0037360756716249277
2019-09-30	0.002481327921606491
2019-10-02	-0.0049504903750891005
2019-10-03	-0.002487500520428565
2019-10-04	0.007481229740367468
2019-10-08	-0.002475186173044208
2019-10-09	0.004962774165082395
2019-10-10	-0.003703788300324029
2019-10-11	-0.0012390676066484918
2019-10-14	-0.004962774165082395
2019-10-15	0.009975052261825157
2019-10-16	-0.008642054963191703
2019-10-17	-0.0012452397932795067
2019-10-18	0.0024937036094550002
2019-10-21	0.0
2019-10-22	0.0
2019-10-23	0.001243809568318932
2019-10-24	0.0
2019-10-25	0.0
2019-10-28	-0.002484528855874024
2019-10-29	-0.003735956907696125
2019-10-30	-0.0012500286102294922
2019-10-31	0.0050062531913477315
2019-11-01	-0.003735956907696125
2019-11-04	0.0037499666213989258
2019-11-05	-0.0012452397932795067
2019-11-06	-0.004987585586913923
2019-11-07	-0.002506263268008846
2019-11-08	-0.0012563101550140399
2019-11-11	0.005031441863232455
2019-11-12	-0.0025031265956738658
2019-11-13	0.0
2019-11-14	0.00250940796148158
2019-11-15	0.0
2019-11-18	0.0012515931374597056
2019-11-19	0.004999995231628418
2019-11-20	-0.002487500520428565
2019-11-21	0.0024937036094550002
2019-11-22	-0.001243809568318821
2019-11-25	-0.003735956907696125
2019-11-26	0.0012500286102294922
2019-11-27	0.006242220887157535
2019-11-28	-0.0024814462434759044
2019-11-29	-0.002487500520428565
2019-12-02	0.003740614870183734
2019-12-03	-0.002484528855874024
2019-12-04	0.0037360756716249277
2019-12-05	0.0
2019-12-06	-0.004962774165082395
2019-12-09	0.0
2019-12-10	0.0024937036094550002
2019-12-11	0.0
2019-12-12	0.0
2019-12-13	-0.006218929225385139
2019-12-16	0.0050062531913477315
2019-12-17	-0.006226614640148287
2019-12-18	0.00375942477902802
2019-12-19	0.0
2019-12-20	0.001248467989523716
2019-12-23	0.0
2019-12-24	-0.0012469112607288446
2019-12-27	0.001248467989523716
2019-12-30	0.0
2019-12-31	0.0
2020-01-02	0.0
2020-01-03	0.0012467923487260446
2020-01-06	-0.004981315464904323
2020-01-07	0.0
2020-01-08	0.0
2020-01-09	-0.003754660053888026
2020-01-10	0.001256250250848634
2020-01-13	0.003764141856724912
2020-01-14	0.0
2020-01-15	-0.002499997615814209
2020-01-16	0.005012586290047416
2020-01-17	-0.0012469112607288446
2020-01-20	0.0
2020-01-21	0.0
2020-01-22	0.001248467989523716
2020-01-23	0.0
2020-01-24	-0.0024938225214576892
2020-01-29	0.007500052452087402
2020-01-30	0.0
2020-01-31	0.0
2020-02-03	0.0
2020-02-04	0.0012406047998685388
2020-02-05	0.0
2020-02-06	-0.0012390676066484918
2020-02-07	0.0
2020-02-10	0.002481327921606491
2020-02-11	0.0012376521010224462
2020-02-12	0.0
2020-02-13	-0.001236122211769941
2020-02-14	0.0024753042020448923
2020-02-17	0.0
2020-02-18	0.001234478362543534
2020-02-19	0.0012330738970627309
2020-02-20	0.0012315552983714895
2020-02-21	0.002459963567999379
2020-02-24	0.0036810660183710375
2020-02-25	-0.0024450436451716184
2020-02-26	0.0024510365364791564
2020-02-27	0.006112375940733328
2020-02-28	-0.0060752417790488344
2020-03-02	-0.003667565467757372
2020-03-03	0.004907971009235457
2020-03-04	0.0
2020-03-05	0.00732605893660998
2020-03-06	0.003636331269235349
2020-03-09	0.0
2020-03-10	0.006038670573352833
2020-03-11	-0.012004847825405007
2020-03-12	0.0
2020-03-13	-0.009720525899849175
2020-03-16	-0.024539855046177728
2020-03-17	-0.013836435134130354
2020-03-18	0.0038264964779737287
2020-03-19	-0.03811940511564482
2020-03-20	0.0
2020-03-23	0.0013209711780604039
2020-03-24	0.010554079750826784
2020-03-25	0.005221927238881152
2020-03-26	0.009090931609783803
2020-03-27	-0.007722000376682914
2020-03-30	0.009079140248383188
2020-03-31	0.006426698271122078
2020-04-01	-0.010217104021144063
2020-04-02	0.011612922914566504
2020-04-03	-0.0012755393733678844
2020-04-06	-0.005108552010572032
2020-04-07	-0.0012836652238312762
2020-04-08	0.0
2020-04-09	0.0038560067046489177
2020-04-14	0.0025608170388020657
2020-04-15	0.002554276005285905
2020-04-16	0.0012739145227167459
2020-04-17	0.011450340231799805
2020-04-20	-0.003773551407665332
2020-04-21	0.002525250092658027
2020-04-22	-0.0012594746611799268
2020-04-23	-0.005044131490404724
2020-04-24	0.0012674561534928852
2020-04-27	0.0
2020-04-28	-0.002531643124693339
2020-04-29	-0.002538068608636368
2020-05-04	0.00508905358442302
2020-05-05	-0.002531643124693339
2020-05-06	0.0
2020-05-07	0.0038070726567902557
2020-05-08	-0.001264191180477603
2020-05-11	-0.001265851741913293
2020-05-12	0.0012674561534928852
2020-05-13	0.0
2020-05-14	0.005063286249386678
2020-05-15	0.0012594146061226663
2020-05-18	-0.0012578304760489933
2020-05-19	-0.0012594746611799268
2020-05-20	0.007566197235607142
2020-05-21	0.0037547794123791167
2020-05-22	0.0024937036094550002
2020-05-25	0.001243809568318932
2020-05-26	-0.0012422644279369566
2020-05-27	0.0
2020-05-28	-0.003731310088747497
2020-05-29	-0.001248467989523605
2020-06-01	0.0037499666213989258
2020-06-02	-0.0012452397932795067
2020-06-03	0.0012467923487260446
2020-06-04	0.0
2020-06-05	-0.0018679190718836614
2020-06-08	0.0018714147231364553
2020-06-09	0.0037360756716249277
2020-06-10	-0.0006203615608689761
2020-06-11	0.007448722988108392
2020-06-12	0.0018484711948041355
2020-06-15	-0.004920044439111093
2020-06-16	0.0024721265404374915
2020-06-17	-0.0006165369485313654
2020-06-18	0.0018507519025243724
2020-06-19	0.0
2020-06-22	0.00431032609672255
2020-06-23	-0.0006131348380923329
2020-06-24	-0.0012269049908646412
2020-06-26	-0.0012285292948469584
2020-06-29	0.004305024221333165
2020-06-30	0.0006123838902973855
2020-07-02	-0.00856789402332192
2020-07-03	0.0
2020-07-06	-0.0006172980500540604
2020-07-07	0.0018529202166341907
2020-07-08	0.0024661477941252397
2020-07-09	0.0
2020-07-10	0.001230040435555857
2020-07-13	0.0
2020-07-14	-0.0012285292948469584
2020-07-15	0.001230040435555857
2020-07-16	0.0
2020-07-17	0.0
2020-07-20	0.0018426767832684376
2020-07-21	0.0030656741904615536
2020-07-22	0.0012224052364879778
2020-07-23	0.0036630876901833087
2020-07-24	0.0
2020-07-27	0.0012164567983807828
2020-07-28	-0.0030376208895244172
2020-07-29	0.0018281954250132237
2020-07-30	0.0036496024326815313
2020-07-31	0.003030256791548336
2020-08-03	0.0006042434648239059
2020-08-04	0.0012077571502828732
2020-08-05	0.003618785658532797
2020-08-06	-0.0006009753154232467
2020-08-07	0.0018040101118155238
2020-08-10	-0.0012005076798832226
2020-08-11	-0.00240378663737173
2020-08-12	-0.00120484682554578
2020-08-13	0.0
2020-08-14	-0.0018094503488274016
2020-08-17	0.0
2020-08-18	-0.0024168586116390944
2020-08-19	0.002422713968758039
2020-08-20	0.0018127303944719397
2020-08-21	0.0
2020-08-24	-0.001206300232551638
2020-08-25	0.0024155143005657465
2020-08-26	-0.0030121170638643946
2020-08-27	0.0018127303944719397
2020-08-28	-0.003618785658532797
2020-08-31	0.0
2020-09-01	0.0006053407145723
2020-09-02	0.0030247571072965496
2020-09-03	0.0
2020-09-04	-0.0006031501162757635
2020-09-07	-0.0018104272691232826
2020-09-08	-0.002418434904062905
2020-09-09	0.0018182234330610392
2020-09-10	0.0012098336106662888
2020-09-11	0.0006042434648239059
2020-09-14	-0.0024153991225044358
2020-09-15	0.002421247401352966
2020-09-16	-0.0024153991225044358
2020-09-17	0.001210681429144378
2020-09-18	-0.000604608726015754
2020-09-21	-0.0018149234966302608
2020-09-22	0.0
2020-09-23	-0.0012121489553740261
2020-09-24	-0.0006068100218210581
2020-09-25	-0.002428598047741204
2020-09-28	0.0018258538490363296
2020-09-29	-0.001214978829124247
2020-09-30	0.0006082864085752426
2020-10-05	-0.005471133642173109
2020-10-06	-0.0006112609112929324
2020-10-07	0.001834787681771255
2020-10-08	0.0
2020-10-09	0.002442058460122132
2020-10-12	-0.003654047847965969
2020-10-14	0.0012224052364879778
2020-10-15	0.002442058460122132
2020-10-16	0.0012180546693509875
2020-10-19	-0.0018248592257255059
2020-10-20	-0.002437477669143262
2020-10-21	-0.0018326624989295492
2020-10-22	0.0018360273173410047
2020-10-23	-0.0012217749992863292
2020-10-27	0.0006116347797258115
2020-10-28	0.0018336661477809102
2020-10-29	-0.0006101421143525076
2020-10-30	-0.002441942016365717
2020-11-02	-0.0024480364231214136
2020-11-03	0.0012270220061236792
2020-11-04	0.0018382774023593118
2020-11-05	0.003058057241222656
2020-11-06	0.002439080271815719
2020-11-09	-0.0036497184514511227
2020-11-10	0.0
2020-11-11	-0.001220912786304651
2020-11-12	0.003056187970366553
2020-11-13	0.004265673094156597
2020-11-16	-0.0012136200436422273
2020-11-17	-0.0036451682429911036
2020-11-18	0.0036585041059751244
2020-11-19	-0.0018225261825909334
2020-11-20	0.00304316714131736
2020-11-23	0.0
2020-11-24	-0.0036407443937489514
2020-11-25	0.0012180546693509875
2020-11-26	0.0012164567983807828
2020-11-27	-0.001214978829124247
2020-11-30	0.002433029615531268
2020-12-01	0.0012136200436421163
2020-12-02	-0.003030256791548336
2020-12-03	-0.0018237498634710025
2020-12-04	0.003045020513290586
2020-12-07	-0.0012142411201452319
2020-12-08	-0.0006079166211570008
2020-12-09	0.0006082864085752426
2020-12-10	0.0018236339152311043
2020-12-11	0.0012136200436421163
2020-12-14	0.0
2020-12-15	0.0
2020-12-16	0.0018182234330610392
2020-12-17	-0.0024198979955070143
2020-12-18	0.003032210133607993
2020-12-21	0.001813710860723905
2020-12-22	0.0
2020-12-23	-0.003620969646796368
2020-12-24	0.0006057073739067498
2020-12-28	0.0006053407145723
2020-12-29	0.0018148081095430424
2020-12-30	0.0012077571502828732
2020-12-31	-0.001206300232551638
2021-01-04	0.003019392875707183
2021-01-05	0.001204006603261476
2021-01-06	-0.01383040011083958
2021-01-07	-0.006097584377790843
2021-01-08	0.0
2021-01-11	0.0
2021-01-12	-0.0012269049908646412
2021-01-13	0.0
2021-01-14	0.0018426767832684376
2021-01-15	0.0018394045142768878
2021-01-18	0.0024479196943199
2021-01-19	0.0
2021-01-20	0.0018315438450915433
2021-01-21	0.0006093984750044079
2021-01-22	0.0006090273346754937
2021-01-25	0.0
2021-01-26	0.0018258538490363296
2021-01-27	-0.0018225261825909334
2021-01-28	0.00304316714131736
2021-01-29	-0.0030339343719278933
2021-02-01	0.0006086566461405152
2021-02-02	0.0006082864085752426
2021-02-03	-0.0024316664846278924
2021-02-04	0.0024375939000176317
2021-02-05	-0.0018237498634710025
2021-02-08	0.0012180546693509875
2021-02-09	-0.0018248592257255059
2021-02-10	0.0018281954250132237
2021-02-11	0.002433029615531268
2021-02-16	-0.004247554415570121
2021-02-17	-0.0018281954250133348
2021-02-18	0.001221029230061177
2021-02-19	0.0
2021-02-22	-0.0030487340380210837
2021-02-23	-0.001223269559451512
2021-02-24	-0.001224767780594882
2021-02-25	-0.0012261527326716815
2021-02-26	-0.007366533608909487
2021-03-01	0.004947428777278606
2021-03-02	0.0006153987004207107
2021-03-03	0.002459963567999379
2021-03-04	-0.005521482012297407
2021-03-05	-0.0037013861401050674
2021-03-08	0.0
2021-03-09	-0.005572764997754276
2021-03-10	0.004358636186300169
2021-03-11	0.003719862145867836
2021-03-12	-0.0018530380269227154
2021-03-15	-0.0018564781515336692
2021-03-16	0.001239954048622538
2021-03-17	0.001238418466630975
2021-03-18	0.0006184433416607238
2021-03-19	-0.000618061105884915
2021-03-22	-0.003092098752296768
2021-03-23	0.002481327921606491
2021-03-24	0.0030940122235554313
2021-03-25	0.0
2021-03-26	-0.0012337169367391265
2021-03-29	0.0018529202166341907
2021-03-30	-0.00369910409878893
2021-03-31	-0.0012376521010224462
2021-04-01	-0.004956624952375366
2021-04-07	0.003113396393020773
2021-04-08	-0.003103733241142881
2021-04-09	0.0018680378358124639
2021-04-12	-0.0037289910113973423
2021-04-13	-0.0018715337093216933
2021-04-14	0.0006250143051147461
2021-04-15	-0.0031230599637758205
2021-04-16	0.003132844023518544
2021-04-19	0.0006246239062379644
2021-04-20	0.0018725829238248615
2021-04-21	0.0
2021-04-22	0.001246134499339302
2021-04-23	-0.001244583580802039
2021-04-26	-0.0018690829110823426
2021-04-27	-0.000624233994761858
2021-04-28	-0.0018738717187141152
2021-04-29	0.0037547794123791167
2021-04-30	0.0
2021-05-03	-0.0012469112607288446
2021-05-04	0.0
2021-05-05	0.0018725829238248615
2021-05-06	0.001246134499339302
2021-05-07	0.0012445835808019279
2021-05-10	0.0
2021-05-11	0.0
2021-05-12	-0.00497202752935888
2021-05-13	-0.0012492478124760398
2021-05-14	0.0018762155769191935
2021-05-17	0.001248467989523716
2021-05-18	-0.0024938225214576892
2021-05-20	-0.0012500286102294922
2021-05-21	0.0037547794123791167
2021-05-24	-0.0006234556303643668
2021-05-25	0.003119103862684325
2021-05-26	0.0
2021-05-27	-0.000621904784159466
2021-05-28	-0.001244583580802039
2021-05-31	0.001246134499339302
2021-06-01	-0.0006222917904009639
2021-06-02	0.0
2021-06-03	0.0
2021-06-04	-0.0012452397932795067
2021-06-07	0.003740614870183734
2021-06-08	0.0012422644279370676
2021-06-09	0.0012406047998685388
2021-06-10	0.001239185781908958
2021-06-11	0.0018564781515335582
2021-06-15	-0.0012353586846151066
2021-06-16	0.0
2021-06-17	-0.0037105420939573808
2021-06-18	0.00496585479051137
2021-06-21	0.0006176793423076088
2021-06-22	-0.0024691922002160194
2021-06-23	0.0037128382740665433
2021-06-24	-0.00369910409878893
2021-06-25	0.0030940122235554313
2021-06-28	-0.0012337169367391265
2021-06-29	-0.0012353586846151066
2021-06-30	0.0024736554106361552
2021-07-02	-0.006785854979368677
2021-07-05	0.0012422644279370676
2021-07-06	0.0006202432389996737
2021-07-07	0.002479908097245298
2021-07-08	0.0018553300249819493
2021-07-09	-0.00185189415016207
2021-07-12	-0.0012368866833212255
2021-07-13	0.0006192092333154875
2021-07-14	-0.002475186173044208
2021-07-15	0.003722051043344443
2021-07-16	-0.000618061105884915
2021-07-19	0.0018553300249819493
2021-07-20	0.0018517764125975944
2021-07-21	-0.0006161570649346748
2021-07-22	0.0
2021-07-23	0.0
2021-07-26	0.0
2021-07-27	-0.0012329563046635794
2021-07-28	0.0
2021-07-29	0.0
2021-07-30	0.0
2021-08-02	-0.0006172980500540604
2021-08-03	0.0018529202166341907
2021-08-04	0.0006165369485313654
2021-08-05	0.0024646282597389213
2021-08-06	-0.0018439266011939237
2021-08-09	-0.0018473329475572342
2021-08-10	-0.000616799635897558
2021-08-11	-0.00185189415016207
2021-08-12	0.0018553300249819493
2021-08-13	0.001234478362543534
2021-08-16	0.003082684742656605
2021-08-17	0.0030730937709770867
2021-08-18	-0.0006127591341198446
2021-08-19	0.0024525393523691097
2021-08-20	-0.0006116347797257005
2021-08-23	-0.0012240182115607068
2021-08-24	0.0
2021-08-25	-0.0012255182682395782
2021-08-26	0.0006135110030618396
2021-08-27	0.0006131348380922219
2021-08-30	0.0012255182682396892
2021-08-31	0.0006120091057804089
2021-09-01	-0.0006116347797257005
2021-09-02	0.0006120091057804089
2021-09-03	-0.001223269559451512
2021-09-06	0.0006123838902973855
2021-09-07	0.0
2021-09-08	-0.0006120091057802979
2021-09-09	0.001224767780594771
2021-09-10	0.001223269559451401
2021-09-13	-0.0006108874996432201
2021-09-14	-0.0006112609112929324
2021-09-15	0.003058057241222656
2021-09-16	-0.0030487340380210837
2021-09-17	0.0006116347797258115
2021-09-20	-0.001833782733878686
2021-09-21	-0.0024494187609055418
2021-09-23	0.0018415455869176256
2021-09-24	-0.002450919664624518
2021-09-27	-0.0030713232371172294
2021-09-28	-0.001848353674860359
2021-09-29	-0.0024691922002160194
2021-09-30	0.0
2021-10-04	-0.0037128382740666543
2021-10-05	-0.004347807028923123
2021-10-06	0.0006238445697739348
2021-10-07	-0.0012469112607288446
2021-10-08	-0.001872701984285463
2021-10-11	-0.0043777170623013895
2021-10-12	-0.002512560405862674
2021-10-15	0.008186405132497354
2021-10-18	-0.004996872115075712
2021-10-19	0.003138683998913816
2021-10-20	0.0
2021-10-21	-0.0006257368894843074
2021-10-22	-0.0012523767958203535
2021-10-25	0.001880861023820568
2021-10-26	0.0012515931374597056
2021-10-27	0.0
2021-10-28	0.0
2021-10-29	-0.002499997615814209
2021-11-01	0.004386005534537718
2021-11-02	-0.003119222848869563
2021-11-03	0.0050062531913477315
2021-11-04	-0.0031132776290919706
2021-11-05	0.0024983764901236327
2021-11-08	0.000623067249669651
2021-11-09	-0.0018679190718836614
2021-11-10	0.0006238445697739348
2021-11-11	-0.0006234556303643668
2021-11-12	-0.0012476891395478695
2021-11-15	0.0012492478124761508
2021-11-16	-0.0018715337093216933
2021-11-17	-0.0012500286102294922
2021-11-18	0.004380456622617768
2021-11-19	0.002492268998678826
2021-11-22	0.0006215182589808244
2021-11-23	-0.004347807028923123
2021-11-24	0.0006238445697739348
2021-11-25	-0.0006234556303643668
2021-11-26	0.0018714147231364553
2021-11-29	0.0
2021-11-30	0.0024907171144166185
2021-12-01	-0.0012422644279369566
2021-12-02	-0.001243809568318821
2021-12-03	0.0018680378358124639
2021-12-06	0.0024859544934359157
2021-12-07	0.00061997702431138
2021-12-08	-0.0018586604976029708
2021-12-09	-0.0006207466482285318
2021-12-10	0.0006211322139684228
2021-12-13	-0.0006207466482285318
2021-12-14	0.0037266748149547
2021-12-15	0.0
2021-12-16	0.0
2021-12-17	-0.0006188260505112231
2021-12-20	0.0018576276999464625
2021-12-21	-0.003090305529424797
2021-12-22	0.0
2021-12-23	0.0
2021-12-24	0.0
2021-12-28	0.001239954048622538
2021-12-29	0.0
2021-12-30	-0.00185750959786124
2021-12-31	0.0018609663607376259
2022-01-03	-0.0024767188311767274
2022-01-04	-0.011173202877479804
2022-01-05	0.0012554616262534513
2022-01-06	-0.00564264286295546
2022-01-07	-0.0025220657452024176
2022-01-10	-0.0006320654488249922
2022-01-11	0.0
2022-01-12	0.0
2022-01-13	-0.0025300417957861976
2022-01-14	-0.002536519617388544
2022-01-17	-0.005721500415300063
2022-01-18	-0.002557542261826362
2022-01-19	-0.0038461806506088214
2022-01-20	0.0045044848774806745
2022-01-21	0.0019218890009824463
2022-01-24	0.00127874064260447
2022-01-25	0.0012771684520147542
2022-01-26	-0.0025510179256708065
2022-01-27	-0.005115084523652835
2022-01-28	0.00257069156647316
2022-01-31	0.0006409791642951745
2022-02-04	-0.001281198240180692
2022-02-07	-0.004490038110268935
2022-02-08	-0.0012886892508864323
2022-02-09	-0.0025806427001953125
2022-02-10	0.002587319647757269
2022-02-11	-0.003870994813980566
2022-02-14	0.0019430497060131113
2022-02-15	-0.004524928719473076
2022-02-16	-0.000649303600987583
2022-02-17	0.001949300344506355
2022-02-18	0.0
2022-02-21	0.002594031235740424
2022-02-22	0.0
2022-02-23	-0.0038810103149191644
2022-02-24	-0.0012986691288804364
2022-02-25	-0.0006502099354632751
2022-02-28	-0.0019518369027040627
2022-03-01	0.003911308040779993
2022-03-02	0.0032467657125587746
2022-03-03	-0.005825252666599945
2022-03-04	0.0019531697471404375
2022-03-07	-0.0025990877817220204
2022-03-08	-0.006514682670004768
2022-03-09	-0.005245896636462577
2022-03-10	0.0019775697310688845
2022-03-11	-0.0032894862738344077
2022-03-14	-0.004620442018929194
2022-03-15	-0.011936359820056586
2022-03-16	-0.0026845612669198493
2022-03-17	0.00807536260642916
2022-03-18	0.002002716125652837
2022-03-21	0.0013324119776410015
2022-03-22	-0.0059880342107031526
2022-03-23	-0.0013386549297910166
2022-03-24	0.005361925153952507
2022-03-25	-0.0033333460489909372
2022-03-28	-0.004682253894133015
2022-03-29	0.004704280529963523
2022-03-30	0.009364571579191017
2022-03-31	-0.0006627056846066903
2022-04-01	-0.006631325064698657
2022-04-04	-0.00267022450436305
2022-04-06	-0.005354747386412062
2022-04-07	0.0033647504636646897
2022-04-08	-0.0013413483765277734
2022-04-11	-0.00873069922387304
2022-04-12	-0.002032566814382797
2022-04-13	-0.046164247972422356
2022-04-14	0.052669022140380495
2022-04-19	-0.00811358254689587
2022-04-20	-0.004771621980925178
2022-04-21	0.0034246051886412943
2022-04-22	-0.004095526792129878
2022-04-25	0.0020561845549995628
2022-04-26	0.0006840101887903849
2022-04-27	0.0027341053684302175
2022-04-28	-0.004090008132560108
2022-04-29	0.0006844783789754505
2022-05-03	-0.007523916384287954
2022-05-04	-0.0006891956391517073
2022-05-05	0.004827565160290925
2022-05-06	-0.004804371742649027
2022-05-10	-0.0027586180588294873
2022-05-11	0.0006915787590218159
2022-05-12	0.002073236518146393
2022-05-13	-0.002068947101461438
2022-05-16	0.0006910349013817818
2022-05-17	0.0
2022-05-18	-0.0020718048287008406
2022-05-19	0.0006920573711997058
2022-05-20	0.0006915787590218159
2022-05-23	0.005528674653057397
2022-05-24	0.0020618372905791826
2022-05-25	0.0
2022-05-26	0.004801076487689349
2022-05-27	0.0068259647831825365
2022-05-30	0.0
2022-05-31	-0.00474574202198097
2022-06-01	0.0
2022-06-02	-0.006130800457555763
2022-06-06	0.0
2022-06-07	0.0013707679150234409
2022-06-08	0.0
2022-06-09	-0.002053369861475751
2022-06-10	-0.0013717081065849346
2022-06-13	-0.010989065691980104
2022-06-14	-0.01041664045166013
2022-06-15	-0.0007017704478481379
2022-06-16	0.0021067898263844587
2022-06-17	0.0021022937637587003
2022-06-20	0.0034965167879690284
2022-06-21	-0.004181213799421046
2022-06-22	0.004198769753454901
2022-06-23	0.0013936936277145762
2022-06-24	0.0013918203147496033
2022-06-27	0.0006948766482941515
2022-06-28	-0.002083314844855022
2022-06-29	0.0
2022-06-30	-0.0013917539491042907
2022-07-04	0.006271721011923415
2022-07-05	-0.000692470602360884
2022-07-06	-0.006930033219324172
2022-07-07	-0.002093491495527733
2022-07-08	-0.0027972000922730222
2022-07-11	-0.005610092736466066
2022-07-12	0.007052145673008825
2022-07-13	-0.002100821675922404
2022-07-14	0.0
2022-07-15	-0.0007017704478481379
2022-07-18	-0.0035112494057952803
2022-07-19	0.0
2022-07-20	-0.0007046705780979767
2022-07-21	-0.003526106463947909
2022-07-22	0.009908021386332067
2022-07-25	0.0028030806285830323
2022-07-26	0.0034940066802517933
2022-07-27	-0.0006963283737175807
2022-07-28	0.0
2022-07-29	0.006271721011923415
2022-08-01	0.0020776099388717384
2022-08-02	0.0027643373265286986
2022-08-03	-0.006202629301738205
2022-08-04	0.0020804252990616057
2022-08-05	0.0013841147423994116
2022-08-08	-0.004837639751675615
2022-08-09	-0.0013888544874417486
2022-08-10	-0.002086212290156042
2022-08-11	0.013937268567839167
2022-08-12	-0.010996552942589943
2022-08-15	0.0
2022-08-16	0.0055594108267813525
2022-08-17	-0.004837639751675615
2022-08-18	0.0027777752022684066
2022-08-19	0.0
2022-08-22	-0.005540161082465245
2022-08-23	-0.0020891179448769837
2022-08-24	-0.003489196859809307
2022-08-25	0.0
2022-08-26	0.005602235658404231
2022-08-29	-0.002785512730456685
2022-08-30	-0.0006982734232273691
2022-08-31	0.0020964173369322214
2022-09-01	-0.005578795178158846
2022-09-02	0.0
2022-09-05	-0.0028050463682330884
2022-09-06	0.00281293678634964
2022-09-07	-0.004207602991139869
2022-09-08	0.0007042414800111363
2022-09-09	0.0
2022-09-13	-0.0028149163790039955
2022-09-14	-0.006351457452597908
2022-09-15	0.0
2022-09-16	0.0
2022-09-19	0.0
2022-09-20	0.0014204870647760437
2022-09-21	-0.0021277082151667237
2022-09-22	-0.00426435445940021
2022-09-23	-0.0028551007280189777
2022-09-26	-0.007874059287685142
2022-09-27	-0.00288600020518448
2022-09-28	-0.00940666550735203
2022-09-29	0.005113268856402398
2022-09-30	-0.002906973923522793
2022-10-03	0.0036443286998339985
2022-10-05	0.0029048627830998708
2022-10-06	-0.01158586504162229
2022-10-07	-0.004395565393344958
2022-10-10	-0.0029433378516490194
2022-10-11	-0.005166099447467154
2022-10-12	0.0007418567671684251
2022-10-13	0.0
2022-10-14	-0.007412856152118508
2022-10-17	0.002240457968782028
2022-10-18	0.0007451735339034649
2022-10-19	-0.005212259635731908
2022-10-20	-0.001496968907432561
2022-10-21	-0.005247353375077646
2022-10-24	0.0
2022-10-25	-0.005275105206012376
2022-10-26	0.006060600368335001
2022-10-27	-0.00150598678399827
2022-10-28	0.0030165883229702484
2022-10-31	-0.006766928668962557
2022-11-01	0.004542045378004067
2022-11-02	0.0
2022-11-03	0.0007535248577681397
2022-11-04	-0.0022590160824106365
2022-11-07	-0.006037730091023041
2022-11-08	0.005315086895877785
2022-11-09	-0.003776449516557756
2022-11-10	0.005307100130817588
2022-11-11	0.01508294161485102
2022-11-14	0.0014858472535419498
2022-11-15	0.005934783389992537
2022-11-16	0.0014748896364651376
2022-11-17	0.0
2022-11-18	0.0
2022-11-21	0.0029455053076399285
2022-11-22	-0.0029368547862792527
2022-11-23	-0.003681899191146476
2022-11-24	0.011086517011456687
2022-11-25	0.0
2022-11-28	0.008040910396444056
2022-11-29	-0.0014502903658215605
2022-11-30	0.0
2022-12-01	0.006535889318931121
2022-12-02	0.00288600020518448
2022-12-05	-0.003597067513145258
2022-12-06	0.0050541294509907075
2022-12-07	-0.0064655281677162835
2022-12-08	0.005784520907258006
2022-12-09	0.007189100112630964
2022-12-12	-0.004282685127513952
2022-12-13	-0.0028673808171997273
2022-12-14	0.006470176389299809
2022-12-15	-0.004285744258335611
2022-12-16	-0.0014346846980899386
2022-12-19	0.0007184072433208399
2022-12-20	-0.004307280567280802
2022-12-21	0.002883919407574931
2022-12-22	0.0007189237233311552
2022-12-23	0.004310306437753875
2022-12-28	-0.007153035126595819
2022-12-29	-0.0007204775792063467
2022-12-30	0.002162922366165665
2023-01-03	0.0
2023-01-04	-0.002877695176315198
2023-01-05	-0.00577200041036896
2023-01-06	0.006531215844115534
2023-01-09	0.008651758222725014
2023-01-10	0.0021444379654274037
2023-01-11	-0.004279630360744635
2023-01-12	0.002865326772472976
2023-01-13	0.0014286041259765625
2023-01-16	-0.0028531322554410377
2023-01-17	0.006437779365870755
2023-01-18	-0.002842925566497456
2023-01-19	0.012116898042017654
2023-01-20	-0.0028168987598808926
2023-01-26	0.0014124617216946245
2023-01-27	-0.002820871720180973
2023-01-30	0.0028288515475118903
2023-01-31	0.0
2023-02-01	0.0007051674888800541
2023-02-02	0.0014094755711846485
2023-02-03	0.007741003264035928
2023-02-06	-0.006983200413862689
2023-02-07	-0.008438810359049032
2023-02-08	0.0056737533008290875
2023-02-09	0.0007051674888800541
2023-02-10	-0.00634243844784832
2023-02-13	-0.0056737533008290875
2023-02-14	0.0057061284660482325
2023-02-15	-0.007801461515995811
2023-02-16	0.0007148126551423939
2023-02-17	-0.004285744258335611
2023-02-20	0.001434753110883591
2023-02-21	0.0
2023-02-22	-0.0007163487718130357
2023-02-23	-0.000716862295237708
2023-02-24	-0.0035867459516216726
2023-02-27	-0.0007199588649861033
2023-02-28	0.005763683216603255
2023-03-01	-0.005730653544946063
2023-03-02	-0.0014409551584126934
2023-03-03	-0.0007214484455417836
2023-03-06	0.009386220735454254
2023-03-07	0.0
2023-03-08	-0.005722455388096348
2023-03-09	0.0014388818929900182
2023-03-10	0.0064655281677161724
2023-03-13	-0.0014275843994948634
2023-03-14	0.006433177559708847
2023-03-15	0.002840906397000742
2023-03-16	-0.0007082315129522954
2023-03-17	0.0014174669206463708
2023-03-20	0.0014153930592624153
2023-03-21	0.002120189926098748
2023-03-22	-0.00987308464807668
2023-03-23	0.015669534731236112
2023-03-24	0.0028050463682329774
2023-03-27	0.0006993166956958952
2023-03-28	-0.006988146648314708
2023-03-29	-0.0028149163790039955
2023-03-30	0.0007057324508110696
2023-03-31	-0.005641743440361835
2023-04-03	0.0028368766504145437
2023-04-04	0.0035360138505342587
2023-04-06	0.006342505655342556
2023-04-11	-0.004201643351844697
2023-04-12	0.0
2023-04-13	-0.007032375498725707
2023-04-14	0.0014164630259045907
2023-04-17	-0.004243311043838349
2023-04-18	0.0
2023-04-19	0.0
2023-04-20	0.003551149929388764
2023-04-21	0.0
2023-04-24	0.0
2023-04-25	-0.003538583887466751
2023-04-26	0.012784112652779234
2023-04-27	-0.007012649359372958
2023-04-28	0.0028248560935075773
2023-05-02	-0.0007042414800112473
2023-05-03	0.0021142133567770838
2023-05-04	0.00843881035904892
2023-05-05	-0.009065558790629202
2023-05-08	0.005629832758007991
2023-05-09	-0.0034989636716821204
2023-05-10	-0.002808986130333757
2023-05-11	0.003521140239892029
2023-05-12	0.0
2023-05-15	0.0014035408956962758
2023-05-16	-0.007007734986814285
2023-05-17	0.0
2023-05-18	-0.007762855051869244
2023-05-19	0.0014224397932058874
2023-05-22	-0.0007102435323880218
2023-05-23	-0.00426435445940021
2023-05-24	0.0028551007280190888
2023-05-25	0.0014234522290286211
2023-05-29	-0.001421428892902754
2023-05-30	0.0014234522290286211
2023-05-31	-0.001421428892902754
2023-06-01	0.0
2023-06-02	0.0007117600531016954
2023-06-05	-0.00142250762210272
2023-06-06	0.005698000279445559
2023-06-07	0.0
2023-06-08	-0.007790344020451867
2023-06-09	0.006423993655785498
2023-06-12	-0.006382989372551329
2023-06-13	0.0
2023-06-14	0.0057102014560379555
2023-06-15	-0.001419478889075676
2023-06-16	-0.001421428892902754
2023-06-19	-0.002846972335232012
2023-06-20	0.0
2023-06-21	0.009279094383804587
2023-06-23	-0.00990101413886213
2023-06-26	0.010714258466448134
2023-06-27	-0.007773827536588396
2023-06-28	0.0
2023-06-29	0.0007122670163111078
2023-06-30	0.004270424564260855
2023-07-03	-0.008504598758249826
2023-07-04	0.0021444379654274037
2023-07-05	0.0057061284660482325
2023-07-06	-0.017730495974209393
2023-07-07	0.0
2023-07-10	-0.0050541983083401965
2023-07-11	0.0043541669651223636
2023-07-12	0.0
2023-07-13	0.0028901706222559387
2023-07-14	0.01152736643320651
2023-07-18	-0.007834733402857341
2023-07-19	0.0
2023-07-20	0.005025103610242665
2023-07-21	0.0014286041259765625
2023-07-24	0.0
2023-07-25	-0.0021398491915808338
2023-07-26	-0.0014295571419982167
2023-07-27	-0.0071582233040998755
2023-07-28	0.0
2023-07-31	0.005046841773740818
2023-08-01	0.0021521296663253864
2023-08-02	-0.005010783619220582
2023-08-03	-0.007913644582450474
2023-08-04	-0.002900649888591622
2023-08-07	0.005090886896306879
2023-08-08	0.000723605579063813
2023-08-09	0.00867678136088701
2023-08-10	0.001433724590475416
2023-08-11	-0.00286327566846456
2023-08-14	-0.011485990230212684
2023-08-15	0.006535889318931121
2023-08-16	-0.0007214484455417836
2023-08-17	-0.010108327759330904
2023-08-18	0.0
2023-08-21	0.003646986914350281
2023-08-22	-0.001453521615624065
2023-08-23	-0.005822410847066917
2023-08-24	0.010248927151289555
2023-08-25	-0.0036232021770864486
2023-08-28	0.0
2023-08-29	0.003636377507989952
2023-08-30	0.0007246542567840297
2023-08-31	0.0021723194829579295
2023-09-04	0.0
2023-09-05	0.0
2023-09-06	-0.0050577813621721646
2023-09-07	-0.0014524660202458461
2023-09-11	0.007999975031072415
2023-09-12	-0.0014429656987560158
2023-09-13	-0.0007225598823397128
2023-09-14	0.0036153428062684068
2023-09-15	-0.005043205637396908
2023-09-18	0.000724060456458453
2023-09-19	0.0
2023-09-20	0.0
2023-09-21	-0.0036178898816671134
2023-09-22	-0.008714657606691656
2023-09-25	0.0
2023-09-26	0.0
2023-09-27	-0.0036629478723699815
2023-09-28	0.0014705517300281912
2023-09-29	0.005873709572558505
2023-10-03	-0.0014598178370652803
2023-10-04	-0.007309969242609737
2023-10-05	-0.01399113265469365
2023-10-06	0.008215060034117094
2023-10-09	-0.008148122716833073
2023-10-10	0.010455518002899122
2023-10-11	-0.004434550415856275
2023-10-12	0.0037119665733973406
2023-10-13	0.0007395913364616202
2023-10-16	0.0
2023-10-17	0.0007391152312787863
2023-10-18	-0.010339759506439061
2023-10-19	0.0
2023-10-20	-0.0014925003476641274
2023-10-24	0.006726468745748004
2023-10-25	-0.0014848149493082996
2023-10-26	-0.0007435114515724761
2023-10-27	-0.004464246117236281
2023-10-30	0.0014947312345512387
2023-10-31	0.007462715247501972
2023-11-01	-0.0029629601372612724
2023-11-02	0.0014858472535419498
2023-11-03	0.008902139711311152
2023-11-06	0.0
2023-11-07	0.0
2023-11-08	0.0
2023-11-09	0.008088209822929349
2023-11-10	-0.0029175756193822178
2023-11-13	-0.0014630912693524012
2023-11-14	-0.0036629478723699815
2023-11-15	0.010294072479526406
2023-11-16	0.001455637416072797
2023-11-17	-0.001453521615624065
2023-11-20	0.0
2023-11-21	0.0036390241315698013
2023-11-22	0.0007251797613849753
2023-11-23	0.0
2023-11-24	0.0014492394067344705
2023-11-27	-0.007959454349224182
2023-11-28	0.01021154944808278
2023-11-29	0.0050541294509907075
2023-11-30	-0.0014368144866416799
2023-12-01	0.0035971361228102072
2023-12-04	0.0064516239296372735
2023-12-05	-0.0028490001397227793
2023-12-06	0.0007143020629882812
2023-12-07	0.006423993655785498
2023-12-08	-0.0021277082151667237
2023-12-11	0.0035536739032948628
2023-12-12	-0.008498575533404162
2023-12-13	0.0028571401323591594
2023-12-14	0.014957267714925004
2023-12-15	0.002105244419031038
2023-12-18	0.005602235658404231
2023-12-19	-0.0020891179448769837
2023-12-20	-0.002093491495527733
2023-12-21	0.0
2023-12-22	0.0
2023-12-27	0.006992966885427165
2023-12-28	-0.004861090047123429
2023-12-29	0.002093491495527733
2024-01-02	0.0
2024-01-03	-0.009749261350667227
2024-01-04	0.0
2024-01-05	-0.007032375498725707
2024-01-08	-0.001416395485230093
2024-01-09	0.0035460450856623638
2024-01-10	0.0
2024-01-11	0.0
2024-01-12	0.0
2024-01-15	0.0
2024-01-16	0.005653705007969689
2024-01-17	-0.005621920328852115
2024-01-18	-0.004946975032603551
2024-01-19	0.0
2024-01-22	0.004971569261613684
2024-01-23	-0.0056537050079698
2024-01-24	0.0007107483367974066
2024-01-25	0.0
2024-01-26	0.0007102435323880218
2024-01-29	0.0007097394445378935
2024-01-30	0.0056737533008290875
2024-01-31	0.002820871720180973
2024-02-01	0.0014064348603233245
2024-02-02	0.0
2024-02-05	-0.002808986130333757
2024-02-06	-0.0007042414800112473
2024-02-07	-0.0035235545129731483
2024-02-08	0.004950473346860607
2024-02-09	-0.0007037458729760582
2024-02-14	-0.007042213319620072
2024-02-15	0.0014184045069700613
2024-02-16	0.0
2024-02-19	-0.0007082315129522954
2024-02-20	0.0021262003809696672
2024-02-21	0.0
2024-02-22	-0.0035360812956750642
2024-02-23	0.0
2024-02-26	0.0028388900936726635
2024-02-27	0.0035385838874666398
2024-02-28	0.0
2024-02-29	-0.004936575951481781
2024-03-01	0.004961066633719424
2024-03-04	0.006346978184128771
2024-03-05	-0.002102360594472552
2024-03-06	0.0
2024-03-07	0.0
2024-03-08	0.0035112494057951693
2024-03-11	0.0006998060817726692
2024-03-12	0.0
2024-03-13	-0.0006993166956958952
2024-03-14	0.0
2024-03-15	-0.007697666687955795
2024-03-18	-0.004936575951481781
2024-03-19	0.0
2024-03-20	0.0035435997130730534
2024-03-21	0.006355943047862356
2024-03-22	-0.004912259285910103
2024-03-25	0.007052145673008825
2024-03-26	0.0
2024-03-27	0.0
2024-03-28	0.0
2024-04-02	-0.006302531811684053
2024-04-03	-0.0028188839348751715
2024-04-05	-0.004946975032603551
2024-04-08	-0.002840906397000853
2024-04-09	0.007122534312067552
2024-04-10	-0.004950540792001523
2024-04-11	0.0007107483367974066
2024-04-12	-0.008522719191002448
2024-04-15	0.009312329089232074
2024-04-16	-0.003548629538210446
2024-04-17	-0.0028490001397227793
2024-04-18	0.0
2024-04-19	-0.0028571401323590484
2024-04-22	0.002865326772472976
2024-04-23	-0.002142838069370767
2024-04-24	0.0
2024-04-25	0.0
2024-04-26	0.0
2024-04-29	0.0007157677177085375
2024-04-30	0.005007199627371284
2024-05-02	-0.00782922482976911
2024-05-03	0.008608381839714463
2024-05-06	0.004267387208514606
2024-05-07	-0.001416395485230093
2024-05-08	0.004964517229106846
2024-05-09	-0.0014114649016221392
2024-05-10	-0.006360367585856008
2024-05-13	0.00782358843487474
2024-05-14	-0.0007057324508110696
2024-05-16	-0.002118625232660154
2024-05-17	-0.0007077302760680748
2024-05-20	0.002832858511134795
2024-05-21	0.002118625232660154
2024-05-22	0.0
2024-05-23	0.0028188839348750605
2024-05-24	-0.005621920328852115
2024-05-27	0.0007067299753662493
2024-05-28	0.0
2024-05-29	0.0007062308608474233
2024-05-30	-0.006351457452597908
2024-05-31	0.003551149929388764
2024-06-03	0.0014153930592624153
2024-06-04	0.009894017462687144
2024-06-05	-0.002799157589909451
2024-06-06	-0.0014035408956962758
2024-06-07	0.008432947511854971
2024-06-11	-0.0069686675129888576
2024-06-12	0.002807014866879065
2024-06-13	-0.005598315179819013
2024-06-14	0.0007037458729761692
2024-06-17	0.00562587357269928
2024-06-18	0.0
2024-06-19	-0.0034965167879689174
2024-06-20	0.0
2024-06-21	0.0014035408956962758
2024-06-24	0.0035038006626932905
2024-06-25	-0.00628492699063532
2024-06-26	0.0
2024-06-27	0.0
2024-06-28	-0.001405446572924629
2024-07-02	0.0035186622519800537
2024-07-03	-0.007012649359372958
2024-07-04	0.0
2024-07-05	0.004237317815202202
2024-07-08	-0.0007032509630131578
2024-07-09	0.004926086885031822
2024-07-10	-0.005602235658404231
2024-07-11	0.006338038999772921
2024-07-12	-0.00419876975345479
2024-07-15	0.00983839408477949
2024-07-16	-0.002783574263854005
2024-07-17	-0.0006978526821408426
2024-07-18	-0.0006982734232273691
2024-07-19	-0.0006988279936125386
2024-07-22	0.0055944001845460445
2024-07-23	-0.0034770646965887053
2024-07-24	0.0
2024-07-25	0.0027913441776685755
2024-07-26	-0.0034794844212288067
2024-07-29	-0.0006982734232273691
2024-07-30	0.0006987613497069223
2024-07-31	0.0020950200617917414
2024-08-01	0.010452934811344683
2024-08-02	-0.0006896709573680493
2024-08-05	0.0041408157739446505
2024-08-06	0.0006873009450683032
2024-08-07	-0.007554986756961757
2024-08-08	-0.0020761061153755644
2024-08-09	0.008321767331774144
2024-08-12	0.0013755473050993672
2024-08-13	-0.0061813289831114115
2024-08-14	0.0006910349013817818
2024-08-15	0.0013812471267926618
2024-08-16	0.004137959973565364
2024-08-19	-0.002747250048093064
2024-08-20	0.0027548182225876072
2024-08-21	0.0020604211611678913
2024-08-22	0.0020561845549995628
2024-08-23	-0.005471951048718893
2024-08-26	0.0068776053460857245
2024-08-27	-0.0034153134946931507
2024-08-28	0.0034270178349513625
2024-08-29	-0.0034153134946931507
2024-08-30	0.0
2024-09-02	-0.0006854166399760109
2024-09-03	0.003429368381104414
2024-09-04	-0.004101190645752206
2024-09-05	0.0034317221538875398
2024-09-09	0.0068399714262994404
2024-09-10	-0.0006793633628007223
2024-09-11	0.009517358460890302
2024-09-12	-0.0006734160690200497
2024-09-13	0.0
2024-09-16	0.0
2024-09-17	0.003369285055306648
2024-09-19	-0.0033579710934852347
2024-09-20	-0.0020215453276770656
2024-09-23	0.0013504053695274632
2024-09-24	-0.00539446555074985
2024-09-25	0.0006779816191075927
2024-09-26	0.0027100244737636725
2024-09-27	-0.004729773486243372
2024-09-30	0.006788892367782351
2024-10-02	-0.00539446555074985
2024-10-03	-0.0054237236410884515
2024-10-04	0.006134979694603082
2024-10-07	-0.011517620166515696
2024-10-08	-0.0020561845549994517
2024-10-09	0.0
2024-10-10	-0.00412090782194352
2024-10-14	-0.0013793419147359876
2024-10-15	0.0006906235633963309
2024-10-16	0.0006901469316631381
2024-10-17	0.008275854176488462
2024-10-18	-0.00683990619549768
2024-10-21	0.0013773762712701032
2024-10-22	-0.010316342429423031
2024-10-23	0.004169524983383521
2024-10-24	0.0
2024-10-25	0.003460220857774976
2024-10-28	-0.006896578032394962
2024-10-29	0.00347223555968168
2024-10-30	-0.006228384344350246
2024-10-31	0.0
2024-11-01	0.0006963947855795904
2024-11-04	0.0034794844212289178
2024-11-05	-0.0034674195887878234
2024-11-06	0.0048712383703330975
2024-11-07	-0.009695248872349405
2024-11-08	0.0055944001845460445
2024-11-11	0.009735767886549729
2024-11-12	-0.001377441951317393
2024-11-13	-0.011724143192685887
2024-11-14	0.0
2024-11-15	0.004884835673196308
2024-11-18	-0.004861090047123429
2024-11-19	0.0
2024-11-20	0.0
2024-11-21	0.0
2024-11-22	0.0
2024-11-25	0.003489196859809418
2024-11-26	-0.0013908524064326633
2024-11-27	0.004178302301615977
2024-11-28	-0.0020804252990614946
2024-11-29	0.0027797054133906762
2024-12-02	0.00762298366950076
2024-12-03	0.0006877736525496836
2024-12-04	0.0
2024-12-05	0.0020618372905791826
2024-12-06	-0.0020575948647580944
2024-12-09	0.0
2024-12-10	0.0
2024-12-11	-0.006872878361431578
2024-12-12	-0.003460220857774976
2024-12-13	0.0
2024-12-16	0.004166695917094954
2024-12-17	-0.0013831575180435207
2024-12-18	-0.006925168331116782
2024-12-19	0.0013946655422976129
2024-12-20	-0.009052932976949535
2024-12-23	0.005621987347428803
2024-12-24	0.0006987613497069223
2024-12-27	-0.0013966134438245792
2024-12-30	-0.0055944001845459335
2024-12-31	0.00281293678634964
2025-01-02	0.008415139104699154
2025-01-03	-0.007649489276900678
2025-01-06	-0.002102360594472552
2025-01-07	-0.002106722854872345
2025-01-08	0.0007037458729761692
2025-01-09	0.0014064348603233245
2025-01-10	-0.008426958391001382
2025-01-13	-0.001416395485230093
2025-01-14	-0.0021277082151667237
2025-01-15	0.0007107483367974066
2025-01-16	0.01136362558800319
2025-01-17	0.0
2025-01-20	0.002808986130333757
2025-01-21	0.0
2025-01-22	0.0014005923065596448
2025-01-23	0.0
2025-01-24	-0.006993033575937835
2025-01-27	0.010563420719676309
2025-01-28	0.0
2025-02-03	0.002090573670641138
2025-02-04	-0.0013908524064326633
2025-02-05	0.001392789571159403
2025-02-06	-0.002781638493372318
2025-02-07	0.0
2025-02-10	0.0041840631313769805
2025-02-11	0.0
2025-02-12	-0.007638865249391835
2025-02-13	-0.002799157589909451
2025-02-14	0.009122815048485444
2025-02-17	0.0
2025-02-18	-0.005563276986744636
2025-02-19	-0.0006993166956958952
2025-02-20	0.0
2025-02-21	0.007697666687955795
2025-02-24	0.0
2025-02-25	-0.004166629689710155
2025-02-26	0.003486763612470467
2025-02-27	0.0027797054133906762
2025-02-28	0.0006929504501764772
2025-03-03	0.003462617187523165
2025-03-04	0.0006901469316631381
2025-03-05	-0.002068947101461438
2025-03-06	0.006219775461439703
2025-03-07	-0.008928579031204475
2025-03-10	0.00762298366950076
2025-03-11	0.0027510290204930676
2025-03-12	-0.0013717081065849346
2025-03-13	-0.002747250048093064
2025-03-14	-0.004132260173905
2025-03-17	0.0013830915654629017
2025-03-18	0.0
2025-03-19	-0.004143609657401681
2025-03-20	0.005547844887849429
2025-03-21	0.0
2025-03-24	-0.0034482890161974256
2025-03-25	0.004152278228974682
2025-03-26	0.0006891956391517073
2025-03-27	-0.008953175643421463
2025-03-28	0.004169524983383521
2025-03-31	0.004844335600174388
2025-04-01	-0.00826452034781
2025-04-02	0.007638931476776634
2025-04-03	0.002067521192141486
2025-04-07	-0.008253087061479536
2025-04-08	-0.010402192630835638
2025-04-09	0.0042045875275176225
2025-04-10	-0.017445917748151962
2025-04-11	0.006392056326389728
2025-04-14	-0.009174319953491383
2025-04-15	0.007834733402857452
2025-04-16	0.007067164958702188
2025-04-17	0.0
2025-04-22	-0.0014035408956962758
2025-04-23	0.005621987347428803
2025-04-24	0.002795245330544871
2025-04-25	0.0
2025-04-28	0.006968601054850199
2025-04-29	-0.007612433088526105
2025-04-30	0.0027893975890793676
2025-05-02	0.004172424580312084
2025-05-06	-0.011772792767291484
2025-05-07	0.0
2025-05-08	0.0049053743923417326
2025-05-09	0.006276161201549835
2025-05-12	0.0
2025-05-13	0.0006929504501764772
2025-05-14	0.0
2025-05-15	-0.00207754389494208
2025-05-16	-0.0027758474862309424
2025-05-19	0.004175394578603608
2025-05-20	0.0027720000697906144
2025-05-21	0.0013821357097640874
2025-05-22	-0.0034506688422815124
2025-05-23	0.004155153833813818
2025-05-26	0.0
2025-05-27	0.0006896709573680493
2025-05-28	0.0
2025-05-29	0.004824238023434679
2025-05-30	0.003429368381104414
2025-06-02	-0.006835296014182424
2025-06-03	-0.0013764283865727034
2025-06-04	0.0
2025-06-05	0.023432125928649405
