time	VECP.L
2016-02-25	0.005626141828894093
2016-02-26	0.0
2016-02-29	-0.012572290526649765
2016-03-01	-0.0008912617011490598
2016-03-02	-0.011087074462189483
2016-03-03	0.004896970235627407
2016-03-04	0.0010258296770520037
2016-03-07	-0.0012810463393370108
2016-03-08	0.006285247171932351
2016-03-09	-0.005226208395971543
2016-03-10	0.007816512086049832
2016-03-11	-0.0006357666978730192
2016-03-14	0.004071243015730808
2016-03-15	0.008996440711424691
2016-03-16	0.0013813966362636876
2016-03-17	-0.0036368312427446092
2016-03-18	-0.002768956573427017
2016-03-21	0.0042912573960010025
2016-03-22	0.008545938265474451
2016-03-23	0.005607438607379223
2016-03-24	0.0
2016-03-29	-0.008550121909598807
2016-03-30	0.007249021199532191
2016-03-31	0.005583876387709186
2016-04-01	0.016041404339547594
2016-04-04	-0.004250649619716218
2016-04-05	0.010123208350776736
2016-04-06	0.0038637973436772555
2016-04-07	0.0025258490018560398
2016-04-08	-0.0013197433997040875
2016-04-11	-0.009130160095387585
2016-04-12	-0.0032735725202688304
2016-04-13	-0.007420029402077644
2016-04-14	0.002941150346291277
2016-04-15	0.0006109855082516713
2016-04-18	-0.006472081856723877
2016-04-19	-0.0035644163391321815
2016-04-20	-0.0022203072141774305
2016-04-21	-0.0014835300715478894
2016-04-22	-0.006685567767436118
2016-04-25	-0.00623208250130014
2016-04-26	-0.004138991811869608
2016-04-27	0.0037782798060213008
2016-04-28	-0.0016310822885274856
2016-04-29	0.007037797671754609
2016-05-03	0.014226874188490113
2016-05-04	0.0024609891214235624
2016-05-05	-0.00748742606126962
2016-05-06	0.004452147015015839
2016-05-09	0.0011080563474270555
2016-05-10	-0.005534337249461951
2016-05-11	0.002597070033236726
2016-05-12	-0.005674097523180599
2016-05-13	-0.0002481611749096668
2016-05-16	0.0004963508790796212
2016-05-17	-0.004588802304241857
2016-05-18	-0.015948152818688555
2016-05-19	-0.006330716368045164
2016-05-20	0.004459715330659142
2016-05-23	0.00177596583022388
2016-05-24	-0.014055978133384661
2016-05-25	-0.0038531087773704398
2016-05-26	0.004899495806783838
2016-05-27	-0.0007698894804807344
2016-05-31	0.004622504148018125
2016-06-01	0.015081803903297386
2016-06-02	-0.00251821899840321
2016-06-03	0.011991882524661213
2016-06-06	0.006361508642618752
2016-06-07	-0.006817092831896354
2016-06-08	0.005990307916965865
2016-06-09	0.0007442942332152036
2016-06-10	0.006074197400350201
2016-06-13	0.00480531508194737
2016-06-14	0.004046525926562072
2016-06-15	-0.0024425617360880336
2016-06-16	-0.002570997596572644
2016-06-17	-0.003805051601189491
2016-06-20	-0.02353380453334164
2016-06-21	-0.00189276373348779
2016-06-22	-0.001769903822365304
2016-06-23	0.0007598475087311485
2016-06-24	0.05909903817680817
2016-06-27	0.023419751789885535
2016-06-28	-0.002568607317965488
2016-06-29	-0.008545046872595718
2016-06-30	0.0177095638021878
2016-07-01	0.008352682670458078
2016-07-04	-0.002761135168261819
2016-07-05	0.01938163704731166
2016-07-06	0.008148497235510144
2016-07-07	-0.0015716141307894338
2016-07-08	-0.002698510080682559
2016-07-11	-0.0006764099285004876
2016-07-12	-0.01624551501942384
2016-07-13	0.010321118777252947
2016-07-14	-0.00930760169156064
2016-07-15	0.005270383717990823
2016-07-18	-0.00227942732062425
2016-07-19	0.005940103239982619
2016-07-20	-0.0030660532654086525
2016-07-21	-0.0043284798889978715
2016-07-22	0.008809021974680364
2016-07-25	-0.0019278540299044744
2016-07-26	-0.00011364772170996407
2016-07-27	0.00204545801336109
2016-07-28	0.007031103928740068
2016-07-29	-0.0018018429798489777
2016-08-01	0.005415200363704464
2016-08-02	-0.006395867114648124
2016-08-03	-0.005533658681837084
2016-08-04	0.013399958413474078
2016-08-05	-0.0006723168985878214
2016-08-08	0.0024669345139076704
2016-08-09	0.006935068306548331
2016-08-10	0.006443033244651453
2016-08-11	0.0032008931612750313
2016-08-12	0.003410689412206791
2016-08-15	0.004934260884812414
2016-08-16	-0.0033824897198800885
2016-08-17	-0.0009852894843317417
2016-08-18	-0.00515069830907533
2016-08-19	0.003965637973038394
2016-08-22	-0.0035110785271802447
2016-08-23	-0.0035234496355371903
2016-08-24	-0.009723726557104628
2016-08-25	0.0039053611179948877
2016-08-26	0.00033343090907922424
2016-08-30	-0.002777777777777768
2016-08-31	-0.0028969597351584664
2016-09-01	-0.009051263581733582
2016-09-02	-0.004397828014279681
2016-09-05	-0.0003397755010284831
2016-09-06	-0.0006798684175836067
2016-09-07	0.0075964378857407144
2016-09-08	0.003150655684070358
2016-09-09	-0.0031407602299995396
2016-09-12	-0.005288637404944896
2016-09-13	0.010746571627197055
2016-09-14	0.001231120450252865
2016-09-15	-0.0048066209431743
2016-09-16	0.003257339318247565
2016-09-19	0.002686944296792726
2016-09-20	0.006476126025742879
2016-09-21	-0.0027734635199998525
2016-09-22	0.00022254169091961984
2016-09-23	0.00978753439634028
2016-09-26	0.0037448654528262626
2016-09-27	-0.006803414198108593
2016-09-28	-0.0011048334080313582
2016-09-29	0.003760605288340546
2016-09-30	-0.003085385997761758
2016-10-03	0.01171656399128218
2016-10-04	0.001966571698638564
2016-10-05	0.000654209564853403
2016-10-06	0.00523050424421978
2016-10-07	0.01691054264058267
2016-10-10	0.0005330247634489638
2016-10-11	0.006605612002453576
2016-10-12	-0.0046570959544103285
2016-10-13	0.002977443391864565
2016-10-14	-0.0032866577565390243
2016-10-17	0.0007445983749982954
2016-10-18	-0.010310386924152204
2016-10-19	0.0006443728729508269
2016-10-20	0.001180644118422114
2016-10-21	-0.003108929238019087
2016-10-24	0.0008603272705940412
2016-10-25	0.004190387782607052
2016-10-26	-0.0068478428837772665
2016-10-27	0.0022624335828818065
2016-10-28	0.003977241227959283
2016-10-31	-0.002462562667837509
2016-11-01	0.0060105742083715885
2016-11-02	0.0014936454137881583
2016-11-03	-0.013848972128693626
2016-11-04	-0.003348790748792463
2016-11-07	0.0009754642944592717
2016-11-08	0.0008662894680728783
2016-11-09	-0.017094036847755123
2016-11-10	-0.012878351002709065
2016-11-11	-0.008697577794854916
2016-11-14	-0.003936990642449123
2016-11-15	0.00485601683067638
2016-11-16	-0.008541268909395328
2016-11-17	-0.0036272918884195926
2016-11-18	0.002957930963788602
2016-11-21	-0.009981906150835607
2016-11-22	0.006874409744646037
2016-11-23	-0.008192917772088193
2016-11-24	0.0011472977273929708
2016-11-25	0.002521214936021421
2016-11-28	0.003657975337730157
2016-11-29	-0.005580927974173422
2016-11-30	-0.005154013982650696
2016-12-01	-0.003914390569836557
2016-12-02	-0.002311569070757913
2016-12-05	0.00023165712624084733
2016-12-06	-0.0012739516518691651
2016-12-07	0.011828790483102702
2016-12-08	-0.008252162988001466
2016-12-09	-0.006818402244468613
2016-12-12	-0.0034908429513060835
2016-12-13	0.005371311160101033
2016-12-14	0.0013937601476043948
2016-12-15	-0.0031315735170287518
2016-12-16	0.0019779616564992164
2016-12-19	0.006502526018741683
2016-12-20	-0.0023073021174210284
2016-12-21	0.0050878214030092295
2016-12-22	0.007823289455828997
2016-12-23	0.0030822406068957697
2016-12-28	-0.00034148637479780586
2016-12-29	0.00842447090181464
2016-12-30	-0.0005644959440527231
2017-01-03	-0.010278956797270977
2017-01-04	0.0030814498356876996
2017-01-05	-0.0002275189806038025
2017-01-06	0.004210710203965462
2017-01-09	0.01359932691169563
2017-01-10	0.0008943895290316473
2017-01-11	-0.002345834364918087
2017-01-12	0.0067182411814754595
2017-01-13	-0.0024469048130607574
2017-01-16	0.009588589440761686
2017-01-17	-0.015350627750436607
2017-01-18	0.000560738226893287
2017-01-19	-0.006165176863666244
2017-01-20	0.001466244620442314
2017-01-23	-0.004617678318298957
2017-01-24	-0.0019234914486121468
2017-01-25	-0.010769719511417808
2017-01-26	-0.005042429872042842
2017-01-27	0.006565304040863751
2017-01-30	0.0019452817271154998
2017-01-31	0.005253530119902372
2017-02-01	-0.00954324437544496
2017-02-02	0.015026354140950549
2017-02-03	0.0020341316478829086
2017-02-06	0.0013533635847537973
2017-02-07	-0.008221684304611121
2017-02-08	-0.0010219888756043405
2017-02-09	-0.0035239008104139824
2017-02-10	0.00022811592780080936
2017-02-13	-0.004105846362894128
2017-02-14	-0.0002290041586840985
2017-02-15	0.0016036584737051385
2017-02-16	0.005832507920819019
2017-02-17	0.004093241874282505
2017-02-20	-0.003283896767576344
2017-02-21	-0.008066338463426748
2017-02-22	0.0024052123507589673
2017-02-23	-0.0027422060440462914
2017-02-24	0.005499580243434332
2017-02-27	0.00581124082066764
2017-02-28	0.0020392014503369804
2017-03-01	0.0010175689134033217
2017-03-02	-0.0012423832077493868
2017-03-03	0.0028270948675477303
2017-03-06	0.004736109241091135
2017-03-07	0.005162728309207054
2017-03-08	-0.0016747867415498607
2017-03-09	0.001342077086149862
2017-03-10	0.004132723686215423
2017-03-13	-0.004894354103871623
2017-03-14	0.0038006256512936876
2017-03-15	-0.003897617946782117
2017-03-16	-0.003018408633626124
2017-03-17	-0.00011215671895314916
2017-03-20	0.0026915498272113147
2017-03-21	-0.00525669613524804
2017-03-22	0.0012367956749723685
2017-03-23	-0.006850090841625467
2017-03-24	0.004635866365861663
2017-03-27	0.0
2017-03-28	0.003714145601823482
2017-03-29	0.0006727692126984319
2017-03-30	-0.006723425464857491
2017-03-31	-0.0058663881616308755
2017-04-03	0.0028370403110284936
2017-04-04	0.003847417984874646
2017-04-05	-0.0003381668313209296
2017-04-06	-0.0020297733937341134
2017-04-07	0.004067803506797363
2017-04-10	-0.0018006263899432717
2017-04-11	-0.0027057257274718527
2017-04-12	-0.002599996946862193
2017-04-13	0.001926761447096359
2017-04-18	-0.013461565846895174
2017-04-19	-0.004930630772731481
2017-04-20	0.002189472736563003
2017-04-21	-0.0031045678816968847
2017-04-24	0.013148782350349997
2017-04-25	0.0014800192194044381
2017-04-26	-0.0022735543351299903
2017-04-27	-0.002734395271148604
2017-04-28	-0.0011424480237139933
2017-05-02	0.00022871603564689202
2017-05-03	0.0025157373171016406
2017-05-04	0.0020531573963182836
2017-05-05	-0.00011385471148772641
2017-05-08	-0.002732216231502771
2017-05-09	-0.003424605337771891
2017-05-10	-0.0016036584737051385
2017-05-11	0.005162883539870933
2017-05-12	0.006734349204204015
2017-05-15	0.0006803309531120405
2017-05-16	0.007931077852929791
2017-05-17	0.007419105990352559
2017-05-18	-0.008926612667263356
2017-05-19	0.00360278874041553
2017-05-22	0.00583356827486492
2017-05-23	-0.000892280033315429
2017-05-24	0.0008930769080086609
2017-05-25	0.002899782469513834
2017-05-26	0.01045376401854603
2017-05-30	-0.00484264184955463
2017-05-31	0.0017695605546288462
2017-06-01	-0.0011039795992453527
2017-06-02	0.007957488556540993
2017-06-05	-0.0063595857573253145
2017-06-06	0.006841702696934515
2017-06-07	-0.007891289320043127
2017-06-08	-0.001988514271443753
2017-06-09	0.01239763993782983
2017-06-12	0.006778949844613358
2017-06-13	-0.005864475508136069
2017-06-14	0.004369691084534999
2017-06-15	-0.012181887283457593
2017-06-16	0.002642566225236509
2017-06-19	0.0013178426290294531
2017-06-20	0.006361064149083662
2017-06-21	-0.001961642338549008
2017-06-22	0.0006551382113360038
2017-06-23	-0.0021824197902032827
2017-06-26	0.0010935965819245386
2017-06-27	0.00043697744294601826
2017-06-28	-0.006114928770381223
2017-06-29	-0.0017578118942617182
2017-06-30	-0.001981073123119459
2017-07-03	-0.000220518780316592
2017-07-04	0.001985359237929085
2017-07-05	-0.0008806055139258806
2017-07-06	-0.00044073286233847764
2017-07-07	0.0063933181575215325
2017-07-10	0.0006571473886998191
2017-07-11	0.0061295704340254
2017-07-12	-0.0028284868583012823
2017-07-13	-0.005236780905039651
2017-07-14	-0.005812664811614243
2017-07-17	0.003419719287100609
2017-07-18	0.013412502561374717
2017-07-19	-0.004990226545343424
2017-07-20	0.014391623171132961
2017-07-21	0.004514167721544116
2017-07-24	-0.004707922594869296
2017-07-25	-0.0027950388757116418
2017-07-26	-0.0023717250499846187
2017-07-27	0.0010805972890834958
2017-07-28	0.004533659021075609
2017-07-31	-0.0021491183482598153
2017-08-01	0.0015076393358630646
2017-08-02	0.004085991972236247
2017-08-03	0.009638054747811209
2017-08-04	-0.0033941419067401446
2017-08-07	0.005108592609734508
2017-08-08	-0.0008471180536481215
2017-08-09	-0.0008478362710598875
2017-08-10	0.0023334877338949678
2017-08-11	0.004444425068204305
2017-08-14	-0.0008428343088702217
2017-08-15	0.004428572485847271
2017-08-16	-0.0012597390708685152
2017-08-17	0.00042044267168339644
2017-08-18	0.0033620476339377703
2017-08-21	0.003141393212123589
2017-08-22	0.0008350125168257172
2017-08-23	0.008343795105076435
2017-08-24	-0.00393046392447749
2017-08-25	0.0
2017-08-29	0.00976110884966963
2017-08-30	-0.009255466327136141
2017-08-31	0.00020764244572712975
2017-09-01	-0.00830223170081501
2017-09-04	0.00481372013630077
2017-09-05	-0.004374069814921611
2017-09-06	-0.002719687660882708
2017-09-07	0.005873769766086223
2017-09-08	-0.006465096316132235
2017-09-11	-0.003358519090301937
2017-09-12	-0.010741329537704125
2017-09-13	-0.0014903064297423496
2017-09-14	-0.01428575611608196
2017-09-15	-0.008219793897424998
2017-09-18	0.0043620669486463814
2017-09-19	0.001302961439415773
2017-09-20	0.0006505916048533678
2017-09-21	-0.0071521027464828135
2017-09-22	0.005675579867692182
2017-09-25	-0.004775368399402069
2017-09-26	-0.0028352727970393232
2017-09-27	-0.0030621038038171067
2017-09-28	0.0004387152756273327
2017-09-29	0.006359669412969948
2017-10-02	0.004358264667673195
2017-10-03	0.002820591618243551
2017-10-04	-0.001730892015183505
2017-10-05	0.006718712123792603
2017-10-06	0.007534950879922064
2017-10-09	-0.0044871599977795995
2017-10-10	-0.0006438888001422116
2017-10-11	0.004510289481931107
2017-10-12	0.004062403781256441
2017-10-13	-0.007240207819772082
2017-10-16	0.0017160410314804864
2017-10-17	0.0025695702339258997
2017-10-18	0.0
2017-10-19	0.004698872749617777
2017-10-20	-0.00701534491139344
2017-10-23	-0.0017126529206894503
2017-10-24	0.004503518757503322
2017-10-25	-0.006831761182360729
2017-10-26	-0.0017197297993865046
2017-10-27	-0.0021532833134836338
2017-10-30	-0.0019421698811294963
2017-10-31	-0.0025945715002111402
2017-11-01	0.00021674227838053284
2017-11-02	0.01863893848564957
2017-11-03	-0.005531879181557509
2017-11-06	-0.003637183943895672
2017-11-07	-0.0025767432396633927
2017-11-08	0.00473621964246318
2017-11-09	-0.0006427850969327187
2017-11-10	-0.006003404437415538
2017-11-13	0.007549578721164796
2017-11-14	0.006850775018117927
2017-11-15	-0.0017009997540684552
2017-11-16	-0.004472823877745724
2017-11-17	0.0008557359733365466
2017-11-20	-0.005557895004654645
2017-11-21	0.00042993244984668166
2017-11-22	0.0
2017-11-23	0.004082480081034845
2017-11-24	0.0051359229791960725
2017-11-27	0.0006386795511441612
2017-11-28	0.004255335381690539
2017-11-29	-0.018644090124807722
2017-11-30	0.000647642044354857
2017-12-01	0.0034519925065681356
2017-12-04	-0.003870060137051934
2017-12-05	-0.00086339119245471
2017-12-06	0.00280832255015917
2017-12-07	-0.0008616351229594477
2017-12-08	-0.0010780344094238892
2017-12-11	0.00582768470527939
2017-12-12	-0.004720974532392619
2017-12-13	0.0
2017-12-14	-0.0036654156905453483
2017-12-15	0.0077905348946982755
2017-12-18	-0.003435684957281415
2017-12-19	0.0025856266382093818
2017-12-20	-0.0006447191077559866
2017-12-21	0.0004301173712617512
2017-12-22	-0.0021496622492330753
2017-12-27	0.0028005401388018214
2017-12-28	0.0
2017-12-29	-0.0027927190170979888
2018-01-02	-0.00043077647253730866
2018-01-03	0.0038793167943191875
2018-01-04	0.0023614596678904753
2018-01-05	-0.003640997514359867
2018-01-08	-0.004944100171390797
2018-01-09	-0.0006481441650625364
2018-01-10	0.003026442054161027
2018-01-11	0.0010775697287996877
2018-01-12	-0.0006459115931398696
2018-01-15	0.0010771877149979847
2018-01-16	0.0008607079788984784
2018-01-17	-0.004300085045360946
2018-01-18	-0.0038868559671344505
2018-01-19	0.003468455315573271
2018-01-22	-0.004968665752589696
2018-01-23	0.0015197501679800052
2018-01-24	-0.009104746887441117
2018-01-25	0.0030627738449462427
2018-01-26	0.001308645044445944
2018-01-29	0.00021778090974589048
2018-01-30	-0.000871017038871047
2018-01-31	-0.003923284677098127
2018-02-01	0.00043764677089219717
2018-02-02	0.004374386327698154
2018-02-05	0.007186451311268938
2018-02-06	0.0006486222550676768
2018-02-07	-0.0038893757546143437
2018-02-08	-0.005422993671905241
2018-02-09	0.007197422945192766
2018-02-12	0.0032481923968739057
2018-02-13	-0.00021588896687163572
2018-02-14	-0.0030224393473836653
2018-02-15	-0.0006496054373891225
2018-02-16	0.001083407051081231
2018-02-19	-0.0010822345505382414
2018-02-20	-0.004117062516232117
2018-02-21	0.0015230569238167124
2018-02-22	0.0010863144271970882
2018-02-23	-0.0039062564675176326
2018-02-26	0.002614355727572404
2018-02-27	-0.001955674743430058
2018-02-28	0.006096206780676239
2018-03-01	0.003678900389757933
2018-03-02	0.005174598064736191
2018-03-05	-0.0034320002376208025
2018-03-06	0.0025829261503824696
2018-03-07	-0.0017175145536673098
2018-03-08	0.0
2018-03-09	-0.004516109343497998
2018-03-12	-0.0019442676778539392
2018-03-13	-0.00021649645162979958
2018-03-14	0.00021654333249276903
2018-03-15	-0.004545434653782765
2018-03-16	-0.0013046612546463443
2018-03-19	-0.0052253794224284
2018-03-20	-0.0037206866722455656
2018-03-21	-0.005052713970197242
2018-03-22	0.0022079591984907054
2018-03-23	-0.001101547427470373
2018-03-26	0.0008822433919877248
2018-03-27	0.0035257788375093746
2018-03-28	-0.0002196340805750152
2018-03-29	0.0013178426290294531
2018-04-03	-0.005264349148136005
2018-04-04	0.0011026031629604027
2018-04-05	0.0
2018-04-06	-0.0017621548098205597
2018-04-09	0.0004413163702194911
2018-04-10	-0.0017644867839754497
2018-04-11	0.002651408551310963
2018-04-12	-0.0077126989991253
2018-04-13	-0.0002220369043802739
2018-04-16	0.0
2018-04-17	0.0006663433805385033
2018-04-18	0.006881273663507548
2018-04-19	-0.0022046359672124316
2018-04-20	0.0059655428143312594
2018-04-23	-0.00043928087634315105
2018-04-24	-0.001538116840384407
2018-04-25	-0.0017605197793821858
2018-04-26	-0.004188766288572121
2018-04-27	0.010626596776432962
2018-04-30	-0.0002191048389078576
2018-05-01	0.004601206995640039
2018-05-02	-0.0013085618449391045
2018-05-03	0.003930995885058852
2018-05-04	-0.0010877322260173239
2018-05-08	-0.005879718071265083
2018-05-09	-0.005257429801634128
2018-05-10	0.010129907201461341
2018-05-11	-0.00021797082550734093
2018-05-14	-0.0037069773523772387
2018-05-15	-0.0039395997064127775
2018-05-16	-0.005053824449989142
2018-05-17	-0.0024293421668963866
2018-05-18	0.0019924763390795075
2018-05-21	0.004418929968106111
2018-05-22	-0.0013197879410922209
2018-05-23	-0.0017621548098205597
2018-05-24	0.0
2018-05-25	0.0004413163702194911
2018-05-29	-0.0030877677365964695
2018-05-30	0.0017698675886530513
2018-05-31	0.004416978099188951
2018-06-01	-0.0037378665491726304
2018-06-04	0.004855382903067973
2018-06-05	-0.0032944808961832273
2018-06-06	-0.0011017901252470264
2018-06-07	0.002426578230997123
2018-06-08	-0.003521123508970825
2018-06-11	0.0033127546361042537
2018-06-12	-0.003081650642922984
2018-06-13	0.002428805655286581
2018-06-14	-0.00616745781020589
2018-06-15	0.003324501982044703
2018-06-18	0.0037552058145862155
2018-06-19	0.000880301864794264
2018-06-20	-0.0008795276149946574
2018-06-21	-0.0015404862882868464
2018-06-22	0.0008816600500123339
2018-06-25	0.0057255741556232476
2018-06-26	-0.00043785075253199857
2018-06-27	0.0002190212748960363
2018-06-28	0.0019710940185864168
2018-06-29	-0.0008743369514173649
2018-07-02	-0.0008751020855070069
2018-07-03	0.0008758685599103977
2018-07-04	-0.004156609724665805
2018-07-05	0.005711738113325593
2018-07-06	0.0019659273697620883
2018-07-09	0.00174409925697816
2018-07-10	-0.0032644509986577974
2018-07-11	0.0021834561241091954
2018-07-12	-0.001525047766823051
2018-07-13	0.0006545663997017392
2018-07-16	0.00043611987565395083
2018-07-17	0.003923284677098016
2018-07-18	0.005861928999425503
2018-07-19	0.0012950044511661485
2018-07-20	-0.001940076606424257
2018-07-23	-0.0012958436194903111
2018-07-24	-0.0021626791779493226
2018-07-25	-0.0019505885084186714
2018-07-26	-0.001737199081059737
2018-07-27	0.0021752984873983916
2018-07-30	0.0013023957822546617
2018-07-31	0.0021677535617967703
2018-08-01	-0.004758841074660403
2018-08-02	0.0030428865345162315
2018-08-03	0.0008666760456692568
2018-08-06	0.0036804933686287455
2018-08-07	0.001078499490989815
2018-08-08	0.0073260106379176015
2018-08-09	-0.0008556345567346524
2018-08-10	-0.00556622407684082
2018-08-13	-0.0006459115931398696
2018-08-14	-0.00236959931049463
2018-08-15	0.0010796639079648784
2018-08-16	0.0030198314884659627
2018-08-17	0.0025806221910702476
2018-08-20	-0.0006434744741351528
2018-08-21	0.0
2018-08-22	0.0012878594783107822
2018-08-23	0.003215384914798447
2018-08-24	0.0021368010779616586
2018-08-28	0.00405114329482803
2018-08-29	-0.012104474261567688
2018-08-30	-0.001074790124001468
2018-08-31	-0.00365831674578998
2018-09-03	0.007991337753383787
2018-09-04	-0.00235690593464577
2018-09-05	-0.0019329929109391797
2018-09-06	-0.0012911851025363408
2018-09-07	-0.004740383999707998
2018-09-10	-0.004113414859447939
2018-09-11	0.000869585120159666
2018-09-12	0.0028235719120961456
2018-09-13	-0.0006497461660514015
2018-09-14	0.0
2018-09-17	-0.002817535106955371
2018-09-18	-0.0013040113188977909
2018-09-19	-0.0006529400107940786
2018-09-20	0.00021781656422703577
2018-09-21	0.013498779180606713
2018-09-24	-0.00687432223563722
2018-09-25	-0.0030283234054659935
2018-09-26	-0.0032545351569169823
2018-09-27	-0.0019590804370543946
2018-09-28	0.0017448600592613328
2018-10-01	-0.003701327727259396
2018-10-02	0.005681865073585923
2018-10-03	-0.0063016278279592886
2018-10-04	-0.005466870817899316
2018-10-05	-0.006156525552223124
2018-10-08	0.0004424879961522077
2018-10-09	-0.0026537537227462327
2018-10-10	-0.004434522284007314
2018-10-11	0.0033407061488670564
2018-10-12	0.0044395286642961995
2018-10-15	0.0026519100969009113
2018-10-16	-0.004187759117963319
2018-10-17	0.0024347191148417213
2018-10-18	0.0017663505131437773
2018-10-19	0.000495986327963216
2018-10-22	0.0014869692282919456
2018-10-23	0.001539808540122145
2018-10-24	-0.0013177588447692568
2018-10-25	0.0026390791436823324
2018-10-26	-0.0004387027351772099
2018-10-29	0.0026332879677064547
2018-10-30	0.003064198042322941
2018-10-31	-0.006545996940251708
2018-11-01	-0.009005048504383883
2018-11-02	-0.0008864605890275268
2018-11-05	-0.002218329298058541
2018-11-06	-0.004001785393678348
2018-11-07	0.0008928775939409661
2018-11-08	-0.002007139881392228
2018-11-09	0.0033519894051152743
2018-11-12	0.0013362484756078707
2018-11-13	-0.011343379268647147
2018-11-14	0.0026996384662565376
2018-11-15	0.02041731778422662
2018-11-16	-0.001758971353619465
2018-11-19	0.0004404546782890151
2018-11-20	-0.0028621148978128508
2018-11-21	0.0037535474830832083
2018-11-22	-0.005279319590912768
2018-11-23	0.0008845002156205872
2018-11-26	-0.00022090857056988877
2018-11-27	0.0013259971998014208
2018-11-28	-0.0026484825191986916
2018-11-29	0.005753532731395117
2018-11-30	-0.004180471687938447
2018-12-03	0.004418929968106111
2018-12-04	0.001539808540122145
2018-12-05	-0.002855200019840076
2018-12-06	-0.00022031136331057688
2018-12-07	0.0033047263250924885
2018-12-10	0.01317519679531931
2018-12-11	-0.0047681236153740425
2018-12-12	-0.005226434523942003
2018-12-13	0.004159339436069498
2018-12-14	0.00174409925697816
2018-12-17	0.001958653995507209
2018-12-18	-0.0008688295988684702
2018-12-19	0.003478257552437247
2018-12-20	0.0017331419263246772
2018-12-21	-0.0038927400225334807
2018-12-24	-0.00043422616516175516
2018-12-27	0.0008688295988685812
2018-12-28	0.0030381810782413865
2018-12-31	-0.007356125997582064
2019-01-02	0.00806449266065723
2019-01-03	0.0004324423300252622
2019-01-04	-0.01253515939737515
2019-01-07	0.0017509703098987917
2019-01-08	-0.0013109323288380548
2019-01-09	0.006563098732645933
2019-01-10	-0.0010867037358083254
2019-01-11	-0.00696256965184161
2019-01-14	-0.004820359851999134
2019-01-15	0.004843708268873259
2019-01-16	-0.006134942660853349
2019-01-17	-0.007495594091996072
2019-01-18	0.0011106005453609402
2019-01-21	0.0013312929597801837
2019-01-22	-0.003766939499646682
2019-01-23	-0.0060053483821559395
2019-01-24	0.0026852260073759737
2019-01-25	-0.0049096454800435785
2019-01-28	0.0033640171645121786
2019-01-29	-0.0015646738242116598
2019-01-30	0.006827855779672154
2019-01-31	0.0029460744706963915
2019-02-01	0.006096581212483132
2019-02-04	-0.002313657091222443
2019-02-05	0.010656466618502947
2019-02-06	-0.0034965002902287434
2019-02-07	-0.0035087687010102453
2019-02-08	-0.0007702431441434232
2019-02-11	0.0008809804339335869
2019-02-12	0.0014302701539326002
2019-02-13	0.0003296683124376365
2019-02-14	0.006864360011550108
2019-02-15	-0.005126819798825344
2019-02-18	-0.002028454407916991
2019-02-19	-0.005053824449989142
2019-02-20	-0.000386440300997104
2019-02-21	-0.002706464981522161
2019-02-22	0.0006092191617130815
2019-02-25	0.0013284191929843203
2019-02-26	-0.012437123179779408
2019-02-27	-0.004030007869387675
2019-02-28	0.0023603358614294745
2019-03-01	0.003812472939304312
2019-03-04	0.0
2019-03-05	0.0008378527753500897
2019-03-06	0.0009487034244608505
2019-03-07	-0.0026204349860824427
2019-03-08	0.0040248265591127375
2019-03-11	-0.005957392798745298
2019-03-12	0.007953475305998436
2019-03-13	-0.006279200048092792
2019-03-14	-0.0035229261106181076
2019-03-15	0.0010662314515159643
2019-03-18	0.006894981398886779
2019-03-19	-0.0018928646427631701
2019-03-20	0.005243208655771214
2019-03-21	0.016313408176076072
2019-03-22	-0.01812626805982953
2019-03-25	0.0030027166143136164
2019-03-26	-0.004767715861357713
2019-03-27	-0.0007798539790360159
2019-03-28	0.007525871379078675
2019-03-29	0.004426509548331126
2019-04-01	-0.007051169437031102
2019-04-02	0.004660173857923056
2019-04-03	-0.006019086420747555
2019-04-04	0.0048333062065972765
2019-04-05	0.003538449753557993
2019-04-08	0.0022037858375802966
2019-04-09	0.0006046979722780232
2019-04-10	-0.0013734754100201974
2019-04-11	0.0017054384733856676
2019-04-12	0.00038440281593699055
2019-04-15	-0.0018116200017725959
2019-04-16	0.0037948914026100233
2019-04-17	0.001479394447359006
2019-04-18	-0.0006565002625500416
2019-04-23	0.002737326124907513
2019-04-24	0.0003821361871056972
2019-04-25	-0.001964747141548151
2019-04-26	0.0009296121478887809
2019-04-29	0.0008195430549373661
2019-04-30	-0.004912981840050512
2019-05-01	0.0003292161917445302
2019-05-02	-0.004058159958294616
2019-05-03	-0.006937913675465923
2019-05-07	0.00726364022323267
2019-05-08	0.0031376860835579112
2019-05-09	0.0004390157105327308
2019-05-10	-5.4821496186630014e-05
2019-05-13	0.004662593694445771
2019-05-14	0.0007098273936387844
2019-05-15	0.0036555989382787146
2019-05-16	0.005381927206242976
2019-05-17	0.00427161931277209
2019-05-20	0.0013999341603734283
2019-05-21	-0.005591744256172371
2019-05-22	0.008651019896817713
2019-05-23	-0.0033771368132206048
2019-05-24	0.002312865419563659
2019-05-28	0.00037559465058878416
2019-05-29	-0.0005363740248294224
2019-05-30	0.0028445618208603474
2019-05-31	0.00016055005789117338
2019-06-03	0.003638659342970696
2019-06-04	0.0
2019-06-05	0.0015995044554428794
2019-06-06	0.004205223483265019
2019-06-07	0.002491392716190699
2019-06-10	0.002696752214428555
2019-06-11	-0.0005800801957450696
2019-06-12	-0.0015829624577599066
2019-06-13	-0.0002642588068662022
2019-06-14	0.0021145486025548887
2019-06-17	0.005697032919445677
2019-06-18	0.0025177603026242945
2019-06-19	-0.00491813120594331
2019-06-20	0.004732077842849014
2019-06-21	0.0018839322688299909
2019-06-24	0.0052232959829732195
2019-06-25	-0.0003636896156902214
2019-06-26	0.00020788691713136132
2019-06-27	0.00010396150426816853
2019-06-28	-0.0011432197979217573
2019-07-01	0.00041619930572589503
2019-07-02	0.003328129898553245
2019-07-03	0.0019695494869080843
2019-07-04	0.00181042226084549
2019-07-05	-0.0014973578193553383
2019-07-08	0.00010336649688258426
2019-07-09	0.001964865019674633
2019-07-10	-0.00015480843991044768
2019-07-11	-0.0041806325604838435
2019-07-12	-0.00031096484831838467
2019-07-15	0.006221468881500991
2019-07-16	0.005564724963238676
2019-07-17	0.00020492562708729345
2019-07-18	-0.0051741522675522456
2019-07-19	-0.0004634447538964803
2019-07-22	0.0020092703626215513
2019-07-23	-0.000668439915371688
2019-07-24	-0.0033442781150606615
2019-07-25	0.00211650606117586
2019-07-26	0.005203017674790589
2019-07-29	0.01465689816422211
2019-07-30	0.005757863316427914
2019-07-31	-0.006076466048294815
2019-08-01	0.001313634343377501
2019-08-02	0.004440432512540005
2019-08-05	0.003717499760072185
2019-08-06	0.0011511297498802975
2019-08-07	0.004899243781030682
2019-08-08	0.0010447575722909441
2019-08-09	0.00581452222367318
2019-08-12	0.001037633848018693
2019-08-13	-0.0006416825216978284
2019-08-14	-0.0044945110713829894
2019-08-15	-0.006896206620782275
2019-08-16	-0.003896681752669773
2019-08-19	0.0011534968064752515
2019-08-20	-0.0002003470950359132
2019-08-21	0.0013027082094929643
2019-08-22	-0.011509222847807421
2019-08-23	0.0035436480248194346
2019-08-27	-0.00539753477890037
2019-08-28	0.004412411245457548
2019-08-29	0.0008079361115620465
2019-08-30	-0.005146338487216573
2019-09-02	0.00730298455672429
2019-09-03	-0.0027187257043995716
2019-09-04	-0.004644578758283724
2019-09-05	-0.012020746256620418
2019-09-06	0.002464248692811477
2019-09-09	-0.005838067110695566
2019-09-10	-0.0022665349525533562
2019-09-11	-0.004594968136869548
2019-09-12	0.006794593038684127
2019-09-13	-0.007882122376415501
2019-09-16	-0.0037387122954477547
2019-09-17	-0.002189086665324691
2019-09-18	0.0003656083605154681
2019-09-19	-0.0010965038958874462
2019-09-20	-0.005227391448234586
2019-09-23	0.005780298618426105
2019-09-24	-0.0005224182231721164
2019-09-25	0.0017772939491205175
2019-09-26	0.0006261485992991034
2019-09-27	0.004484775943821351
2019-09-30	-0.0016093737226249294
2019-10-01	0.006915926618164869
2019-10-02	-0.0049576880649303545
2019-10-03	-0.0025949762248608232
2019-10-04	0.0058799298880132245
2019-10-07	0.00010348286541606022
2019-10-08	0.006051818951347876
2019-10-09	0.00020562100839494057
2019-10-10	-0.008687093867282725
2019-10-11	-0.024112050858725254
2019-10-14	0.00664187045839193
2019-10-15	-0.012404280193092698
2019-10-16	-0.005611988335141427
2019-10-17	0.0034936516303283316
2019-10-18	0.0006427979536058892
2019-10-21	-0.009099733114135589
2019-10-22	0.003511285503556616
2019-10-23	0.00403725027050128
2019-10-24	0.001983675255802675
2019-10-25	-0.0011771695725913967
2019-10-28	-0.0027856874568044088
2019-10-29	-0.00010738122120479421
2019-10-30	0.0017729641777124439
2019-10-31	-0.00032185356227576456
2019-11-01	0.0010730268968910384
2019-11-04	-0.0003751732150528708
2019-11-05	-0.003859975475339117
2019-11-06	0.0002691085109240987
2019-11-07	-0.001775539814758309
2019-11-08	0.0008084616906767206
2019-11-11	-0.005170139449296451
2019-11-12	-0.0006496054373891225
2019-11-13	-0.0002708724274351759
2019-11-14	-0.0008128374575608888
2019-11-15	0.0011388650803594302
2019-11-18	-0.002112558303228651
2019-11-19	0.0019541885135494486
2019-11-20	-0.0009209999309724992
2019-11-21	-0.001409954777189859
2019-11-22	0.004778739679498267
2019-11-25	-0.006161159796624238
2019-11-26	0.007178244214476104
2019-11-27	-0.0056692565935704264
2019-11-28	-0.000760205184972218
2019-11-29	-0.0002717261743119259
2019-12-02	0.003424497899832568
2019-12-03	-0.0028710658817621137
2019-12-04	-0.008964030475465457
2019-12-05	-0.0032890628809835176
2019-12-06	-0.0017600226120776385
2019-12-09	-5.50661533660346e-05
2019-12-10	0.0009366806093997759
2019-12-11	0.0008807864080360162
2019-12-12	0.0039049137964892733
2019-12-13	-0.013093734759393016
2019-12-16	0.0025536067249127825
2019-12-17	0.01683274187925754
2019-12-18	0.0003812204555184717
2019-12-19	0.004463513338752723
2019-12-20	-0.0054191730700439145
2019-12-23	0.010842943967744212
2019-12-24	-0.0030724844280491936
2019-12-27	-0.0025952729681493203
2019-12-30	-0.002114161582195906
2019-12-31	-0.0029878479263738544
2020-01-02	0.0009808093269088047
2020-01-03	0.005116690154397752
2020-01-06	-0.00503651614688172
2020-01-07	-0.0009797949780877557
2020-01-08	-0.0020158828087711855
2020-01-09	0.0006005383602729619
2020-01-10	0.002237034400044413
2020-01-13	0.005879480737658538
2020-01-14	-0.002218994710336153
2020-01-15	0.0021696349270998727
2020-01-16	-0.0036804107815455733
2020-01-17	0.0008148299380290602
2020-01-20	0.001411332419556377
2020-01-21	-0.0011383094347350298
2020-01-22	-0.007325841721610105
2020-01-23	-0.001366643032906567
2020-01-24	0.0024633907656759213
2020-01-27	0.0009282922755018408
2020-01-28	0.003273272420825535
2020-01-29	-0.00010869502085530947
2020-01-30	-0.003970040063863145
2020-01-31	-0.0004367271358514113
2020-02-03	0.01168951386918593
2020-02-04	-0.004049457225919095
2020-02-05	-0.0016263853455409372
2020-02-06	0.0021719911410202908
2020-02-07	-0.001029488751190133
2020-02-10	-0.0019525986868023093
2020-02-11	-0.002608530742177817
2020-02-12	-0.004631428699227502
2020-02-13	-0.00963430357674444
2020-02-14	0.0030400345861389955
2020-02-17	-0.0005510889008811803
2020-02-18	-0.001874600799713022
2020-02-19	0.004861099755545828
2020-02-20	0.005057435822244161
2020-02-21	-0.0010392301017522199
2020-02-24	0.0014235354123126598
2020-02-25	-0.0054674687445094294
2020-02-26	0.005827448339476238
2020-02-27	0.009455595015606999
2020-02-28	0.006497357368452583
2020-03-02	0.015977197431033652
2020-03-03	0.0007412866101661475
2020-03-04	-0.0019576461226852304
2020-03-05	-0.004188138283793608
2020-03-06	-0.0021827282266969616
2020-03-09	-0.015792517583876564
2020-03-10	0.0054751151957090904
2020-03-11	0.000269587302726082
2020-03-12	-0.011588389536087762
2020-03-13	0.01205143088795535
2020-03-16	-0.017565572343138047
2020-03-17	-0.0032907700185929034
2020-03-18	-0.027788494857662882
2020-03-19	0.01556486367444232
2020-03-20	0.01159227507083016
2020-03-23	0.02021926218948278
2020-03-24	-0.00847819487809609
2020-03-25	-0.00038128274051540956
2020-03-26	-0.002397227845221006
2020-03-27	-0.019388328418464496
2020-03-30	0.0027289903984784036
2020-03-31	-0.010442066730338206
2020-04-01	-0.00213294159744859
2020-04-02	-0.0057374523538342714
2020-04-03	0.004582557380377716
2020-04-06	0.003041016297008259
2020-04-07	0.004603851903990375
2020-04-08	-0.004974008976019517
2020-04-09	0.021343536256209106
2020-04-14	-0.006929138430549986
2020-04-15	-0.0037656879370646656
2020-04-16	-0.0015564135008141466
2020-04-17	0.002338259549953259
2020-04-20	0.001666313391164298
2020-04-21	0.011090163250601082
2020-04-22	-0.003948674098736449
2020-04-23	-0.003523837720816436
2020-04-24	0.005691229990122837
2020-04-27	0.0005494539120589614
2020-04-28	-0.0021415594329874388
2020-04-29	0.003907062790605043
2020-04-30	-0.0037822025451892394
2020-05-01	0.006547744836851166
2020-05-04	0.0028973599699713137
2020-05-05	-0.00839424663994337
2020-05-06	-0.0007695656940278628
2020-05-07	0.004565968954936661
2020-05-11	-0.0012047599801094933
2020-05-12	0.00531828073879681
2020-05-13	0.002126960014999124
2020-05-14	-0.002231312446853706
2020-05-15	0.008127007324784774
2020-05-18	-5.407405040802615e-05
2020-05-19	5.4076974569161607e-05
2020-05-20	0.007412190140211994
2020-05-21	0.0014500766750065175
2020-05-22	-0.0021450844310927364
2020-05-26	-0.0037620905007624827
2020-05-27	0.012731297796386265
2020-05-28	0.001438258555403138
2020-05-29	0.003989361702127603
2020-06-01	-0.0089006234478477
2020-06-02	0.004436769871009494
2020-06-03	0.0014369573242758449
2020-06-04	0.014242482652118138
2020-06-05	-0.002515121671349485
2020-06-08	-0.0035194525719921543
2020-06-09	-0.0017922843614139872
2020-06-10	-0.005069743930993131
2020-06-11	0.011146529572975794
2020-06-12	-0.0005774310254674786
2020-06-15	-0.0015231539842558428
2020-06-16	0.001262442012991416
2020-06-17	0.0
2020-06-18	0.006199474399881666
2020-06-19	0.0037071399291954688
2020-06-22	-0.0005201625498045814
2020-06-23	-0.0007286700988418104
2020-06-24	0.0011979567735740382
2020-06-25	-0.0022890564905420074
2020-06-26	0.0029199998026812057
2020-06-29	0.010190323131877177
2020-06-30	-0.0063819118563459565
2020-07-01	-0.008287531673882742
2020-07-02	0.0009401058679070484
2020-07-03	0.00250467401934773
2020-07-06	0.0032792259984610883
2020-07-07	-0.009494172923759758
2020-07-08	0.00345696453194666
2020-07-09	-0.005793927339714844
2020-07-10	0.00047249612702193744
2020-07-13	0.0059299165474906435
2020-07-14	0.010903001258657063
2020-07-15	-0.001393354702042604
2020-07-16	0.002067124007175236
2020-07-17	0.006291584743760792
2020-07-20	-0.005688518334318604
2020-07-21	0.0
2020-07-22	0.010050494306266478
2020-07-23	-0.0018880191604979668
2020-07-24	-0.0011759252512824059
2020-07-27	0.005937470907001696
2020-07-28	-0.006462139522461108
2020-07-29	-0.0017412493467970913
2020-07-30	-0.004052910391719289
2020-07-31	-0.00494517431474184
2020-08-03	0.00341669859898297
2020-08-04	0.0017540955201917896
2020-08-05	0.003502126698166075
2020-08-06	0.00010258667203344451
2020-08-07	0.0006671364810899583
2020-08-10	-0.0016923170823317513
2020-08-11	-0.0009246040862703753
2020-08-12	0.0051416523819016735
2020-08-13	-0.0020973126532738418
2020-08-14	-0.0030243814453189133
2020-08-17	0.00509018564663366
2020-08-18	-0.00475748258700337
2020-08-19	0.0006681553430192277
2020-08-20	-0.0015409276980421494
2020-08-21	0.00020574794283456654
2020-08-24	0.004011926687804479
2020-08-25	-0.005071671361949304
2020-08-26	-0.007620673163915015
2020-08-27	-0.0010895629104614724
2020-08-28	-0.003584055818063092
2020-09-01	-0.0016160014368699072
2020-09-02	0.0037071399291954688
2020-09-03	0.003017228548851225
2020-09-04	-0.0012966132626189841
2020-09-07	0.006958851032820901
2020-09-08	0.007632857312611652
2020-09-09	0.002661423895366166
2020-09-10	0.013986756398838507
2020-09-11	0.005940434646577009
2020-09-14	-0.004003618368703998
2020-09-15	0.00045219744728486333
2020-09-16	-0.01049669193653735
2020-09-17	0.0018272287206617666
2020-09-18	0.0038504128484906364
2020-09-21	0.001110332196329944
2020-09-22	0.0006553986812485313
2020-09-23	-0.004080874577892635
2020-09-24	-0.002326949980378523
2020-09-25	-0.00030421639905886533
2020-09-28	-0.00836888377270073
2020-09-29	0.007007367472094517
2020-09-30	-0.0034539207522625848
2020-10-01	0.003567772472630848
2020-10-02	-0.006094448884914949
2020-10-05	0.005007643039454113
2020-10-06	0.0015762295552546046
2020-10-07	0.0010152644431959956
2020-10-08	-0.0013692594407324066
2020-10-09	0.0005586055828479264
2020-10-12	-0.004314094852468475
2020-10-13	0.0019880449739952955
2020-10-14	-0.0023910118695164018
2020-10-15	0.00341661472764887
2020-10-16	0.004218131895272981
2020-10-19	5.057948647380073e-05
2020-10-20	0.005111049560833969
2020-10-21	-0.010723943592721996
2020-10-22	0.0008651746358225854
2020-10-23	0.0039153310247814765
2020-10-26	-0.0006077856538472259
2020-10-27	-0.002382044632905922
2020-10-28	-0.0015240960035521889
2020-10-29	-0.0014246402201165687
2020-10-30	-0.004330942976241481
2020-11-02	0.0035821960755528792
2020-11-03	-0.004181364140873223
2020-11-04	0.006759216394076617
2020-11-05	0.0025939398059748875
2020-11-06	0.00040585345493293623
2020-11-09	-0.002789062171751344
2020-11-10	-0.006509020183192327
2020-11-11	-0.002763951986633928
2020-11-12	0.009752060147963926
2020-11-13	-0.0025923576369221157
2020-11-16	0.0015289116802132963
2020-11-17	-0.0006106776580880879
2020-11-18	-0.0024948587046965676
2020-11-19	0.001990706867226022
2020-11-20	-0.003056577148179751
2020-11-23	-0.003423598259546745
2020-11-24	0.0022048297044647835
2020-11-25	-0.0006139894190848594
2020-11-26	0.004504990781766471
2020-11-27	0.004331903466658016
2020-11-30	-0.002232721495170842
2020-12-01	-0.0003560358158993804
2020-12-02	0.010225935035565126
2020-12-03	-0.003877747112149166
2020-12-04	0.0010616352469072776
2020-12-07	0.010050025495533133
2020-12-08	-0.0022000122070312544
2020-12-09	-0.0036079436235296747
2020-12-10	0.00975660066956352
2020-12-11	0.005080208579850476
2020-12-14	-0.004757218529976792
2020-12-15	-0.008364831240859294
2020-12-16	-0.0033139367843612044
2020-12-17	-0.0019143822811712452
2020-12-18	0.005501774800847015
2020-12-21	0.010893017899759272
2020-12-22	-0.0031780682000721594
2020-12-23	-0.012354343521289723
2020-12-24	-0.007313613378478134
2020-12-29	0.014125292484032492
2020-12-30	-0.0034069476840415946
2020-12-31	-0.006334572130245353
2021-01-04	0.005615991118790076
2021-01-05	-0.0014590123472901784
2021-01-06	0.001864236987513479
2021-01-07	0.0017602399414695657
2021-01-08	-0.002510166142234427
2021-01-11	-0.002617163752938634
2021-01-12	-0.012161294264406153
2021-01-13	0.0009705887144353387
2021-01-14	-0.005205431428153329
2021-01-15	0.0029241642930075695
2021-01-18	-0.00020456923853096054
2021-01-19	0.0007673891913038133
2021-01-20	-0.0028117327848354856
2021-01-21	-0.004511457468608593
2021-01-22	0.006540345660541069
2021-01-25	-0.0010743998892654982
2021-01-26	-0.004097536515311306
2021-01-27	-0.003857230973991599
2021-01-28	0.00010327983999580681
2021-01-29	0.001342184181635897
2021-02-01	-0.0013403851379064635
2021-02-02	-0.00201331565810392
2021-02-03	-0.0006207861133342707
2021-02-04	-0.0048654371441738675
2021-02-05	-0.0008842097878000166
2021-02-08	0.0008329619717828418
2021-02-09	0.00072821529075906
2021-02-10	-0.001299443842159742
2021-02-11	0.002237992796587207
2021-02-12	-0.004154349178638661
2021-02-15	-0.004849600635399631
2021-02-16	-0.0031963981453423385
2021-02-17	-0.0003153948375190785
2021-02-18	-0.006047188870784592
2021-02-19	-5.295611786448884e-05
2021-02-22	-0.002010420798195911
2021-02-23	-0.0039230529290597005
2021-02-24	-0.0013305657608819743
2021-02-25	0.0004263580863084204
2021-02-26	0.005327082854768905
2021-03-01	-0.0019075911828262404
2021-03-02	0.0014865086981821207
2021-03-03	-0.0037638184699132493
2021-03-04	-0.00228804710551489
2021-03-05	0.0005333658854167478
2021-03-08	-0.0050106738316818555
2021-03-09	-0.001982269199171105
2021-03-10	-0.0004830980789848338
2021-03-11	0.0019334082505471084
2021-03-12	0.0013937058802937496
2021-03-15	0.001552260329535038
2021-03-16	-0.0030463755136518333
2021-03-17	-0.0006968458706012592
2021-03-18	-0.00402338922410761
2021-03-19	0.0035009904323137775
2021-03-22	0.004776981382164092
2021-03-23	0.0009081098916488006
2021-03-24	0.0015477854111085598
2021-03-25	-0.0037834738357225284
2021-03-26	-0.0037443003994056534
2021-03-29	-0.002899292811451293
2021-03-30	0.00010763563054894121
2021-03-31	-0.0006460729012427446
2021-04-01	0.0005387969569892181
2021-04-06	0.005007768252435207
2021-04-07	0.00991216303882081
2021-04-08	0.003607579478827727
2021-04-09	-0.002220215536346437
2021-04-12	0.0007946696502483253
2021-04-13	0.001376441365940284
2021-04-14	-0.001163043013554299
2021-04-15	0.0012701928192757617
2021-04-16	-0.002272928916527528
2021-04-19	-0.00895365531870862
2021-04-20	0.004330148450579552
2021-04-21	0.0005323154634311322
2021-04-22	0.005958371601394452
2021-04-23	0.0032789168543250202
2021-04-26	-0.001159671144996266
2021-04-27	-0.0031136818807099287
2021-04-28	0.0011646438740684495
2021-04-29	-0.0022736499940939625
2021-04-30	0.0038157889203838113
2021-05-04	-0.0043292714659441955
2021-05-05	-0.004029877096313639
2021-05-06	0.006601743497183232
2021-05-07	0.0006346597161850376
2021-05-10	-0.009989953830852105
2021-05-11	-0.002883120854902721
2021-05-12	-0.0057828328486867475
2021-05-13	0.002692804931724968
2021-05-14	0.002846782999980757
2021-05-17	-0.001713927013612948
2021-05-18	-0.0005365422170884315
2021-05-19	0.002415654212516216
2021-05-20	-0.002088461915905393
2021-05-21	-0.0015562572332881164
2021-05-24	0.0040847563989978575
2021-05-25	0.004549784880649499
2021-05-26	-0.0009058356189265426
2021-05-27	-0.006186686197916624
2021-05-28	0.0008050292917329838
2021-06-01	0.005898390328305636
2021-06-02	-0.002238915598616442
2021-06-03	-0.0025110927248013226
2021-06-04	0.0007498628384405848
2021-06-07	0.000909859624691256
2021-06-08	0.002352828481528846
2021-06-09	0.0033609223423272105
2021-06-10	-0.0036686645825644293
2021-06-11	-0.0016542908351749874
2021-06-14	0.001282902987037593
2021-06-15	0.0008007361233162147
2021-06-16	-0.0010668210750515161
2021-06-17	-0.005606893938177926
2021-06-18	0.004296010345363976
2021-06-21	-0.005293580742955051
2021-06-22	-0.0017739172887174526
2021-06-23	0.002369426217755377
2021-06-24	0.0026324567248887654
2021-06-25	0.0002142918345735545
2021-06-28	0.0010178520558739024
2021-06-29	0.001551928102245581
2021-06-30	-0.0010686452298406257
2021-07-01	0.002407044426787408
2021-07-02	-0.0001600788701916489
2021-07-05	-0.003362275926993674
2021-07-06	0.002998808729360647
2021-07-07	0.0004804929867820995
2021-07-08	0.0051763766682455525
2021-07-09	-0.004618789097305287
2021-07-12	-0.0026135019404111004
2021-07-13	-0.0012299236766795119
2021-07-14	0.0004283441089285578
2021-07-15	-0.0011774215334049432
2021-07-16	0.005626039572940389
2021-07-19	0.00740630169801193
2021-07-20	0.0037023161851463815
2021-07-21	-0.0033198338442780306
2021-07-22	-0.005710065742517867
2021-07-23	-0.0008508117844653329
2021-07-26	-0.0007450739446301924
2021-07-27	-0.0015977194383536286
2021-07-28	-0.0011202747591262385
2021-07-29	0.00032041419809747396
2021-07-30	0.0022422624228262134
2021-08-02	0.0030895533172889955
2021-08-03	-0.0015399781737163165
2021-08-04	-0.0018615365150637109
2021-08-05	-0.0010656841807081818
2021-08-06	-0.003413876276103456
2021-08-09	-0.000695845857401789
2021-08-10	-0.0019282304029782926
2021-08-11	-0.0002683430972443279
2021-08-12	0.0018788239633356074
2021-08-13	0.003643420149989751
2021-08-16	-0.000427086418570477
2021-08-17	0.0017089941040477896
2021-08-18	-0.0012795384810133648
2021-08-19	0.004911371625952121
2021-08-20	0.0030280070590540387
2021-08-23	-0.003654480431800833
2021-08-24	0.0005316080486463814
2021-08-25	-0.0017001770382708559
2021-08-26	0.00026611523886144184
2021-08-27	0.00037247845360721676
2021-08-31	-0.00031910199569407105
2021-09-01	0.0013300701801983728
2021-09-02	-0.0009564206373148254
2021-09-03	-0.0023400651186660237
2021-09-06	0.0011727769337275262
2021-09-07	-0.0009583764342742107
2021-09-08	0.000852680270515549
2021-09-09	-0.00463280871341154
2021-09-10	-0.00026751044429507154
2021-09-13	-0.0009097135623014063
2021-09-14	0.0004820371685145819
2021-09-15	-0.00048180492063498725
2021-09-16	-0.000696248667103494
2021-09-17	-0.0018760041259332505
2021-09-20	0.006443974548254738
2021-09-21	0.0012271674836521473
2021-09-22	0.0006395437243806867
2021-09-23	-0.007882041607564672
2021-09-24	0.0013957258843508846
2021-09-27	-0.004127602572310374
2021-09-28	0.009312066632072069
2021-09-29	0.0030931782200738223
2021-09-30	-0.007815414159838552
2021-10-01	-0.0017683090756028808
2021-10-04	-0.0018250917931399435
2021-10-05	-0.00467865088177255
2021-10-06	-0.0015669361468161336
2021-10-07	-0.001785738320552177
2021-10-08	-0.002114276132784698
2021-10-11	-0.0011409067502088366
2021-10-12	-0.002556299462323941
2021-10-13	0.0008724775758868208
2021-10-14	0.0009261681619114892
2021-10-15	-0.004681039650758834
2021-10-18	0.0013671661334657692
2021-10-19	-0.004587386462185039
2021-10-20	0.0003291685806079414
2021-10-21	-0.0014808548771425567
2021-10-22	0.0028013279823364545
2021-10-25	-0.00120502389153343
2021-10-26	-0.0017549071209632672
2021-10-27	0.005109091582744529
2021-10-28	0.0008744446734225697
2021-10-29	-0.004805535427522711
2021-11-01	0.0037313029811489873
2021-11-02	0.007653669195756274
2021-11-03	-0.0039062564675176326
2021-11-04	0.012418293592056706
2021-11-05	0.003873473218149792
2021-11-08	-0.002840293472460287
2021-11-09	0.002203409400666656
2021-11-10	-0.0032711316190869866
2021-11-11	0.0010760865781760387
2021-11-12	-0.003063402492512024
2021-11-15	-0.00517523834968836
2021-11-16	-0.00715287803973752
2021-11-17	-0.008623522653247062
2021-11-18	0.0057255741556232476
2021-11-19	0.0008211580976997812
2021-11-22	-0.003172355878389377
2021-11-23	0.0001646023555383902
2021-11-24	-0.004882594884839997
2021-11-25	0.002150060041682167
2021-11-26	0.0078116304240345436
2021-11-29	-0.0012008800456764224
2021-11-30	0.006339510816453675
2021-12-01	0.0007060110961409904
2021-12-02	0.0014651815673303314
2021-12-03	0.004714481454584085
2021-12-06	-0.0019956332919924824
2021-12-07	-0.00016212051656572246
2021-12-08	0.004215981852094153
2021-12-09	0.000538274972439412
2021-12-10	-0.0005917510931880976
2021-12-13	-0.0004844242570888335
2021-12-14	-0.003715883635813766
2021-12-15	0.0005945978937922369
2021-12-16	-0.0031872742474489124
2021-12-17	0.0017341863105377886
2021-12-20	0.0057346763665588885
2021-12-21	-0.00715431208139905
2021-12-22	-0.0021130987319754047
2021-12-23	-0.006569613981949218
2021-12-24	0.0018582080976241588
2021-12-29	-0.005673412797904787
2021-12-30	-0.004005107638209604
2021-12-31	0.0007161225494130008
2022-01-04	-0.008752112918567811
2022-01-05	-5.550037058144053e-05
2022-01-06	-0.0014994405591086668
2022-01-07	-5.567166549003133e-05
2022-01-10	-0.0028366123025784784
2022-01-11	-0.0017291251712655553
2022-01-12	0.0011174886678106954
2022-01-13	0.0005581632222897426
2022-01-14	-0.0012272059767943766
2022-01-17	-0.0009494452166871614
2022-01-18	-0.0024038904451730847
2022-01-19	-0.0013448598401747391
2022-01-20	-0.00151509041181086
2022-01-21	0.007867786204765137
2022-01-24	0.004182000754516357
2022-01-25	-0.006496741588856048
2022-01-26	-0.0009501350921364837
2022-01-27	-0.004699280211975521
2022-01-28	-0.0038783791085560404
2022-01-31	0.001015645381680752
2022-02-01	-0.0023110959268665132
2022-02-02	0.0001694941994792032
2022-02-03	-0.0009038733377449981
2022-02-04	-0.0014700582717329658
2022-02-07	-0.0032276744310225647
2022-02-08	-0.0033516806338808047
2022-02-09	0.005699954321044753
2022-02-10	-0.006007694082557968
2022-02-11	-0.006158067060018202
2022-02-14	-0.002696507243109769
2022-02-15	0.002876373438032598
2022-02-16	-0.0008030711190154527
2022-02-17	-0.0033870849625200483
2022-02-18	0.00023037606409404
2022-02-21	-0.00143976042892624
2022-02-22	-0.002249261151284876
2022-02-23	-0.000982648375406403
2022-02-24	-0.00028931928037989607
2022-02-25	0.005903485818192777
2022-02-28	0.000978125235675087
2022-03-01	0.00425363848923177
2022-03-02	-0.006238976331017332
2022-03-03	-0.003628554554434893
2022-03-04	-0.0019076352423592624
2022-03-07	-0.005791729287559666
2022-03-08	-0.0004660481728298027
2022-03-09	0.013812770089145276
2022-03-10	-0.009485449413231817
2022-03-11	-0.0012188433554705114
2022-03-14	0.0009878445729729624
2022-03-15	-0.00023216816096682802
2022-03-16	0.0011032542100772869
2022-03-17	0.006786138530791241
2022-03-18	-0.005012069985079637
2022-03-21	-0.006253267263453655
2022-03-22	-0.009031072700930953
2022-03-23	0.003998075426038028
2022-03-24	0.0
2022-03-25	-0.0033965908275516155
2022-03-28	0.006111226875554321
2022-03-29	0.00946148292044069
2022-03-30	0.00011573867672298732
2022-03-31	0.00017354378798417613
2022-04-01	-0.0025449849208143416
2022-04-04	-0.0026094343647755647
2022-04-05	-0.011976729991824087
2022-04-06	-0.0005295771248541303
2022-04-07	-0.0008242530739923648
2022-04-08	-0.0007071496743200623
2022-04-11	-0.006368310952156064
2022-04-12	-0.0006527838937594455
2022-04-13	-0.001425120208273456
2022-04-14	-0.0077307506151698124
2022-04-19	0.00029967069144731795
2022-04-20	0.003534817116684019
2022-04-21	-0.0037612231809701635
2022-04-22	0.004614396206580995
2022-04-25	0.006979230334079656
2022-04-26	0.002784202520588197
2022-04-27	-0.0057301584812023965
2022-04-28	0.0005347058356370837
2022-04-29	-0.009738714068223464
2022-05-03	0.0033581964249815854
2022-05-04	-0.0008965404536634969
2022-05-05	0.005323918163527175
2022-05-06	-0.0007140016597088072
2022-05-09	-0.001726858048743063
2022-05-10	0.00548770331779691
2022-05-11	0.0018389840726382722
2022-05-12	0.00023681480919290898
2022-05-13	-0.0010063827302158046
2022-05-16	-0.0017777958622685608
2022-05-17	-0.009617068248954919
2022-05-18	0.0005993576912373122
2022-05-19	0.0009585075728131276
2022-05-20	-0.001556014797619465
2022-05-23	0.0016184395462295331
2022-05-24	0.01053258194225104
2022-05-25	-0.006218186947545501
2022-05-26	0.003992599837273625
2022-05-27	-0.002136755813632263
2022-05-30	0.0010707110385343999
2022-05-31	-0.006120016402971329
2022-06-01	0.000538030343707252
2022-06-06	-0.005377592574104639
2022-06-07	-0.002883641517287816
2022-06-08	0.002530414385808033
2022-06-09	-0.014963884168914032
2022-06-10	-0.0062839287187141935
2022-06-13	-0.007060468570717626
2022-06-14	0.003586235369917423
2022-06-15	0.003511843588149821
2022-06-16	-0.019339446591616793
2022-06-17	0.005759708217325743
2022-06-20	0.002054166471162855
2022-06-21	0.0013045516178458172
2022-06-22	0.0062658632144576565
2022-06-23	0.003575843661943967
2022-06-24	0.002027287341991757
2022-06-27	-0.0006743952543678544
2022-06-28	-0.005153351766200132
2022-06-29	0.0017883157349765089
2022-06-30	0.004001287580698065
2022-07-01	0.013549916446204735
2022-07-04	-0.009315790387008915
2022-07-05	0.0065335045338923425
2022-07-06	-0.0008493047364637185
2022-07-07	-0.011900373353947669
2022-07-08	0.0012903493178690884
2022-07-11	0.006934672623353455
2022-07-12	0.002194055377463089
2022-07-13	-0.0027365418484625037
2022-07-14	-0.0032929357084775512
2022-07-15	0.009054730836169478
2022-07-18	-0.0058205996344478095
2022-07-19	0.005061912696685988
2022-07-20	0.0029732416583823085
2022-07-21	0.0016335185639069216
2022-07-22	0.012382236542569869
2022-07-25	-0.0018495170781271941
2022-07-26	-0.010161368303838292
2022-07-27	0.002536220733486916
2022-07-28	0.005842676760273058
2022-07-29	0.0007185766407584726
2022-08-01	-0.0004787375427113272
2022-08-02	-0.004969178214216496
2022-08-03	-0.00024063349498892883
2022-08-04	0.008545968570348172
2022-08-05	-0.006802717371955369
2022-08-08	0.00420570138172538
2022-08-09	-0.00059833734522452
2022-08-10	0.0038913384901781978
2022-08-11	-0.0011926587472742556
2022-08-12	-0.0015523897372826667
2022-08-15	0.0016145684348449763
2022-08-16	-0.008179075326492535
2022-08-17	-0.0055378206338720926
2022-08-18	-0.0024212162642558432
2022-08-19	-0.0004246833715582099
2022-08-22	-0.013475786977530713
2022-08-23	-0.001722857321782123
2022-08-24	0.0025270487514719164
2022-08-25	0.0018444701076887338
2022-08-26	-0.000122763257659253
2022-08-30	0.00270056135264074
2022-08-31	0.0031218080484067823
2022-09-01	-0.004820652437048656
2022-09-02	0.01189528778568949
2022-09-05	-0.009937583480453704
2022-09-06	-0.00391700466392797
2022-09-07	0.010568363875288034
2022-09-08	-0.004012912125073265
2022-09-09	0.0015872643275756104
2022-09-12	0.003413162269732428
2022-09-13	-0.0038875014922340467
2022-09-14	-0.004268627255216706
2022-09-15	0.0019597485294644557
2022-09-16	0.005195318747904576
2022-09-20	-0.009181622911229481
2022-09-21	-0.0026388013736374782
2022-09-22	-0.005660830327095967
2022-09-23	0.01652226527290468
2022-09-26	-0.0036525603452255417
2022-09-27	-0.0034215040316412093
2022-09-28	0.005762996982948909
2022-09-29	-0.014690665146461557
2022-09-30	6.183189107700215e-05
2022-10-03	-0.0022270375746632487
2022-10-04	0.008990094038003216
2022-10-05	-0.005468842076976732
2022-10-06	0.0003706985253704165
2022-10-07	-0.005620428889671736
2022-10-10	-0.006832336046680876
2022-10-11	-0.002814239933827012
2022-10-12	-0.0019441678552956088
2022-10-13	-0.015018219170634839
2022-10-14	0.0039553117523922765
2022-10-17	-0.006036709523532524
2022-10-18	0.013169655943665148
2022-10-19	-0.004732458481948809
2022-10-20	-0.0012046056333790967
2022-10-21	0.005141632930703688
2022-10-24	0.004673130444284634
2022-10-25	0.00012574186260239095
2022-10-26	0.0006913494433384848
2022-10-27	0.0035799024058515982
2022-10-28	-0.01020082415989998
2022-10-31	-0.004236204814313749
2022-11-01	0.006730570332221797
2022-11-02	-0.0008829983409255338
2022-11-03	0.00921653570687564
2022-11-04	0.00844439947925224
2022-11-07	-0.00694699856535963
2022-11-08	0.0020611277931636973
2022-11-09	0.011718537484520564
2022-11-10	0.00499043540618227
2022-11-11	0.001287436979852341
2022-11-14	0.005510279106072158
2022-11-15	-0.006880531287951297
2022-11-16	0.006008557270789305
2022-11-17	-0.0029253761712734194
2022-11-18	-0.006723753438124036
2022-11-21	0.0014769568810095723
2022-11-22	-0.0013518570313207912
2022-11-23	-0.0049839868157756095
2022-11-24	0.0024735259407424603
2022-11-25	-0.0019740134662507014
2022-11-28	0.0037703234789852047
2022-11-29	0.003448354916440355
2022-11-30	-0.00018418039303735867
2022-12-01	0.00018421432170367957
2022-12-02	-0.000245511433931922
2022-12-05	0.007795263237997174
2022-12-06	-0.0030452524061471697
2022-12-07	0.003909825768849462
2022-12-08	-0.0005476561607000718
2022-12-09	-0.011690197909943634
2022-12-12	0.0011704483368935037
2022-12-13	0.0022768468923983765
2022-12-14	0.002517119296596926
2022-12-15	0.0006736518762593402
2022-12-16	-0.002815125289230669
2022-12-19	-0.0012274269378025338
2022-12-20	0.00036867123367700927
2022-12-21	0.005405341569580058
2022-12-22	0.0010386940086877239
2022-12-23	-0.0018309614927221052
2022-12-28	-0.0009172066797575873
2022-12-29	0.006670817854315336
2022-12-30	0.00018237448048541438
2023-01-03	-0.002735211138804483
2023-01-04	0.005485426076113242
2023-01-05	0.0010304792852482425
2023-01-06	0.001029418490817502
2023-01-09	0.0004839503492601871
2023-01-10	-0.003264969394313977
2023-01-11	0.010251665878350025
2023-01-12	0.006124680638772917
2023-01-13	-0.0020291020699718665
2023-01-16	0.00035879415234885137
2023-01-17	-0.001195581956609515
2023-01-18	-0.0020349313751768516
2023-01-19	-0.008156414570871018
2023-01-20	-0.0024791610231230665
2023-01-23	0.003637061884438797
2023-01-24	0.007187214652270679
2023-01-25	-5.993348024202483e-05
2023-01-26	-0.004737590921336188
2023-01-27	-0.0026512558665103825
2023-01-30	-0.0030812575668224262
2023-01-31	0.006242038746654188
2023-02-01	0.005661301369642713
2023-02-02	0.019762864631655663
2023-02-03	0.0012919968421438721
2023-02-06	-0.008739035150522323
2023-02-07	-0.003845890288210696
2023-02-08	-0.004692286073110452
2023-02-09	-0.002088715690263254
2023-02-10	-0.004963532023655626
2023-02-13	-0.002403953951268911
2023-02-14	-0.004096679993171759
2023-02-15	0.005928230246278421
2023-02-16	-6.01028759363853e-05
2023-02-17	-0.0007818431787761648
2023-02-20	-0.0008426084549582047
2023-02-21	-0.013854513999601692
2023-02-22	0.00097726709888879
2023-02-23	0.0031732732529166086
2023-02-24	-0.0026156863396662455
2023-02-27	-0.004391322220177907
2023-02-28	-0.008882701287901917
2023-03-01	0.01019846235085331
2023-03-02	-0.0007954287865304943
2023-03-03	-0.000979754237348307
2023-03-06	0.0023904345953937867
2023-03-07	0.005075222362290965
2023-03-08	0.0008517332469872851
2023-03-09	-0.0032824345277719935
2023-03-10	0.0007318114063192827
2023-03-13	0.002254923421502353
2023-03-14	-0.007843904245767641
2023-03-15	0.0017159942540843076
2023-03-16	-0.004343783838080761
2023-03-17	-0.00319530696146364
2023-03-20	0.0026506760728983725
2023-03-21	0.012972644878759931
2023-03-22	-0.004309246654221388
2023-03-23	0.006766233402637267
2023-03-24	-0.004904320299307319
2023-03-27	-0.004137559533414326
2023-03-28	-0.0024439048143172215
2023-03-29	0.002633629353397282
2023-03-30	0.0006109108453267176
2023-03-31	0.0015872680219291002
2023-04-03	0.004022940826106325
2023-04-04	-0.002064086543048793
2023-04-05	0.0029200371899322786
2023-04-06	0.0027902869838900557
2023-04-11	-0.005927963603377884
2023-04-12	0.0020688593493185525
2023-04-13	0.0013359316886554229
2023-04-14	0.0006064651741490845
2023-04-17	-0.0027879194779829586
2023-04-18	0.0004254729979051852
2023-04-19	-0.004373982249155306
2023-04-20	0.0025626833272893723
2023-04-21	0.0021301570733138764
2023-04-24	-0.00024297670370498903
2023-04-25	0.0037663126859843743
2023-04-26	-0.0014524660202458461
2023-04-27	-0.0049090761126894256
2023-04-28	0.0015226262030736404
2023-05-02	0.006202896237637701
2023-05-03	-0.0015109391384972026
2023-05-04	-0.004116021469256603
2023-05-05	-0.005774004469036198
2023-05-09	-0.0069079647277395795
2023-05-10	0.003816622884727394
2023-05-11	0.005396391638554432
2023-05-12	-0.00341566068324195
2023-05-15	-0.005202314136060093
2023-05-16	-0.0011688642208981248
2023-05-17	-0.004065313441925955
2023-05-18	-0.005380636428048646
2023-05-19	0.0030468238531240477
2023-05-22	0.00043399246964415106
2023-05-23	-0.0026645676140768515
2023-05-24	0.0019260488628243255
2023-05-25	-0.0008060872408000019
2023-05-26	-0.001799841966943383
2023-05-30	0.0028600268859793054
2023-05-31	-0.002417851099006496
2023-06-01	-0.0011186870329598086
2023-06-02	0.0009332990683812437
2023-06-05	6.212398391713947e-05
2023-06-06	-0.0002485753389553924
2023-06-07	-0.005781833380670176
2023-06-08	0.0011881093270493803
2023-06-09	-0.0027481259117414503
2023-06-12	0.006262917338684337
2023-06-13	-0.00641064785607226
2023-06-14	-0.0020044604526002763
2023-06-15	-0.0035777510545726976
2023-06-16	-0.002267720380167315
2023-06-19	-0.0005681945718633008
2023-06-20	0.006317119271773031
2023-06-21	0.002950415641551629
2023-06-22	-0.0035050231183493263
2023-06-23	0.0005023966389836598
2023-06-26	0.003955081357061907
2023-06-27	-0.0013131031608459853
2023-06-28	0.007012679670060029
2023-06-29	-0.004103734717373686
2023-06-30	-0.002434909122225659
2023-07-03	0.0006884504393038782
2023-07-04	-0.004065256732538658
2023-07-05	-0.0026375166695365992
2023-07-06	-0.0062964359267316805
2023-07-07	-0.001330672310993819
2023-07-10	0.0042509876679823755
2023-07-11	-0.0037275482843116547
2023-07-12	0.010146431732861894
2023-07-13	0.000313912071475686
2023-07-14	0.001631792215393446
2023-07-17	0.0017543782493045779
2023-07-18	0.005879424647849074
2023-07-19	0.009327197684899646
2023-07-20	-0.0028955224217328546
2023-07-21	-0.0015446400406071703
2023-07-24	0.00030933039035119236
2023-07-25	-0.005505718671529047
2023-07-26	-0.006158187784293001
2023-07-27	0.0015647492853143596
2023-07-28	0.0041244118591359236
2023-07-31	-0.0009956958589308895
2023-08-01	0.001681964904596045
2023-08-02	0.0018036479695959784
2023-08-03	-0.001427835391883625
2023-08-04	0.005035732221685185
2023-08-07	-0.003340396713404581
2023-08-08	0.001986142837119509
2023-08-09	0.0017343828980582732
2023-08-10	0.0019168782850222943
2023-08-11	-0.0075294774417971055
2023-08-14	-0.0030470135054661007
2023-08-15	-0.0047405796588321225
2023-08-16	-0.002005465469577805
2023-08-17	-0.009482603074199347
2023-08-18	0.004247753674593735
2023-08-21	-0.0018938624023230322
2023-08-22	-0.0015812776113134364
2023-08-23	0.008552364856047268
2023-08-24	0.0038316621987743993
2023-08-25	-0.0015017222829691868
2023-08-29	0.004888128993514762
2023-08-30	-0.0024321757081610107
2023-08-31	-6.257667669962164e-05
2023-09-01	-0.0017505394475717528
2023-09-04	-0.0031314586693421687
2023-09-05	-0.0030156168440084175
2023-09-06	0.0018904974928624085
2023-09-07	0.0031448517688208444
2023-09-08	0.0033857500002152374
2023-09-11	-0.0023120359933125334
2023-09-12	0.002129502255368676
2023-09-13	-0.0009374618530273438
2023-09-14	0.0009383415124002426
2023-09-15	-0.0010000228881835715
2023-09-18	-0.0008132484171774479
2023-09-19	-0.00018792835028624832
2023-09-20	0.004822171266154696
2023-09-21	6.23855769110726e-05
2023-09-22	0.0038638607207157616
2023-09-25	-0.004345647754439241
2023-09-26	0.0012470192178153372
2023-09-27	-0.005916035231097294
2023-09-28	-0.005324851704036626
2023-09-29	0.0080614610727896
2023-10-02	-0.004060939062843771
2023-10-03	6.269686096449512e-05
2023-10-04	-0.0019445336981200878
2023-10-05	0.0011941577567555761
2023-10-06	-0.0007533607889358418
2023-10-09	0.0028270651321604667
2023-10-10	0.00194197550029096
2023-10-11	-0.0002501472071474442
2023-10-12	-0.0037522881027436394
2023-10-13	0.002636523295036275
2023-10-16	-0.0019408812686232402
2023-10-17	-0.0005645589098748349
2023-10-18	-0.0025734599752749165
2023-10-19	0.000566335257797812
2023-10-20	0.005345950336576255
2023-10-23	0.0
2023-10-24	0.003190456599079905
2023-10-25	6.232543525763745e-05
2023-10-26	-0.0013094186036776145
2023-10-27	0.003996000093747787
2023-10-30	0.0033581671385851664
2023-10-31	-0.0009917172786733097
2023-11-01	0.0017372754114042266
2023-11-02	0.006069588051459629
2023-11-03	-0.002031530571871998
2023-11-06	-0.0047498875427909315
2023-11-07	0.004090762843003581
2023-11-08	0.004259274329668106
2023-11-09	0.0015366647996089
2023-11-10	-0.00036821871667347406
2023-11-13	-0.002394396966828638
2023-11-14	0.004677176941002115
2023-11-15	0.002082672820157061
2023-11-16	-0.00024447268798888366
2023-11-17	0.002445697884565501
2023-11-20	-0.0018908055160965498
2023-11-21	-0.0018943874343069211
2023-11-22	-0.00012247763568651315
2023-11-23	-0.003796430876591317
2023-11-24	-0.004241209853412808
2023-11-27	0.003950613516348289
2023-11-28	0.0019675807022851988
2023-11-29	0.0033136552766652727
2023-11-30	-0.0025687961403383364
2023-12-01	-0.00012266539266825305
2023-12-04	0.0
2023-12-05	0.003679664617313838
2023-12-06	0.0011609583108560528
2023-12-07	0.0017088725594551768
2023-12-08	-0.0032901269046292647
2023-12-11	-0.0015282108050398424
2023-12-12	0.004530461061314384
2023-12-13	0.005424179544834651
2023-12-14	0.00333395797834779
2023-12-15	0.0018728706536490503
2023-12-18	0.0020502703620361995
2023-12-19	-0.0009026532956440958
2023-12-20	0.008071294442876464
2023-12-21	0.004780132940011006
2023-12-22	-0.0011298908020246357
2023-12-27	0.004405581281098803
2023-12-28	0.0002370534321691764
2023-12-29	-0.0015407081886573692
2024-01-02	-0.00498552774225991
2024-01-03	-0.007873499036598286
2024-01-04	-0.003006072232884738
2024-01-05	-0.005366938309240066
2024-01-08	0.0013338257393398223
2024-01-09	-0.0018769529651255779
2024-01-10	0.00115248514154076
2024-01-11	0.001030134722797893
2024-01-12	0.002542207807501251
2024-01-15	-0.0027169727329878768
2024-01-16	-0.0009080633438384167
2024-01-17	-0.0069078312917703055
2024-01-18	-0.003355928084728177
2024-01-19	0.0031835697570681276
2024-01-22	-0.00030515715593526505
2024-01-23	-0.0026860536472986807
2024-01-24	0.001101842075964976
2024-01-25	0.0009171133823635547
2024-01-26	0.001343929290192225
2024-01-29	0.0004270822657439499
2024-01-30	0.0024391358197803914
2024-01-31	0.0003649708547752706
2024-02-01	0.0009121870359209971
2024-02-02	-0.003645237431754933
2024-02-05	-0.0002438615008097944
2024-02-06	-0.0013417980708372301
2024-02-07	-0.002565030871229834
2024-02-08	-0.0012246644505360393
2024-02-09	-0.0009808019133729085
2024-02-12	0.0012272762641287738
2024-02-13	-0.004719320024382689
2024-02-14	0.006773853732680912
2024-02-15	-0.0013456554731862136
2024-02-16	-0.0012249460587288041
2024-02-19	0.0004905044991296847
2024-02-20	0.0015936854143554502
2024-02-21	-0.0007344126631605441
2024-02-22	6.13005452665405e-05
2024-02-23	0.00036740696553905217
2024-02-26	-0.00012245514438169458
2024-02-27	-0.00238765396346452
2024-02-28	-0.000122763257659253
2024-02-29	0.0017186156673016928
2024-03-01	0.0014092011401132254
2024-03-04	-0.0004894874563120544
2024-03-05	0.0009181800680948538
2024-03-06	0.0015289585248536852
2024-03-07	0.0020762799712081836
2024-03-08	-0.0017062691583341616
2024-03-11	0.0012208334714964852
2024-03-12	0.0016460736900323347
2024-03-13	0.0009130754239679018
2024-03-14	-0.0059595944599201145
2024-03-15	-0.0006729512164043161
2024-03-18	-0.0007346824088914072
2024-03-19	6.13230771733253e-05
2024-03-20	6.122584231560424e-05
2024-03-21	0.007289448339395044
2024-03-22	0.0028581927373212412
2024-03-25	-0.00309265511066259
2024-03-26	0.001399093642746374
2024-03-27	0.0020652148928297365
2024-03-28	-0.001636687097430034
2024-04-02	-0.0007892509194415975
2024-04-03	0.0018836819881951072
2024-04-04	0.0038816070517666557
2024-04-05	-0.0010875297844603615
2024-04-08	-0.0018144614636661505
2024-04-09	0.0006665088149928611
2024-04-10	-0.00381465120984692
2024-04-11	-0.00595678921029652
2024-04-12	0.0028739222208526982
2024-04-15	-0.004816738690274658
2024-04-16	-0.0023894093048135723
2024-04-17	0.0006755549291566076
2024-04-18	0.0015956456544758968
2024-04-19	0.0034313576535871526
2024-04-22	0.006961403443384029
2024-04-23	-0.0028502197580320132
2024-04-24	-0.004743652703523837
2024-04-25	-0.003910781628585158
2024-04-26	0.0023311753611314767
2024-04-29	-0.0017136837036710872
2024-04-30	-0.003371976271839383
2024-05-01	0.002337628497290911
2024-05-02	0.0027003954511690687
2024-05-03	0.005692206194070737
2024-05-07	0.004686289841775215
2024-05-08	-0.0006058038672545063
2024-05-09	-0.00030308554402191934
2024-05-10	-0.0023039449517857635
2024-05-13	-0.0003646159676756744
2024-05-14	-0.0012767141276307514
2024-05-15	0.00420016098449838
2024-05-16	-0.0047281249531747616
2024-05-17	-0.005481510091301822
2024-05-20	-0.0006736518762592292
2024-05-21	-0.0007353543484091007
2024-05-22	-0.003495597166465525
2024-05-23	-0.002892493106124605
2024-05-24	0.00037030957296391165
2024-05-28	0.0006786809545216155
2024-05-29	-0.003822646944046326
2024-05-30	0.0017948460295040825
2024-05-31	0.0014827968136601477
2024-06-03	0.0018506340633768215
2024-06-04	0.0016625879470970606
2024-06-05	0.0011680238737625803
2024-06-06	-0.0013508609841497154
2024-06-07	-0.005472204826539651
2024-06-10	-0.008037113148425479
2024-06-11	0.0008102517001258303
2024-06-12	0.006725630954911521
2024-06-13	-0.004453799359104393
2024-06-14	0.00037279456743877226
2024-06-17	0.0009938115658967295
2024-06-18	0.003598919197536965
2024-06-19	-0.0030295874645853704
2024-06-20	0.0017364265382751043
2024-06-21	0.0011762672125432694
2024-06-24	-0.0008656900110789456
2024-06-25	0.0003713179719881943
2024-06-26	0.00018559007306451214
2024-06-27	0.0004330260716993717
2024-06-28	0.0015456905620703232
2024-07-01	-0.001666795871998028
2024-07-02	0.0001236969596212223
2024-07-03	0.0017311658822016796
2024-07-04	0.0006171512287977965
2024-07-05	0.00043182411995590364
2024-07-08	-0.00024667701041758416
2024-07-09	-0.00037001270954128973
2024-07-10	-0.0014189384461432697
2024-07-11	-0.001112121178126313
2024-07-12	-0.0025977126915606163
2024-07-15	0.0008061818630844542
2024-07-16	-0.00030982744870755585
2024-07-17	0.0014875759180099646
2024-07-18	0.001980393995565599
2024-07-19	0.0006177029480283203
2024-07-22	-0.0018518706898630333
2024-07-23	0.0010513183188229913
2024-07-24	-0.0002470704104479138
2024-07-25	0.004140135706386383
2024-07-26	0.0027077073317307576
2024-07-29	-0.001902525800594801
2024-07-30	0.001660142689329902
2024-07-31	0.0026397050379483034
2024-08-01	0.003673488263026936
2024-08-02	0.00988233055790233
2024-08-05	0.0036846910245047493
2024-08-06	0.0026480647069615504
2024-08-07	-0.0013806181146548413
2024-08-08	-0.001983541748752482
2024-08-09	-0.0010840320588972885
2024-08-12	0.00012060938374114372
2024-08-13	-0.0008439798982845526
2024-08-14	0.008205626675978683
2024-08-15	-0.012268120747331857
2024-08-16	-0.001090626666113148
2024-08-19	0.0003639082936290894
2024-08-20	0.0024859254248277285
2024-08-21	-6.044821009620893e-05
2024-08-22	-0.005443713453733179
2024-08-23	-0.0011554290037085746
2024-08-27	-0.005479841239477423
2024-08-28	-0.0003061286450281031
2024-08-29	-0.002510799315190715
2024-08-30	0.0005525315274601539
2024-09-02	-0.001411276466934508
2024-09-03	0.004116985045655941
2024-09-04	0.0016522183931293455
2024-09-05	-6.106126150517976e-05
2024-09-06	0.00464345643879982
2024-09-09	0.00048654037960349505
2024-09-10	-0.0003038586993975301
2024-09-11	0.0018240774700359896
2024-09-12	-0.006433585784987206
2024-09-13	0.0020158939352883376
2024-09-16	0.0007925677240747664
2024-09-17	0.00030459948003369597
2024-09-18	-0.004141087063927906
2024-09-19	0.00024465569143594657
2024-09-20	-0.0023231941419387114
2024-09-23	-0.0037379778247786932
2024-09-24	0.001045627795735804
2024-09-25	0.0
2024-09-26	-0.001228859897033363
2024-09-27	0.0019070904507767494
2024-09-30	-0.0014122296860930028
2024-10-01	0.005226531508371046
2024-10-02	-0.002140878724451789
2024-10-03	0.00784649507131685
2024-10-04	-0.005960774676109226
2024-10-07	0.0012849949414353024
2024-10-08	-0.0012833458485118632
2024-10-09	-0.0007953841390748728
2024-10-10	-0.001898331615434845
2024-10-11	-0.00030678599958644526
2024-10-14	-0.0014115362961392153
2024-10-15	-0.0014750506008283093
2024-10-16	0.006524266329965833
2024-10-17	-0.0037913234379965965
2024-10-18	0.0014731460866748147
2024-10-21	-0.003248536923839196
2024-10-22	-0.001229842296441297
2024-10-23	0.0009235879630868915
2024-10-24	0.002521919080083812
2024-10-25	-0.0007975802394838416
2024-10-28	6.137246829207577e-05
2024-10-29	-0.005157781743476364
2024-10-30	0.0019133289125981001
2024-10-31	0.009178866976880862
2024-11-01	-0.00616536271803525
2024-11-04	0.004299471523487197
2024-11-05	-0.00244629631167681
2024-11-06	-0.0036785365782013857
2024-11-07	-0.0035690225257517527
2024-11-08	0.0012968981866605667
2024-11-11	-0.0009250887939373786
2024-11-12	0.0050619917132128656
2024-11-13	-0.002026913801383201
2024-11-14	0.0023387794978142473
2024-11-15	-0.0007982615886361621
2024-11-18	0.0006759700930352164
2024-11-19	-0.0005526672802416144
2024-11-20	-0.004915533344133971
2024-11-21	0.0018524424662613725
2024-11-22	0.000493077541169118
2024-11-25	0.006776263366714996
2024-11-26	0.0001224027005901629
2024-11-27	-0.0003670698055304733
2024-11-28	0.0004896372565856844
2024-11-29	0.0006117703723547141
2024-12-02	0.0017117978037495263
2024-12-03	0.0
2024-12-04	-0.0014647878194916641
2024-12-05	-0.0006112468867583987
2024-12-06	0.0015289585248536852
2024-12-09	-0.002137218224637638
2024-12-10	-0.0031822058674949583
2024-12-11	-0.001964467227139166
2024-12-12	-0.0008612575636923747
2024-12-13	0.004124936636990206
2024-12-16	-0.005211563897650318
2024-12-17	-0.0014792326235073538
2024-12-18	-0.0009875218118938767
2024-12-19	-0.0022861313686940443
2024-12-20	0.003529894347907403
2024-12-23	0.0018512992663257677
2024-12-24	-0.0019710952398407366
2024-12-27	-0.001481241097156194
2024-12-30	0.0021015613498318597
2024-12-31	0.0
2025-01-02	-0.0011719141163512026
2025-01-03	-0.0031493748174391545
2025-01-06	0.0006195013817320572
2025-01-07	-0.0013619836709323208
2025-01-08	0.004587474455173046
2025-01-09	0.003455708411278957
2025-01-10	-0.0003689659822184721
2025-01-13	-0.000553653252543862
2025-01-14	0.004493387279152161
2025-01-15	0.0012255465730137693
2025-01-16	-0.0009180114881246482
2025-01-17	0.003981829665593795
2025-01-20	0.0025626833272893723
2025-01-21	0.0
2025-01-22	0.0008520442561537056
2025-01-23	-0.003283632083634358
2025-01-24	-0.0034164940887204676
2025-01-27	0.001346808769408403
2025-01-28	-0.0037292937765934786
2025-01-29	-0.000368267150897883
2025-01-30	0.0017802857936639604
2025-01-31	0.00318649589240394
2025-02-03	-0.005986261964065487
2025-02-04	0.002888227327739079
2025-02-05	0.0016544379749379168
2025-02-06	0.0018352177740108555
2025-02-07	-0.001954004493315842
2025-02-10	0.000428310342770466
2025-02-11	-0.0020181129062645242
2025-02-12	0.0008578919514306005
2025-02-13	-0.0012244960876757194
2025-02-14	-0.00012262779293914505
2025-02-17	-0.004169014358566314
2025-02-18	-0.001231280904145482
2025-02-19	-0.004684673160642472
2025-02-20	0.0019198461401510603
2025-02-21	0.0005562884075267505
2025-02-24	0.0022240107568480827
2025-02-25	0.001232798825798298
2025-02-26	-0.000923437192931309
2025-02-27	-0.0026496960747827147
2025-02-28	0.002100687828662684
2025-03-03	-0.0029594655670127645
2025-03-04	0.0020406070036811386
2025-03-05	0.0015428289950527585
2025-03-06	-0.0009858180414009654
2025-03-07	0.0037624165298242307
2025-03-10	0.0012903493178690884
2025-03-11	0.0013501149114658606
2025-03-12	-0.0036770904667494664
2025-03-13	-0.003690755222265696
2025-03-14	0.004198263077461295
2025-03-17	0.001045271651486157
2025-03-18	-6.147749155338555e-05
2025-03-19	-0.0014126634174064234
2025-03-20	-0.005474224256518889
2025-03-21	0.0021027666074395768
2025-03-24	-0.0015429241614728362
2025-03-25	-0.0018543890098990934
2025-03-26	0.0022293820898966477
2025-03-27	-0.0038309140584326107
2025-03-28	0.005210248924019778
2025-03-31	-0.0006169989277607923
2025-04-01	0.001420077290718913
2025-04-02	-0.0004932599411211491
2025-04-03	0.007772466239541087
2025-04-04	0.006794397034506572
2025-04-07	0.0018847128322356799
2025-04-08	0.0021239524107989904
2025-04-09	0.009870442587119665
2025-04-10	0.0006595946964889077
2025-04-11	0.006291872976070811
2025-04-14	-0.003513347011392498
2025-04-15	-0.007589273583510359
2025-04-16	0.006804296827767065
2025-04-17	-0.00017941853973935107
2025-04-22	0.0017348121558797835
2025-04-23	-0.0013137538031933182
2025-04-24	-0.0011959591034540473
2025-04-25	-0.002095251788756025
2025-04-28	-0.004499370022288174
2025-04-29	-0.001084777220211719
2025-04-30	0.0006636137427418198
2025-05-01	-0.001808571783925128
2025-05-02	0.0032614197151987767
2025-05-06	-0.004454912349918683
2025-05-07	0.004233006154080066
2025-05-08	-0.003251692184655708
2025-05-09	-0.0010269931142328215
2025-05-12	-0.009796777402080403
2025-05-13	0.00024424871620332134
2025-05-14	0.00018316509659577207
2025-05-15	0.0017092899302237896
2025-05-16	0.00018281906250461333
2025-05-19	0.0019498375197382067
2025-05-20	0.0004256389223458168
2025-05-21	-0.00012150637857477609
2025-05-22	-0.006808987406977218
2025-05-23	0.0007957696437417283
2025-05-27	0.0014679235055905515
2025-05-28	-0.00042755173977115923
2025-05-29	0.006232078474199376
2025-05-30	-0.0003643060155706923
2025-06-02	0.0018221939140576904
2025-06-03	-0.0009094397813940169
2025-06-04	-0.0012137210202923798
