time	DAX
2014-10-24	-0.0023762164729657087
2014-10-27	-0.006431149372501999
2014-10-28	0.01925844467408644
2014-10-29	0.006272044138633914
2014-10-30	-0.010907701044538975
2014-10-31	0.014178834935235862
2014-11-03	0.011650455808176474
2014-11-04	-0.02111321509284647
2014-11-05	0.005490172143076011
2014-11-06	-0.0031201219036827155
2014-11-07	-0.003912378073519629
2014-11-10	0.0
2014-11-11	0.011783234689593636
2014-11-12	-0.0197981453552174
2014-11-13	0.0
2014-11-14	0.0
2014-11-17	0.0
2014-11-18	0.03722774392307393
2014-11-19	0.00038183385559054095
2014-11-20	0.0
2014-11-21	0.011068664111984372
2014-11-24	0.013590057133336275
2014-11-25	0.00931098683233289
2014-11-26	0.0070848499159463785
2014-11-28	0.0013923533294177837
2014-12-01	0.0014636266241863094
2014-12-02	-0.008074558443926905
2014-12-03	-0.002541539051679087
2014-12-04	-0.0048005598645810554
2014-12-05	0.011502762789108445
2014-12-08	-0.005869400075888098
2014-12-09	-0.011070152774400377
2014-12-10	-0.00507461505362139
2014-12-11	0.0017251548057652943
2014-12-12	-0.011231720230007292
2014-12-15	-0.029912874393905886
2014-12-16	0.024199801388582465
2014-12-17	-0.0053353426398475845
2014-12-18	0.015325655658390724
2014-12-19	-0.0018867636626621609
2014-12-22	0.0059734984551558235
2014-12-23	0.00045103118186728963
2014-12-24	0.0016528443604282295
2014-12-26	-0.002400209161697253
2014-12-29	-0.0018797422440645084
2014-12-30	-0.014576238846320533
2014-12-31	0.0
2015-01-02	0.0
2015-01-05	-0.04903875476080788
2015-01-06	0.0
2015-01-07	0.0
2015-01-08	0.028135079845311495
2015-01-09	0.0
2015-01-12	-0.005082062593992687
2015-01-13	0.0031434153755527383
2015-01-14	0.0
2015-01-15	0.008499766867166025
2015-01-16	0.014487167529839473
2015-01-20	0.0021822053871205505
2015-01-21	-0.0032471632223954883
2015-01-22	0.008738335472022074
2015-01-23	-0.0034194587245982566
2015-01-26	0.023637089212870777
2015-01-27	-0.006741145373848512
2015-01-28	-0.0063369688269481195
2015-01-29	0.017849040481279443
2015-01-30	-0.017536039011089244
2015-02-02	0.023773553236475564
2015-02-03	0.019830450551194145
2015-02-04	-0.019083413759823475
2015-02-05	0.015475316350012092
2015-02-06	-0.02648764718368135
2015-02-09	-0.010436104638155808
2015-02-10	0.009416196127457255
2015-02-11	-0.0054850508699858525
2015-02-12	0.03290439397938205
2015-02-13	0.0007264275305571832
2015-02-17	-0.006424684235136535
2015-02-18	0.0017170528037984134
2015-02-19	0.0014587530294463136
2015-02-20	0.014566698441919712
2015-02-23	-0.004307280567280802
2015-02-24	0.008363386909386206
2015-02-25	0.0020735222480365856
2015-02-26	-0.0067071576198711735
2015-02-27	0.00642916674716143
2015-03-02	0.0038899130179317343
2015-03-03	-0.011731245415972591
2015-03-04	0.0
2015-03-05	0.00035972047324750456
2015-03-06	-0.011506641530723782
2015-03-09	0.00800288523776671
2015-03-10	-0.021652778561703556
2015-03-11	0.011065998904699281
2015-03-12	0.012039398961806613
2015-03-13	-0.0068493343772640936
2015-03-16	0.03085300925621426
2015-03-17	-0.016197151079273886
2015-03-18	0.014674296334115544
2015-03-19	-0.02010580907070414
2015-03-20	0.0313174553772777
2015-03-23	-0.0006980962663167833
2015-03-24	0.003842145077751269
2015-03-25	-0.005219193449020554
2015-03-26	-0.006295918300633141
2015-03-27	0.001407987178535297
2015-03-30	0.010896290250586027
2015-03-31	-0.01877610956988296
2015-04-01	0.008504598758249715
2015-04-02	0.006676055522478075
2015-04-06	0.008726003606586596
2015-04-07	-0.007854646568623669
2015-04-08	-0.0019181914878756423
2015-04-09	-0.002550840525046727
2015-04-10	0.011035226246827623
2015-04-13	-0.010048541559050661
2015-04-14	0.004200239430003805
2015-04-15	0.0
2015-04-16	-0.013593631569790432
2015-04-17	-0.020459313826255987
2015-04-20	0.009343056331907462
2015-04-21	0.00857754735684968
2015-04-22	-0.004960999045176662
2015-04-23	-0.005698000279445559
2015-04-24	0.006805176702665561
2015-04-27	0.017431510511519477
2015-04-28	-0.00944057532036291
2015-04-29	-0.01517826707849601
2015-04-30	3.582260563650408e-05
2015-05-01	0.012150127709166902
2015-05-04	0.00354109002408709
2015-05-05	-0.02117150240787624
2015-05-06	0.015861591120693852
2015-05-07	-0.004080900279374466
2015-05-08	0.024051281817772274
2015-05-11	-0.014404995156303335
2015-05-12	-0.004660028542220251
2015-05-13	-0.0036887313134768007
2015-05-14	0.024919927345566917
2015-05-15	-0.0020841045982271655
2015-05-18	0.0006961523871333863
2015-05-19	0.0024347719938859758
2015-05-20	-0.0017348798608601834
2015-05-21	0.0013903026604893398
2015-05-22	-0.012356785821560523
2015-05-26	-0.033176362846962126
2015-05-27	0.01813887841384032
2015-05-28	-0.006390833286402664
2015-05-29	-0.015810295913181727
2015-06-01	-0.0015698893222456656
2015-06-02	0.009251481269246353
2015-06-03	0.017028960393422388
2015-06-04	-0.013537554859206824
2015-06-05	-0.01961000955051939
2015-06-08	-0.002652175116628075
2015-06-09	-0.0031394640600579393
2015-06-10	0.031863676089091575
2015-06-11	-0.0017953732037450099
2015-06-12	-0.009352457865775654
2015-06-15	-0.015613663430684266
2015-06-16	-0.0007377520218879718
2015-06-17	-0.0036914131010137297
2015-06-18	0.022600986125398848
2015-06-19	-0.01050727940286722
2015-06-22	0.03844749780089196
2015-06-23	-0.0075106222368329645
2015-06-24	-0.02099689546764294
2015-06-25	0.00420965053629474
2015-06-26	0.0028187016657870156
2015-06-29	-0.03819817895287869
2015-06-30	-0.00783063430524733
2015-07-01	0.004493768254808073
2015-07-02	-0.0003759484488129461
2015-07-06	-0.019932331087028077
2015-07-07	-0.0011511427441155409
2015-07-08	-0.01690359287171883
2015-07-09	0.021649040400163022
2015-07-10	0.04880664858099726
2015-07-13	-0.0029175756193822178
2015-07-14	0.0014630215053208495
2015-07-15	-0.004017483797463028
2015-07-16	0.009167583271118884
2015-07-17	-0.004215157239129574
2015-07-20	0.0016786394487369183
2015-07-21	-0.0014572282118603397
2015-07-22	-0.009850436310351318
2015-07-23	0.0020265403984038866
2015-07-24	-0.017466460261079897
2015-07-27	-0.011601776718139667
2015-07-28	0.012495264127704742
2015-07-29	-0.0026177896568205794
2015-07-30	-0.006374206067027766
2015-07-31	0.009433962264151052
2015-08-03	0.007850433064398255
2015-08-04	0.0012982847162223976
2015-08-05	0.011298328888505793
2015-08-06	-0.0018314739361849908
2015-08-07	0.0
2015-08-10	0.012477069819739173
2015-08-11	-0.02319678818807136
2015-08-12	-0.010760701570225573
2015-08-13	-0.0041260544253993725
2015-08-14	-0.002410515173802974
2015-08-17	-0.007022609059351481
2015-08-18	-0.012471449600958029
2015-08-19	-0.009317749064244762
2015-08-20	-0.028371533432716145
2015-08-21	-0.017919998168945295
2015-08-24	-0.013522349780175635
2015-08-25	0.005780400535349228
2015-08-26	0.019704414212221133
2015-08-27	0.009782609864125158
2015-08-28	-0.008093171504882313
2015-08-31	-0.0002411017545231875
2015-09-01	-0.02548849257043484
2015-09-02	0.00948843004983746
2015-09-03	0.004903998471626814
2015-09-04	-0.018706831596862705
2015-09-08	0.03315379909792604
2015-09-09	-0.003529933820435316
2015-09-10	0.002334778471298593
2015-09-11	-0.0033333407380335967
2015-09-14	0.0009670858037906793
2015-09-15	0.002455650937918552
2015-09-16	0.0019275694671034849
2015-09-17	0.019238458018378646
2015-09-18	-0.050334277282135464
2015-09-21	-0.008198755997979701
2015-09-22	-0.03348363631498841
2015-09-23	0.00345572030342578
2015-09-24	-0.007748614236883999
2015-09-25	0.007722403891553986
2015-09-28	-0.014551456943995289
2015-09-29	0.004543472884484423
2015-09-30	0.011872693890694341
2015-10-01	-0.011045685618745527
2015-10-02	0.018252936641294237
2015-10-05	0.017925739258362938
2015-10-06	0.009601680833961623
2015-10-07	0.006270985765503223
2015-10-08	0.009781242930096967
2015-10-09	0.009114378089882358
2015-10-12	0.0036452065873284756
2015-10-13	-0.00524620922166863
2015-10-14	-0.0063286060747778095
2015-10-15	0.008369393649386936
2015-10-16	0.002591241949716716
2015-10-19	0.002705626705314268
2015-10-20	-0.0008054956836538452
2015-10-21	0.0028617917930191528
2015-10-22	0.017282275479673537
2015-10-23	0.016949110393817524
2015-10-26	-0.0015539630355239087
2015-10-27	-0.010894968028533292
2015-10-28	0.007081050536409839
2015-10-29	-0.005937516600824644
2015-10-30	0.007584124245685553
2015-11-02	0.013766963972825286
2015-11-03	-0.007078557318271006
2015-11-04	-0.017435058694387662
2015-11-05	0.006309142096266429
2015-11-06	-0.0011755754744268154
2015-11-09	-0.012867756686364418
2015-11-10	-0.002066610143089065
2015-11-11	0.0027877217492124906
2015-11-12	-0.008737141304081097
2015-11-13	-0.007652243259096525
2015-11-16	0.0024627892200645984
2015-11-17	0.004027401601973235
2015-11-18	0.012033663593588706
2015-11-19	0.014665114781869049
2015-11-20	-0.005390643993159472
2015-11-23	-0.006244615403169895
2015-11-24	-0.006441928232039373
2015-11-25	0.016706447354445153
2015-11-27	0.010563398411781444
2015-11-30	0.003097170884334144
2015-12-01	-0.0023156876223746625
2015-12-02	-0.013539666394768002
2015-12-03	-0.011921602136948484
2015-12-04	0.009723799315062287
2015-12-07	-0.00043236034637106346
2015-12-08	-0.014156531892698831
2015-12-09	-0.003988846537176904
2015-12-10	0.0
2015-12-11	-0.018822560123304743
2015-12-14	-0.011428599454918698
2015-12-15	0.01783654525759637
2015-12-16	0.014927795884298822
2015-12-17	-0.001998446982188762
2015-12-18	-0.01041250444659736
2015-12-21	-0.0004046265440570407
2015-12-22	0.00566799130866813
2015-12-23	0.014492778105480664
2015-12-24	-0.0011905034022708927
2015-12-28	0.0007946149266209179
2015-12-29	0.013775312215700719
2015-12-30	-0.018287228308139114
2015-12-31	-0.007179908550734582
2016-01-04	-0.03615908560064396
2016-01-05	-0.0058357395158037395
2016-01-06	-0.011320773729355915
2016-01-07	-0.01781170812777233
2016-01-08	-0.00949910685681954
2016-01-11	0.007846569354196253
2016-01-12	0.012110673405414829
2016-01-13	-0.02081194528452468
2016-01-14	0.006851987399328907
2016-01-15	-0.03511051047495706
2016-01-19	0.014375547687956791
2016-01-20	-0.018157654951170388
2016-01-21	0.011276499735664025
2016-01-22	0.01775203906372491
2016-01-25	-0.009553878710084729
2016-01-26	0.01588492240087258
2016-01-27	0.005444488087191557
2016-01-28	-0.014468880570426501
2016-01-29	0.003956050663203925
2016-02-01	0.00043783838944944087
2016-02-02	-0.014266967535257358
2016-02-03	-0.002397480646855743
2016-02-04	0.0061415439474103994
2016-02-05	-0.018046666767343567
2016-02-08	-0.02882888626136826
2016-02-09	0.0032467391724566586
2016-02-10	0.011650523277546343
2016-02-11	-0.019148186920514898
2016-02-12	0.011974093898288185
2016-02-16	0.0
2016-02-17	0.03499080354088924
2016-02-18	0.007117431079635805
2016-02-19	-0.009319723535537006
2016-02-22	0.010744982505695999
2016-02-23	-0.00970442490578316
2016-02-24	-0.01915368777562032
2016-02-25	0.0
2016-02-26	0.014986372245496815
2016-02-29	-0.009396017370782661
2016-03-01	0.029358696648510874
2016-03-02	-0.00789821403882185
2016-03-03	0.01901814655320777
2016-03-04	0.007812430150809568
2016-03-07	-0.007321278265334574
2016-03-08	-0.005639877009522176
2016-03-09	0.0030540878966496265
2016-03-10	-0.00478471559141791
2016-03-11	0.036713294728973445
2016-03-14	0.0037942729845368284
2016-03-15	-0.00478791780729082
2016-03-16	0.011563140518538795
2016-03-17	0.005006292977511428
2016-03-18	-0.0015359342421571442
2016-03-21	-0.0026192045341816295
2016-03-22	0.0
2016-03-23	0.004460206418216206
2016-03-24	-0.018550047776720313
2016-03-28	0.0016913706626870972
2016-03-29	0.002406044966568155
2016-03-30	0.02918266732753594
2016-03-31	-0.0057283671823974425
2016-04-01	-0.012757180068943996
2016-04-04	0.000583573951580485
2016-04-05	-0.030953176116123582
2016-04-06	0.014143866452630771
2016-04-07	-0.008054282866834739
2016-04-08	0.006837600428224233
2016-04-11	0.00764008103803171
2016-04-12	-0.008003392413203358
2016-04-13	0.02887474850129368
2016-04-14	0.004952572905509989
2016-04-15	-0.0049281658050699395
2016-04-18	0.013206756123392172
2016-04-19	0.02443993483160556
2016-04-20	0.004373781790060649
2016-04-21	-0.00395884325271656
2016-04-22	-0.009538941676219825
2016-04-25	-0.0028089765092259578
2016-04-26	-0.0012072710738418868
2016-04-27	0.003223204056796769
2016-04-28	0.0
2016-04-29	-0.008755036760123902
2016-05-02	0.01207358987412821
2016-05-03	-0.01761403662017813
2016-05-04	-0.016462967436414733
2016-05-05	-0.008120614356560196
2016-05-06	0.008771891386297526
2016-05-09	0.0037267144517398876
2016-05-10	0.008250856634815396
2016-05-11	-0.003273319229047167
2016-05-12	-0.014121504681930075
2016-05-13	-0.00816126943514417
2016-05-16	0.0037783439857661527
2016-05-17	-0.007946488300717536
2016-05-18	0.0
2016-05-19	-0.01370146985661358
2016-05-20	0.010472277285357379
2016-05-23	-0.0042300540060453695
2016-05-24	0.018224253630363396
2016-05-25	0.012182394700134713
2016-05-26	0.008408576551537816
2016-05-27	-0.002656878546994035
2016-05-31	-0.0036885309014325074
2016-06-01	0.0
2016-06-02	0.0
2016-06-03	0.0
2016-06-06	0.009296579066977673
2016-06-07	0.012797566529046733
2016-06-08	0.0016096180106515146
2016-06-09	-0.021735575416980568
2016-06-10	-0.036675079972887104
2016-06-13	-0.012619352612224466
2016-06-14	-0.014248701462877156
2016-06-15	0.006570285546716903
2016-06-16	0.004786797760782724
2016-06-17	0.01043738502421565
2016-06-20	0.02575971232561236
2016-06-21	0.013287681932151019
2016-06-22	-0.005360790134705251
2016-06-23	0.0335406296480254
2016-06-24	-0.10104701033881014
2016-06-27	-0.02811241254155361
2016-06-28	0.029843875024706534
2016-06-29	0.008024980059150755
2016-06-30	0.013533823423219182
2016-07-01	0.004320082992469887
2016-07-05	-0.03306537908959095
2016-07-06	-0.0028758504924574213
2016-07-07	-0.0076611118613100215
2016-07-08	0.02406897221975357
2016-07-11	0.018758330377154353
2016-07-12	0.014234086553262415
2016-07-13	0.0016309059251418123
2016-07-14	0.016796649643714412
2016-07-15	-0.0071639308711897165
2016-07-18	0.0008489158835756072
2016-07-19	-0.013570809832891828
2016-07-20	0.015477240189557318
2016-07-21	0.0
2016-07-22	-0.0012701391015903507
2016-07-25	0.004239100501182369
2016-07-26	0.008231308164973639
2016-07-27	0.010257438959054843
2016-07-28	0.0033153720053222813
2016-07-29	0.008674142906348825
2016-08-01	-0.004095019703411196
2016-08-02	-0.009457218138258283
2016-08-03	-0.0002905757342500648
2016-08-04	-0.00012457996830139706
2016-08-05	0.010340554406367497
2016-08-08	0.003740375745086233
2016-08-09	0.026330861877107647
2016-08-10	0.0034712482201604278
2016-08-11	0.004373781790060649
2016-08-12	-0.0007917837522741777
2016-08-15	0.004754391454896645
2016-08-16	0.0023659094833732297
2016-08-17	-0.0053107879023074345
2016-08-18	0.004943642505609747
2016-08-19	-0.006296727602239871
2016-08-22	0.0
2016-08-23	0.003564362478728267
2016-08-24	-0.003946344943471236
2016-08-25	-0.0070522780536489416
2016-08-26	-0.010055095601073538
2016-08-29	0.006045933968526818
2016-08-30	0.00440707589688949
2016-08-31	-0.0035899542753672353
2016-09-01	0.0012009882784338455
2016-09-02	0.007197133287824453
2016-09-06	0.008336605002795983
2016-09-07	0.0050787288197002844
2016-09-08	-0.005366412074580329
2016-09-09	-0.019376204158413568
2016-09-12	-0.004016079638624048
2016-09-13	-0.006209650538341438
2016-09-14	0.0042197554142280325
2016-09-15	0.0016161986071654422
2016-09-16	-0.022993206176762482
2016-09-19	0.008257670049939936
2016-09-20	0.006429139538173256
2016-09-21	0.010701081982078087
2016-09-22	0.01743158461817007
2016-09-23	-0.004866897287320593
2016-09-26	-0.017892598903232804
2016-09-27	-0.0028745364641031834
2016-09-28	0.005318954092365935
2016-09-29	-0.013853005202609237
2016-09-30	0.023876814820716907
2016-10-03	-0.0063999938964843794
2016-10-04	0.004951658233841139
2016-10-05	0.005047524790451785
2016-10-06	-0.005141759887704489
2016-10-07	-0.006410250532086104
2016-10-10	0.008467782188777973
2016-10-11	-0.013194718939865013
2016-10-12	-0.007293367218396352
2016-10-13	-0.004489820830676061
2016-10-14	0.008200113486855454
2016-10-17	-0.007320061165466796
2016-10-18	0.010241704283603381
2016-10-19	0.0
2016-10-20	0.0020275440944819145
2016-10-21	-0.004046882955326847
2016-10-24	0.004469674940059232
2016-10-25	0.0004045400145473721
2016-10-26	-0.004852362883380534
2016-10-27	0.0032507079123111904
2016-10-28	0.00040503153768844946
2016-10-31	0.00040479033297047273
2016-11-01	0.0
2016-11-02	-0.01477133891710758
2016-11-03	-0.00718830322433206
2016-11-04	-0.006206024743764638
2016-11-07	0.015820114634668148
2016-11-08	0.005327912710970217
2016-11-09	0.0024459626686863523
2016-11-10	-0.004717333106220023
2016-11-11	-0.001389245543655493
2016-11-14	-0.008183337093661147
2016-11-15	0.0012376521010224462
2016-11-16	-0.009476701190697878
2016-11-17	0.0008318864248513247
2016-11-18	-0.007481309608114328
2016-11-21	0.004187620811730186
2016-11-22	0.0
2016-11-23	-0.008298557493995218
2016-11-25	0.0012194326750689655
2016-11-28	-0.005039854455117121
2016-11-29	0.009455425005814977
2016-11-30	-0.005603365113704295
2016-12-01	-0.007569398653418324
2016-12-02	0.003813565725980128
2016-12-05	0.026720109999828434
2016-12-06	0.0035768570222509677
2016-12-07	0.03154446794661925
2016-12-08	-0.005162869997603292
2016-12-09	-0.00043910897806165305
2016-12-12	0.0023164090259282233
2016-12-13	0.009005053634062676
2016-12-14	-0.016309288297520208
2016-12-15	0.0028101041851869013
2016-12-16	0.004003217906415335
2016-12-19	-0.0016746338525636117
2016-12-20	0.0028756491426187303
2016-12-21	-0.008761498022920367
2016-12-22	-0.000401776983811164
2016-12-23	0.0016479247425214005
2016-12-27	0.001966204699129781
2016-12-28	-0.007208586414773399
2016-12-29	0.007664325118680315
2016-12-30	0.004803876758704417
2017-01-03	0.0
2017-01-04	0.007569742277688807
2017-01-05	0.009489907569390832
2017-01-06	-0.0031335652782767953
2017-01-09	-0.0007858725801217492
2017-01-10	0.000589830494236443
2017-01-11	0.008056589749056098
2017-01-12	-0.0031189054540281536
2017-01-13	0.0
2017-01-17	0.005866234662514902
2017-01-18	0.002721679783891151
2017-01-19	-0.005040754691752025
2017-01-20	0.008183982582621319
2017-01-23	-0.0015462278403439722
2017-01-24	0.005420030586990032
2017-01-25	0.017712784134913173
2017-01-26	-0.003405227073352113
2017-01-27	-0.0015186376346096875
2017-01-30	-0.012547525980192265
2017-01-31	-0.0003850685077489979
2017-02-01	0.007318973064650791
2017-02-02	0.00344168848568982
2017-02-03	-0.008193603447532727
2017-02-06	-0.012487948524672277
2017-02-07	0.0007781536895468122
2017-02-08	0.0001944427779450031
2017-02-09	0.005869740212817831
2017-02-10	-0.0008501839387030641
2017-02-13	0.005647091665903048
2017-02-14	-0.0011538725632888047
2017-02-15	0.0019253425387451006
2017-02-16	0.001921569415100688
2017-02-17	-0.0030686584059277378
2017-02-21	0.011927644042801333
2017-02-22	-0.001140638029167751
2017-02-23	0.0006851788631214717
2017-02-24	-0.01137400278309797
2017-02-27	0.00619490153952218
2017-02-28	-0.00229443467753887
2017-03-01	0.016481422102756493
2017-03-02	-0.007918589298508527
2017-03-03	0.007563714036310065
2017-03-06	-0.004866332703786225
2017-03-07	-0.002805132951530953
2017-03-08	-0.004029460727730472
2017-03-09	0.007251855770086246
2017-03-10	0.007957597448966292
2017-03-13	0.0
2017-03-14	-0.006015031771336776
2017-03-15	0.013237533071108976
2017-03-16	0.00821199349892443
2017-03-17	0.0007774864224106004
2017-03-20	-0.005586214930833111
2017-03-21	-0.0014508764402061392
2017-03-22	-0.0019373364086644473
2017-03-23	0.0071297916270176565
2017-03-24	0.0025945031879870406
2017-03-27	0.0027357232659168673
2017-03-28	0.00722604120109227
2017-03-29	-0.0021961737413104254
2017-03-30	-0.004035238790461082
2017-03-31	0.006629845587656336
2017-04-03	-0.003293090114860342
2017-04-04	-0.0014683923830689505
2017-04-05	-0.00808827994603889
2017-04-06	0.0003706534118423921
2017-04-07	-0.0046683753891108015
2017-04-10	-0.0023824107582868237
2017-04-11	0.0004850928601247695
2017-04-12	-0.0016036723984107493
2017-04-13	-0.005603272916148594
2017-04-17	0.005672391602306703
2017-04-18	-0.0011579745782793749
2017-04-19	0.0007479602817825892
2017-04-20	0.0033258856929394565
2017-04-21	-0.001825084436173463
2017-04-24	0.04757468515580254
2017-04-25	0.00801419298332151
2017-04-26	-0.005300340020286676
2017-04-27	-0.004085249473412489
2017-04-28	0.0016051391667155634
2017-05-01	0.007478667820223217
2017-05-02	0.002827851577132501
2017-05-03	-0.003454405259199378
2017-05-04	0.014608096921809643
2017-05-05	0.015304203993284027
2017-05-08	-0.013871763093734613
2017-05-09	-0.0003481973927897952
2017-05-10	-0.00045275448788317796
2017-05-11	-0.0032059434675886234
2017-05-12	0.007900710916622256
2017-05-15	0.007595985828553475
2017-05-16	0.009569703450285516
2017-05-17	-0.014525323942962132
2017-05-18	0.002110543067062931
2017-05-19	0.009909217368008871
2017-05-22	0.0017093756260015969
2017-05-23	-0.0010238491494201085
2017-05-24	-0.0037581349036974743
2017-05-25	0.003395093666124227
2017-05-26	-0.00505829704455818
2017-05-30	-0.0005496461010311426
2017-05-31	0.007733300800129239
2017-06-01	0.002728510386723393
2017-06-02	0.018367378317481142
2017-06-05	-0.008350033251189104
2017-06-06	-0.006399478970694705
2017-06-07	0.0011186761371160259
2017-06-08	-0.0034876456021966096
2017-06-09	0.005096826944439137
2017-06-12	-0.006423277030009222
2017-06-13	0.005444023502377604
2017-06-14	0.004500891064249002
2017-06-15	-0.01694573492680229
2017-06-16	0.01028098813992595
2017-06-19	0.007123507295867526
2017-06-20	-0.006231100369257336
2017-06-21	-0.018471448628903597
2017-06-22	0.00031080036197472793
2017-06-23	-0.0034174125412271827
2017-06-26	0.005715240851482228
2017-06-27	-0.001894276062160305
2017-06-28	0.00938582714892977
2017-06-29	-0.01818684126395942
2017-06-30	-0.0019149860425510257
2017-07-03	0.0014651950306332484
2017-07-05	-0.0005921969530260363
2017-07-06	-0.0038341097352362352
2017-07-07	0.006648024302478017
2017-07-10	0.00017376297139581887
2017-07-11	0.006463973116956456
2017-07-12	0.011532738119739205
2017-07-13	-0.001536100910624727
2017-07-14	0.0054700802534053405
2017-07-17	-0.004250255037352546
2017-07-18	-0.005668443471943729
2017-07-19	-0.00030903777636381857
2017-07-20	0.008038448897734751
2017-07-21	-0.01376769801335831
2017-07-24	-0.0020733024251469168
2017-07-25	0.0027354735220970205
2017-07-26	0.00707897117643741
2017-07-27	-0.012138255963652811
2017-07-28	0.007636279929931877
2017-07-31	-0.0008267367302446926
2017-08-01	0.013755780207894919
2017-08-02	-0.005271235607074876
2017-08-03	-0.0003418881669003948
2017-08-04	0.0037619908075450237
2017-08-07	-0.003236838823453825
2017-08-08	0.0
2017-08-09	-0.009673527493236578
2017-08-10	-0.012839974424727507
2017-08-11	0.004895083488850149
2017-08-14	0.013674309400753426
2017-08-15	-0.004565249813376693
2017-08-16	0.005517236117658975
2017-08-17	-0.005658402230525161
2017-08-18	-0.0008622702243580305
2017-08-21	-0.0024507817463110815
2017-08-22	0.008374012195177416
2017-08-23	0.004083575654506122
2017-08-24	-0.0027341053684302175
2017-08-25	0.005688840454929345
2017-08-28	0.005247710934711325
2017-08-29	-0.011322021484375
2017-08-30	-0.002982921624360535
2017-08-31	0.0020633262824163445
2017-09-01	0.004598674576304029
2017-09-05	-0.00044411191072823986
2017-09-06	0.015208465186031361
2017-09-07	0.012960788751747776
2017-09-08	-0.0015287313640502953
2017-09-11	0.011183548401002108
2017-09-12	0.0019750288001489924
2017-09-13	-0.004434961449188979
2017-09-14	-0.002573866409945058
2017-09-15	0.004036181256618976
2017-09-18	0.0033279458649613236
2017-09-19	0.0055829251899675025
2017-09-20	-0.006858294776798779
2017-09-21	0.005919115622458726
2017-09-22	0.0006538233953548023
2017-09-25	-0.010780787883893583
2017-09-26	-0.0042272211524706504
2017-09-27	0.0039135058651349475
2017-09-28	0.005285756359183491
2017-09-29	0.009562943256410161
2017-10-02	0.0015949931742487156
2017-10-03	0.002892388470316254
2017-10-04	0.0016526976353239409
2017-10-05	-0.002523426573124543
2017-10-06	0.0007784174648595155
2017-10-09	-0.00019446845423110037
2017-10-10	0.00265798457242461
2017-10-11	0.007371028278731817
2017-10-12	3.2074797448267134e-05
2017-10-13	0.0002888475466444884
2017-10-16	-0.003144035050177574
2017-10-17	0.0009332945463225162
2017-10-18	0.00543392902229578
2017-10-19	-0.0018548309474295532
2017-10-20	-0.003908744746190074
2017-10-23	-0.0036989311853892204
2017-10-24	-0.0008070901766712435
2017-10-25	0.0030371521923662215
2017-10-26	0.003414475930414662
2017-10-27	-0.0022471812417801384
2017-10-30	0.005051466808175364
2017-10-31	0.008259478552600896
2017-11-01	0.008096496395356478
2017-11-02	0.005102382870171063
2017-11-03	-0.0041363739899858976
2017-11-06	0.0
2017-11-07	-0.009754605619668344
2017-11-08	0.003813182137009985
2017-11-09	-0.012345659631675776
2017-11-10	-0.0045512882978173685
2017-11-13	-0.0029300505172864533
2017-11-14	0.01043051866309308
2017-11-15	-0.010802212890092089
2017-11-16	0.010920174944641259
2017-11-17	-0.00447431425058209
2017-11-20	-0.0018298300879934226
2017-11-21	0.010516825651234685
2017-11-22	-0.010502861963868515
2017-11-24	0.018977167889746127
2017-11-27	-0.008775248587490347
2017-11-28	0.005986870988597293
2017-11-29	-0.005064889099058889
2017-11-30	-0.00031817463521277567
2017-12-01	-0.006110739495817752
2017-12-04	0.008389878470353773
2017-12-05	-0.009526809756781884
2017-12-06	-0.002693159100697673
2017-12-07	0.0068475322351782
2017-12-08	0.004502022390015847
2017-12-11	-0.0015892955662933916
2017-12-12	-0.00280163464818739
2017-12-13	0.0015962976903374226
2017-12-14	-0.0061200891563290005
2017-12-15	0.0008980076220537203
2017-12-18	0.018008211720097478
2017-12-19	0.0012590181807483614
2017-12-20	-0.0012574350471629137
2017-12-21	-0.00893926322431371
2017-12-22	-0.0021914579180228877
2017-12-26	-0.0017824666959211921
2017-12-27	0.0023277304321149828
2017-12-28	0.0036902469219777245
2017-12-29	0.0012678578920648498
2018-01-02	-0.004051923354895237
2018-01-03	0.007405753048972175
2018-01-04	0.01719520394037355
2018-01-05	0.011042151810981338
2018-01-08	-0.0029451671803096824
2018-01-09	-0.002769235464242792
2018-01-10	-0.006788066082656585
2018-01-11	0.003417229420453971
2018-01-12	0.012383948462139527
2018-01-16	0.0033639329597885403
2018-01-17	0.0006095841794129253
2018-01-18	0.005939679681643106
2018-01-19	0.012869014910643184
2018-01-22	0.002989490936929462
2018-01-23	0.007302501861583766
2018-01-24	0.00014798249404335273
2018-01-25	-0.006212990805112173
2018-01-26	0.0016076467474510636
2018-01-29	-0.0075496852285252825
2018-01-30	-0.006888276323468001
2018-01-31	0.0003015175385769897
2018-02-01	-0.00572802644550241
2018-02-02	-0.024863544760638123
2018-02-05	-0.038246254604236474
2018-02-06	0.024571620477955802
2018-02-07	-0.011991197908212126
2018-02-08	-0.035451891470338004
2018-02-09	0.007748319417478111
2018-02-12	0.011697473223699406
2018-02-13	-3.252218260640927e-05
2018-02-14	0.01757122264400568
2018-02-15	0.003191841101603643
2018-02-16	0.003817974251339784
2018-02-20	-0.01426303855697797
2018-02-21	-0.005787791092215944
2018-02-22	0.004527793961933924
2018-02-23	0.010624595279465465
2018-02-26	-0.0012742596035826281
2018-02-27	-0.014194567445276585
2018-02-28	-0.011163281444358741
2018-03-01	-0.01963352067916091
2018-03-02	0.0036715825671895796
2018-03-05	0.011539744781907668
2018-03-06	0.004701306831991436
2018-03-07	0.006053709964792153
2018-03-08	0.002276782986289305
2018-03-09	0.0006489875083057761
2018-03-12	0.00570781904713602
2018-03-13	-0.012608392001941082
2018-03-14	0.0016328946992216764
2018-03-15	0.006357994598602534
2018-03-16	-0.001781963569857159
2018-03-19	-0.00908791899222161
2018-03-20	0.0028168533646273364
2018-03-21	-0.0008491987808567636
2018-03-22	-0.01892776953691766
2018-03-23	-0.015361049196197851
2018-03-26	0.020304581961451573
2018-03-27	-0.010613588685671083
2018-03-28	0.0013409626426299504
2018-03-29	0.012386974271483275
2018-04-02	-0.015211610051399371
2018-04-03	0.0067158781389990985
2018-04-04	0.0010006900301395838
2018-04-05	0.01666111283527405
2018-04-06	-0.006555252751198837
2018-04-09	0.012207220249183637
2018-04-10	0.007822678250680282
2018-04-11	-0.007115113609691193
2018-04-12	0.009381110737925136
2018-04-13	0.002000721749368717
2018-04-16	0.0020934149969329408
2018-04-17	0.012052065009111379
2018-04-18	0.0015878420061163911
2018-04-19	-0.0069753079999061995
2018-04-20	-0.006385659563843182
2018-04-23	-0.0008033909127466154
2018-04-24	-0.011738214477509445
2018-04-25	-0.00520663357616391
2018-04-26	0.002289816667419453
2018-04-27	0.00979116026061444
2018-04-30	-0.008403368597089678
2018-05-01	-0.007822678250680282
2018-05-02	0.02115634324680493
2018-05-03	-0.004343077804411233
2018-05-04	0.0022941308029877927
2018-05-07	0.004513197536507363
2018-05-08	-0.00802310658614347
2018-05-09	0.005985100836481294
2018-05-10	0.008200709880888057
2018-05-11	-0.0003189865633221878
2018-05-14	-0.0007339092868889896
2018-05-15	-0.007887081938034779
2018-05-16	-0.0016092448520003133
2018-05-17	0.004835577573072847
2018-05-18	-0.00481230728787696
2018-05-21	0.007414556377892012
2018-05-22	0.0025599975585937074
2018-05-23	-0.020395784887357715
2018-05-24	-0.007428908832638137
2018-05-25	-0.0010832498246081679
2018-05-29	-0.030561955170851585
2018-05-30	0.024406756384897976
2018-05-31	-0.01687624885737382
2018-06-01	0.009761054340755804
2018-06-04	0.006000010172525938
2018-06-05	0.0018886416821273233
2018-06-06	0.011608289110078163
2018-06-07	-0.00974233146125747
2018-06-08	0.004291817657224417
2018-06-11	0.006245908401745215
2018-06-12	-0.0006533961896396656
2018-06-13	-0.0009807350930323144
2018-06-14	0.005890062445072397
2018-06-15	-0.006180889247635379
2018-06-18	-0.01489361489587504
2018-06-19	-0.010533292661819016
2018-06-20	-0.013365596037162586
2018-06-21	-0.012593565093727221
2018-06-22	0.012064818293978208
2018-06-25	-0.01941415813946723
2018-06-26	-0.0065995320602836305
2018-06-27	-0.005244741836697986
2018-06-28	-0.006326899836511024
2018-06-29	0.015564153504926681
2018-07-02	-0.005050454720963771
2018-07-03	0.0031156587744345376
2018-07-05	0.01689122534405363
2018-07-06	0.002814154152623427
2018-07-09	0.007186892428341363
2018-07-10	0.005164812289157883
2018-07-11	-0.02102635496413552
2018-07-12	0.006906103910986783
2018-07-13	-0.0024005382438446743
2018-07-16	0.01082848169148587
2018-07-17	0.005611256736125281
2018-07-18	0.0013527533290556004
2018-07-19	-0.005741306071926022
2018-07-20	-0.0023777069821462327
2018-07-23	0.0
2018-07-24	0.005788221703652674
2018-07-25	-0.006431974548712582
2018-07-26	0.01533215842392055
2018-07-27	0.0003355781589886586
2018-07-30	0.003354591857137601
2018-07-31	0.0003343439964176298
2018-08-01	-0.01042781663979353
2018-08-02	-0.01546879850627958
2018-08-03	0.0017153051479765757
2018-08-06	-0.004006869067704977
2018-08-07	0.006773733875450549
2018-08-08	-0.0013661514545519893
2018-08-09	0.0
2018-08-10	-0.03556768181667258
2018-08-13	-0.002659601450721194
2018-08-14	0.0026666937934027857
2018-08-15	-0.019858204189376227
2018-08-16	0.007597720566518529
2018-08-17	0.00754036199627417
2018-08-20	0.005702061669897951
2018-08-21	0.014103498470843023
2018-08-22	0.0028653551028874347
2018-08-23	-0.0034843337564944843
2018-08-24	0.006363608535504994
2018-08-27	0.0141755594428834
2018-08-28	0.005138732983415384
2018-08-29	0.0013632927052040777
2018-08-30	-0.007147688579688061
2018-08-31	-0.02468286977961398
2018-09-04	-0.006221442566952007
2018-09-05	-0.008347188308593378
2018-09-06	-0.009879816698065813
2018-09-07	-0.006844399585412719
2018-09-10	0.007979732431568687
2018-09-11	0.00683694208166874
2018-09-12	-0.001965700717498464
2018-09-13	0.012712675354841885
2018-09-14	-0.0035360812956750642
2018-09-17	-0.0017743486113446227
2018-09-18	0.01208674592006731
2018-09-19	0.0010888703223312923
2018-09-20	0.02164838397690594
2018-09-21	0.0
2018-09-24	-0.0019919144348652384
2018-09-25	-0.0009979122211364322
2018-09-26	0.001722270566774542
2018-09-27	-0.006223986787014413
2018-09-28	-0.014186846118476204
2018-10-01	0.0005264791073689157
2018-10-02	-0.004735952482293415
2018-10-03	0.005992247841559717
2018-10-04	-0.012438732943131026
2018-10-05	-0.015078915916748481
2018-10-08	-0.01585016319992083
2018-10-09	0.006222550446300046
2018-10-10	-0.02033466787606497
2018-10-11	-0.009877050341369431
2018-10-12	-0.006562952874577754
2018-10-15	0.013590057133336275
2018-10-16	0.014897564724294377
2018-10-17	-0.005137592280676562
2018-10-18	-0.028033943628597346
2018-10-19	0.008538913784151392
2018-10-22	-0.007714013840855238
2018-10-23	-0.009632218784526358
2018-10-24	-0.03346602343433047
2018-10-25	0.020085569995884844
2018-10-26	-0.005204115706999746
2018-10-29	-0.004060124633301743
2018-10-30	-3.917724495894337e-05
2018-10-31	0.011368051963025039
2018-11-01	0.0100775285492396
2018-11-02	0.019493527932667565
2018-11-05	-0.014604052871633577
2018-11-06	0.003055764811822348
2018-11-07	0.010091370424170076
2018-11-08	-0.009613540600711623
2018-11-09	-0.006471262783846021
2018-11-12	-0.02693490467678228
2018-11-13	0.0101587326859498
2018-11-14	0.007990641910712082
2018-11-15	-0.0007734128883070124
2018-11-16	0.0015867014693817794
2018-11-19	-0.0027433658449514953
2018-11-20	-0.01782251429643189
2018-11-21	0.00690332285708628
2018-11-23	-0.008814902442011552
2018-11-26	0.01541507149240462
2018-11-27	-0.007395894515678569
2018-11-28	0.013372533461626812
2018-11-29	-0.002360547872082064
2018-11-30	-0.009309533154608807
2018-12-03	0.016679666110941627
2018-12-04	-0.029500071325408217
2018-12-06	-0.01150797248997848
2018-12-07	-0.018707330635327035
2018-12-10	-0.0038455188075622315
2018-12-11	0.0019712663220279314
2018-12-12	0.01893597342439124
2018-12-13	-0.010860838742346779
2018-12-14	-0.0015047033712212166
2018-12-17	-0.023337269008874006
2018-12-18	0.020308570517734603
2018-12-19	-0.009441247470133862
2018-12-20	-0.005817822550155616
2018-12-21	-0.003942698321715232
2018-12-24	-0.01929163932800293
2018-12-26	0.004376034781377047
2018-12-27	0.004653156226380073
2018-12-28	-0.009263128983347024
2018-12-31	0.003824910750596322
2019-01-02	-0.0029636579037108923
2019-01-03	-0.01273882151929917
2019-01-04	0.04034407420824926
2019-01-07	-0.0019844690027456258
2019-01-08	0.00869929565579608
2019-01-09	0.01560571477673478
2019-01-10	-0.006469868595785688
2019-01-11	-0.0073260198376681185
2019-01-14	0.0028700162597761203
2019-01-15	-0.00040876213848883847
2019-01-16	0.00040892929330116345
2019-01-17	-0.004497085327887729
2019-01-18	0.02583160986566857
2019-01-22	-0.012570526237020041
2019-01-23	0.0
2019-01-24	0.0010135664951276269
2019-01-25	0.019036018760152373
2019-01-28	0.00039746537927198844
2019-01-29	-0.00039730746331045896
2019-01-30	-0.006438817850175527
2019-01-31	0.004080374169350032
2019-02-01	-0.0023107794300279982
2019-02-04	0.0007187784194337965
2019-02-05	0.013567444526483952
2019-02-06	0.0
2019-02-07	-0.03267716284139377
2019-02-08	-0.009401668530284235
2019-02-11	-0.0007806814796053052
2019-02-12	0.018297685049680545
2019-02-13	-0.003432226390774118
2019-02-14	-0.0032819843350108124
2019-02-15	0.01630143721455002
2019-02-19	0.007600021362304643
2019-02-20	0.009726039169928535
2019-02-21	-0.005700749103973557
2019-02-22	0.0
2019-02-25	0.0
2019-02-26	0.019849698821441164
2019-02-27	-0.0069013452901532935
2019-02-28	-0.02397127792431264
2019-03-01	0.03491996765136718
2019-03-04	-0.00668644663363982
2019-03-05	0.0
2019-03-06	-0.0015564558108895898
2019-03-07	-0.016718587283499953
2019-03-08	-0.0015853875827382957
2019-03-11	0.0059148175116880974
2019-03-12	0.004340986964845417
2019-03-13	0.007858500966414939
2019-03-14	0.0003898724768249817
2019-03-15	0.00962586679927413
2019-03-18	0.0008878186408636246
2019-03-19	0.008484354445247755
2019-03-20	-0.011663491763864275
2019-03-21	-0.006771106276258321
2019-03-22	-0.021425759073856243
2019-03-25	-0.003224573209877013
2019-03-26	0.0
2019-03-27	0.005631245264288376
2019-03-28	0.0019856726153522075
2019-03-29	0.006341650825013367
2019-04-01	0.010555398300078345
2019-04-02	0.00709327304670726
2019-04-03	0.017221350317200068
2019-04-04	0.00209245978676309
2019-04-05	-0.0007593188173048437
2019-04-08	0.0007598958205006223
2019-04-09	-0.006454065121834995
2019-04-10	0.00500575156350469
2019-04-11	7.600096277560198e-05
2019-04-12	0.011291521525890635
2019-04-15	0.001842097205798865
2019-04-16	0.005666218929896383
2019-04-17	0.0018657143967391043
2019-04-18	0.004469233898692249
2019-04-22	0.0007415816934697173
2019-04-23	-0.0042608289030526825
2019-04-24	0.0005953766578852271
2019-04-25	-0.0022684475206773413
2019-04-26	0.005180765537089238
2019-04-29	0.0
2019-04-30	0.0058214835111480845
2019-05-01	-0.004644969889963546
2019-05-02	-0.0018518235948350448
2019-05-03	0.009647432807895928
2019-05-06	-0.010657810287990732
2019-05-07	-0.01823919838076593
2019-05-08	0.009307895668199118
2019-05-09	-0.0055857609037779365
2019-05-10	0.004297682441182005
2019-05-13	-0.021734180891115562
2019-05-14	0.009516103888689953
2019-05-15	0.0074498895964931755
2019-05-16	0.011884570610509071
2019-05-17	-0.0092468006750962
2019-05-20	-0.013623416084880602
2019-05-21	0.0066768847967206835
2019-05-22	0.0
2019-05-23	-0.01254498281289862
2019-05-24	0.0
2019-05-28	0.0017655456156020488
2019-05-29	-0.024942565787266946
2019-05-30	0.01383163182901681
2019-05-31	0.05383511906236005
2019-06-03	-0.05020227084616624
2019-06-04	0.010261350699696026
2019-06-05	0.0009965147206520975
2019-06-06	0.008041085850775342
2019-06-07	0.008128872603805348
2019-06-10	0.007912550008609687
2019-06-11	0.005121462813047595
2019-06-12	-0.0072153212730139415
2019-06-13	-0.007979666762416349
2019-06-14	-0.004418378946673851
2019-06-17	0.002503508043992797
2019-06-18	0.014642972406701649
2019-06-19	0.004624125499215648
2019-06-20	0.0081662698215752
2019-06-21	-0.0003681969417532738
2019-06-24	0.00014731897381969894
2019-06-25	-0.004198218159555345
2019-06-26	0.001664133410567814
2019-06-27	-0.023444649916832927
2019-06-28	0.0018903302691244406
2019-07-01	0.013207561564895443
2019-07-02	0.0014897209538333733
2019-07-03	0.008925242713488268
2019-07-05	-0.014375208319667987
2019-07-08	-0.0007479602817825892
2019-07-09	-0.005988018395350125
2019-07-10	-0.0015436885178974347
2019-07-11	-0.003733135744120264
2019-07-12	-0.0028387873854228696
2019-07-15	0.008540534725148818
2019-07-16	0.0004892919996450917
2019-07-17	0.0
2019-07-18	0.0
2019-07-19	-0.011774431899553628
2019-07-22	-0.0022840263511789693
2019-07-23	0.011789394355295801
2019-07-24	0.00022627244626627352
2019-07-25	-0.011498597909977315
2019-07-26	-0.0034325001885888717
2019-07-29	0.010715679128911804
2019-07-30	-0.02199921914980929
2019-07-31	-0.021642340199832577
2019-08-01	0.010209711732979132
2019-08-02	0.0
2019-08-05	-0.034785353044794354
2019-08-06	0.0012175603647990307
2019-08-07	0.009160917367425858
2019-08-08	0.006989065995212984
2019-08-09	0.0031910620135575662
2019-08-12	-0.010258426404743282
2019-08-13	0.004740480056935503
2019-08-14	-0.03438626959141022
2019-08-15	-0.0028985381337441884
2019-08-16	0.012043227427166459
2019-08-19	0.01682395704935913
2019-08-20	-0.00944314581048733
2019-08-21	0.014951543506330989
2019-08-22	-0.0040541015421785564
2019-08-23	-0.006287285813406651
2019-08-26	-0.004623633995766152
2019-08-27	0.009575446667137166
2019-08-28	-0.0037131597738740973
2019-08-29	0.007008318389151613
2019-08-30	0.014562696701563516
2019-09-03	-0.014234705079045673
2019-09-04	0.011624615131555771
2019-09-05	0.017813119722417392
2019-09-06	0.0
2019-09-09	0.0002734576763518959
2019-09-10	0.0
2019-09-11	0.006834647433619612
2019-09-12	0.01303330202509656
2019-09-13	0.006279731571857239
2019-09-16	-0.00920854541518179
2019-09-17	-0.001920241065190953
2019-09-18	0.00046171809479167436
2019-09-19	0.0015384967510516656
2019-09-20	0.0
2019-09-23	-0.013978506437667626
2019-09-24	0.002882045614275741
2019-09-25	-0.012427172614532744
2019-09-26	0.008257926934822635
2019-09-27	-0.0005849996101986443
2019-09-30	-0.0005853420350609984
2019-10-01	0.004958957373701001
2019-10-02	-0.03290982391652342
2019-10-03	0.0124548566047753
2019-10-04	-0.01051592416563718
2019-10-07	0.007018293489366556
2019-10-08	-0.005973776273707765
2019-10-09	0.009935941816083371
2019-10-10	0.007894295599085055
2019-10-11	0.02727597924565628
2019-10-14	0.005478913676544517
2019-10-15	0.009030961073168031
2019-10-16	0.004531753825825824
2019-10-17	0.011127801606489518
2019-10-18	-0.0017102739118872723
2019-10-21	0.009683434830089377
2019-10-22	-0.010697193249660453
2019-10-23	0.01185685298566197
2019-10-24	-0.00029483850581046855
2019-10-25	0.0
2019-10-28	0.008072310239369163
2019-10-29	-0.003254257884210743
2019-10-30	0.003301546288783097
2019-10-31	0.0
2019-11-01	0.010603254264493156
2019-11-04	0.002749645994981842
2019-11-05	0.0011545529106198327
2019-11-06	0.0021623675594548697
2019-11-07	0.005465999597651594
2019-11-08	-0.0053647933992091446
2019-11-11	-0.0089895722690021
2019-11-12	0.006894068858470437
2019-11-13	-0.0007207372167088444
2019-11-14	-0.0027046107763755156
2019-11-15	0.00748504140060291
2019-11-18	-0.0020457687008068604
2019-11-19	0.001978072453591828
2019-11-20	-0.00646088661997013
2019-11-21	0.00018060551703347194
2019-11-22	-0.0010835752167442925
2019-11-25	0.001265588376174298
2019-11-26	0.002166827908457014
2019-11-27	0.0010811058250632666
2019-11-29	-0.002879766800888306
2019-12-02	-0.013537905764310354
2019-12-03	0.004940469085596533
2019-12-04	0.008375872441853671
2019-12-05	-0.0028891268386815883
2019-12-06	0.0028974980781442117
2019-12-09	-0.005128212193047932
2019-12-10	-0.0004719213054605875
2019-12-11	0.008171432094301379
2019-12-12	0.009726241193714458
2019-12-13	0.006778402499273195
2019-12-16	0.005669732505499958
2019-12-17	-0.006518656497993547
2019-12-18	-0.007270790066498445
2019-12-19	-0.005537716609967491
2019-12-20	0.004311149386756696
2019-12-23	0.001252006707481046
2019-12-24	0.0
2019-12-26	0.0023222770485582522
2019-12-27	0.0030297302993425035
2019-12-30	-0.015636056725390035
2019-12-31	0.01454873165450854
2020-01-02	0.014126582574016
2020-01-03	-0.017894744873046875
2020-01-06	0.000535883878924226
2020-01-07	-0.0017853682756253653
2020-01-08	0.01091040264740406
2020-01-09	0.006723302636899353
2020-01-10	0.0017574423803066175
2020-01-13	-0.0017543591951069137
2020-01-14	-0.0031634499182555675
2020-01-15	0.0007051674888800541
2020-01-16	0.0028188839348750605
2020-01-17	-0.0049191635331014005
2020-01-21	0.0056497121870149325
2020-01-22	-0.0005266639708401133
2020-01-23	-0.006674882594031706
2020-01-24	0.0012378372372876534
2020-01-27	-0.021335220874142413
2020-01-28	0.006280220540890946
2020-01-29	-0.0008966864879054182
2020-01-30	-0.005385016011320687
2020-01-31	-0.02183719703672171
2020-02-03	0.010516599387466519
2020-02-04	0.01588458872764975
2020-02-05	0.012580890916934262
2020-02-06	0.0025559284112544045
2020-02-07	-0.010339204408310598
2020-02-10	0.0008944407101205698
2020-02-11	0.010008892778508915
2020-02-12	0.0070784204169138665
2020-02-13	-0.0063257882853066105
2020-02-14	-0.00035367741880643067
2020-02-18	-0.007252783588636236
2020-02-19	0.006414836372119481
2020-02-20	-0.01062320253158655
2020-02-21	-0.0007158359835853778
2020-02-24	-0.03957734739315244
2020-02-25	-0.024799586137719043
2020-02-26	0.0007648358721006332
2020-02-27	-0.0366832628590974
2020-02-28	-0.010313301506359118
2020-03-02	0.016432859113219678
2020-03-03	-0.010607294976573312
2020-03-04	0.025068738592662454
2020-03-05	-0.022200589453800434
2020-03-06	-0.013280831506617297
2020-03-09	-0.08563368745785516
2020-03-10	0.026663707712488938
2020-03-11	-0.048293625083300706
2020-03-12	-0.11321606767001058
2020-03-13	0.03255337714220197
2020-03-16	-0.09901469936332141
2020-03-17	0.02755602432229165
2020-03-18	-0.0749707539547747
2020-03-19	0.0129422133165078
2020-03-20	0.0014196262160024453
2020-03-23	0.020980942845625572
2020-03-24	0.09652879482150323
2020-03-25	0.03327759646442496
2020-03-26	0.030294119709503242
2020-03-27	-0.024645525630281218
2020-03-30	0.0060975609756097615
2020-03-31	-0.0014545787464488313
2020-04-01	-0.0482641182006075
2020-04-02	0.00846897442132688
2020-04-03	-0.00860019601294959
2020-04-06	0.06868401607401342
2020-04-07	0.01656878713286969
2020-04-08	0.011037984635855036
2020-04-09	0.03196282172054099
2020-04-13	-0.021608947751972418
2020-04-14	0.032209118360492894
2020-04-15	-0.04337366627802086
2020-04-16	-0.007968291438617325
2020-04-17	0.04105409213598765
2020-04-20	-0.012543422667955828
2020-04-21	-0.02609097769635338
2020-04-22	0.01008727413435051
2020-04-23	-0.009893601677481656
2020-04-24	0.005066607323749972
2020-04-27	0.030059793385994293
2020-04-28	0.005165778910055874
2020-04-29	0.03462273843062569
2020-04-30	-0.009586109515882568
2020-05-01	-0.02771663763547172
2020-05-04	-0.0004524990366163717
2020-05-05	-0.0009054077693760876
2020-05-06	-0.014227420950034153
2020-05-07	0.013283671198913494
2020-05-08	0.02372423294865378
2020-05-11	-0.009482483799200359
2020-05-12	-0.011541532571770485
2020-05-13	-0.025706045266036148
2020-05-14	-0.006317339294713342
2020-05-15	0.0008414196372916738
2020-05-18	0.07940218472934446
2020-05-19	-0.009087018012765569
2020-05-20	0.01855900224842255
2020-05-21	-0.014405163194624482
2020-05-22	0.0025664454494067623
2020-05-26	0.0360117976230967
2020-05-27	0.024164488568489295
2020-05-28	0.008014685999561788
2020-05-29	-0.0009735208066279366
2020-06-01	0.02712466990059581
2020-06-02	0.012690221171758331
2020-06-03	0.043098068593518724
2020-06-04	0.0
2020-06-05	0.02245510467396783
2020-06-08	0.011713019707128458
2020-06-09	-0.017366119856576212
2020-06-10	-0.0031295686653236565
2020-06-11	-0.06481998222203189
2020-06-12	0.009873617812527158
2020-06-15	0.013727017455708701
2020-06-16	0.01886502563011261
2020-06-17	-0.007004902196563689
2020-06-18	-0.004690222949232936
2020-06-19	-0.009079745545567675
2020-06-22	0.014498356981187399
2020-06-23	0.016958829981165602
2020-06-24	-0.026794085324994388
2020-06-25	0.017712784134913173
2020-06-26	-0.027430963794871754
2020-06-29	0.004668385123111074
2020-06-30	0.010028997606896128
2020-07-01	-0.00532893501442866
2020-07-02	0.020813294348778433
2020-07-06	0.01868978366914953
2020-07-07	-0.01567829291587519
2020-07-08	0.0025605601343798856
2020-07-09	-0.0005633573576877549
2020-07-10	0.009582831827046334
2020-07-13	-0.0030522548212115197
2020-07-14	0.01706301791923459
2020-07-15	0.015418505133001581
2020-07-16	-0.0025307192773093012
2020-07-17	0.008336337113602932
2020-07-20	0.010783650168946446
2020-07-21	0.007290181991034483
2020-07-22	0.007484550308145321
2020-07-23	-0.011809226107863946
2020-07-24	-0.00726950064396692
2020-07-27	0.009823168790367598
2020-07-28	-0.004421648318922222
2020-07-29	0.008704882853081797
2020-07-30	-0.02359986230004074
2020-07-31	-0.022005725761654493
2020-08-03	0.02545181155198928
2020-08-04	0.002697869244523865
2020-08-05	0.006995504747057124
2020-08-06	0.001995003792953476
2020-08-07	-0.004124270215007053
2020-08-10	0.0007497289637867777
2020-08-11	0.006742505622326922
2020-08-12	0.023919247371836372
2020-08-13	-0.005883373372581824
2020-08-14	-0.00922545843264877
2020-08-17	0.01106818496805495
2020-08-18	0.0046915805619993645
2020-08-19	-0.0019024664637176114
2020-08-20	-0.00710448542568809
2020-08-21	-0.012739957276721503
2020-08-24	0.021035860582086174
2020-08-25	0.003289516047915386
2020-08-26	0.014667790559628191
2020-08-27	-0.014115612706237735
2020-08-28	0.004933574125811191
2020-08-31	0.004875041097901489
2020-09-01	-0.010932684995546005
2020-09-02	0.023834148826423984
2020-09-03	-0.02834008670328292
2020-09-04	0.0015625026904875217
2020-09-08	-0.009013702030544413
2020-09-09	0.02886131850140905
2020-09-10	-0.011730680555744666
2020-09-11	0.00739721825691908
2020-09-14	0.0016734899326453778
2020-09-15	-0.013945255212659657
2020-09-16	0.014177034797043131
2020-09-17	-0.0006819112790895643
2020-09-18	-0.007096560453614509
2020-09-21	-0.044739195858073955
2020-09-22	0.0048201720099187995
2020-09-23	-0.017541339258627664
2020-09-24	0.0020405099606910504
2020-09-25	-0.0018181540749290237
2020-09-28	0.028415255286621255
2020-09-29	0.0025150922425705158
2020-09-30	-0.006077554905941751
2020-10-01	-0.0024529931690351336
2020-10-02	-0.0028510308349489755
2020-10-05	0.014617598406716281
2020-10-06	-0.0040156511564221065
2020-10-07	0.01184795743027145
2020-10-08	0.007165323989258621
2020-10-09	0.0038174111040851777
2020-10-12	0.0086430425788806
2020-10-13	-0.02107968422281703
2020-10-14	0.0031512659058419157
2020-10-15	-0.021640451662825244
2020-10-16	0.017838030244438086
2020-10-19	-0.019453217378840426
2020-10-20	0.007864139780323853
2020-10-21	-0.008689446161963987
2020-10-22	-0.0025402880471684375
2020-10-23	0.012948816843833644
2020-10-26	-0.0467421992040602
2020-10-27	-0.008915296078676804
2020-10-28	-0.04835085834976882
2020-10-29	0.007877147213362745
2020-10-30	-0.0046893645376263615
2020-11-02	0.011385980500411286
2020-11-03	0.03633536134741733
2020-11-04	0.012810944420533543
2020-11-05	0.028182525602441277
2020-11-06	0.00035972047324750456
2020-11-09	0.03739665355984578
2020-11-10	0.01213172883333935
2020-11-11	-0.002397315080268636
2020-11-12	-0.015104656346904055
2020-11-13	0.014743824601579192
2020-11-16	0.001373922542635242
2020-11-17	0.0007546173369112896
2020-11-18	0.002570720305081542
2020-11-19	-0.00341881646050346
2020-11-20	-0.00030870912409508566
2020-11-23	-0.0014069649345931357
2020-11-24	0.023367707775316493
2020-11-25	-0.004365381635922261
2020-11-27	0.009342341679929644
2020-11-30	-0.00801950649082972
2020-12-01	0.017953954046050047
2020-12-02	-0.0008272541064958672
2020-12-03	-0.001490315507493123
2020-12-04	0.001990032063068581
2020-12-07	-0.0003309606698512768
2020-12-08	-0.0016556669915895883
2020-12-09	-0.000829174754446993
2020-12-10	0.007468892330945387
2020-12-11	-0.016803961201701245
2020-12-14	0.010053593683863715
2020-12-15	0.015096215425350223
2020-12-16	0.015067836340942886
2020-12-17	0.014296762224080606
2020-12-18	-0.007142869253007222
2020-12-21	-0.01998401303351871
2020-12-22	-0.002283839990063097
2020-12-23	0.016677574563578546
2020-12-24	-0.006432961143707283
2020-12-28	0.02686953512806456
2020-12-29	-0.005201734292259119
2020-12-30	-0.013468583118329769
2020-12-31	-0.010697021674723195
2021-01-04	0.006623975056386788
2021-01-05	0.004967621647389064
2021-01-06	0.014893236537611543
2021-01-07	0.006040671364530903
2021-01-08	0.0021691369160348195
2021-01-11	-0.017848748370879908
2021-01-12	0.005429577744926695
2021-01-13	-0.003240129743333209
2021-01-14	0.0030913417448026337
2021-01-15	-0.023542529632077147
2021-01-19	0.012884750376812137
2021-01-20	0.0032123477085010954
2021-01-21	0.003682349433359322
2021-01-22	-0.0022332013513363114
2021-01-25	-0.011350904766310288
2021-01-26	0.009928822955545202
2021-01-27	-0.02683573071757339
2021-01-28	0.008917697488945331
2021-01-29	-0.019178060887097503
2021-02-01	0.016227685362830924
2021-02-02	0.010667546443721587
2021-02-03	0.006281170956204507
2021-02-04	-0.0017696365930114366
2021-02-05	0.01176469864967089
2021-02-08	-0.001114999939237027
2021-02-09	0.00015949826784389387
2021-02-10	-0.0023278046174379785
2021-02-11	0.004091164276379455
2021-02-12	0.0039789908119409745
2021-02-16	0.0006340694303910155
2021-02-17	-0.012991123395124093
2021-02-18	-0.0025682158807625033
2021-02-19	0.0074026245412111
2021-02-22	-0.001565488420809169
2021-02-23	0.0002880156909044196
2021-02-24	0.008253340315962143
2021-02-25	-0.01453138486595884
2021-02-26	-0.00901477089862468
2021-03-01	0.01689403959762248
2021-03-02	0.0015974806909890837
2021-03-03	0.0
2021-03-04	-0.011802259481058841
2021-03-05	-0.0058102100657031475
2021-03-08	0.0211039461681799
2021-03-09	0.010651798929919742
2021-03-10	0.006764201781344292
2021-03-11	0.010281205177307129
2021-03-12	-0.003062236005745511
2021-03-15	-0.011945399762643638
2021-03-16	0.006280384986755205
2021-03-17	0.011858358240865563
2021-03-18	-0.0007709394531941749
2021-03-19	-0.005864272606730836
2021-03-22	0.004346457424021732
2021-03-23	-0.011282778392138648
2021-03-24	-0.0023448729563312343
2021-03-25	-0.0008774640571475034
2021-03-26	0.010444770824421967
2021-03-29	0.0023281316959244958
2021-03-30	0.005326753797862294
2021-03-31	0.0027107828119823374
2021-04-01	0.011643675155608602
2021-04-05	0.021591864821469464
2021-04-06	-0.0074316291479163965
2021-04-07	-0.001886784261557306
2021-04-08	0.002640539265673869
2021-04-09	0.003531349013452978
2021-04-12	-0.0005666360464025022
2021-04-13	0.004654718334563768
2021-04-14	-0.0019601449653017244
2021-04-15	0.0053267722296306275
2021-04-16	0.015569876776349911
2021-04-19	-0.001136659544059726
2021-04-20	-0.016340862731565875
2021-04-21	0.0052803740327178605
2021-04-22	-0.0009443311762343809
2021-04-23	0.009865301385993952
2021-04-26	-0.0020473734318765535
2021-04-27	-0.001025786884752855
2021-04-28	0.003990071602378853
2021-04-29	-0.0057274521978456505
2021-04-30	-0.013666425620413869
2021-05-03	0.01215724417914843
2021-05-04	-0.02702541533180891
2021-05-05	0.01649022681463297
2021-05-06	0.009614467484405198
2021-05-07	0.01895753199721084
2021-05-10	-0.008535689841422056
2021-05-11	-0.009659647412683103
2021-05-12	-0.009753978734145519
2021-05-13	0.008362047054365496
2021-05-14	0.019743324954921038
2021-05-17	0.0006655903584451561
2021-05-18	-0.0028053365824693977
2021-05-19	-0.012877037414015802
2021-05-20	0.018274816687518847
2021-05-21	0.003231562948281752
2021-05-24	0.008628105640233308
2021-05-25	-0.0037069024592669697
2021-05-26	-0.006668514695046368
2021-05-27	-0.00046096868050848894
2021-05-28	0.004698572845198035
2021-06-01	0.005939081077584563
2021-06-02	0.000513326524521629
2021-06-03	-0.0034208197722664924
2021-06-04	0.006893822239623093
2021-06-07	0.0019033388245466298
2021-06-08	-0.00232503251476035
2021-06-09	-0.006110562574856093
2021-06-10	0.0014011948717904676
2021-06-11	0.0014848549910724262
2021-06-14	0.0003991884835319315
2021-06-15	0.0012826559731191622
2021-06-16	-0.010816995632264015
2021-06-17	-0.00589933326776082
2021-06-18	-0.02179760868326519
2021-06-21	0.015920987721217417
2021-06-22	0.001456429781349966
2021-06-23	-0.010849362624911096
2021-06-24	0.006557460903755752
2021-06-25	0.0029214808692874517
2021-06-28	-0.0036120169735684993
2021-06-29	-0.00923820032301026
2021-06-30	-0.009442304531936951
2021-07-01	0.0016383766957335233
2021-07-02	0.003271393616403273
2021-07-06	-0.013102159027019833
2021-07-07	0.009972088418756186
2021-07-08	-0.01582160581000236
2021-07-09	0.024325396354245354
2021-07-12	0.002271510620395212
2021-07-13	-0.00868280153625356
2021-07-14	0.005166264394309117
2021-07-15	-0.010427147158814543
2021-07-16	-0.009910173960947288
2021-07-19	-0.02318421484213895
2021-07-20	0.007252987178614667
2021-07-21	0.01345190786889039
2021-07-22	-0.000725708237376721
2021-07-23	0.010741287456317083
2021-07-26	0.0001497101720695504
2021-07-27	-0.005088242134741572
2021-07-28	0.002707585681206215
2021-07-29	0.009900930039852263
2021-07-30	-0.006654754142986774
2021-08-02	-0.003170205476365373
2021-08-03	0.00630060224830209
2021-08-04	0.0025342600522502146
2021-08-05	0.0035984649090960996
2021-08-06	-0.004948729476049407
2021-08-09	-0.001756994265173395
2021-08-10	-0.0002983930815595448
2021-08-11	0.006057980896915005
2021-08-12	0.005724704760682764
2021-08-13	0.0068130366211407445
2021-08-16	-0.0019627190654399884
2021-08-17	-0.011447003027349134
2021-08-18	0.0013658382989711892
2021-08-19	-0.011000479693123122
2021-08-20	0.00521660287108161
2021-08-23	0.007187841390325245
2021-08-24	0.0023689077664501568
2021-08-25	-0.0022155672562149675
2021-08-26	-0.004470791110010808
2021-08-27	0.007613624631707783
2021-08-30	0.00029510983524172474
2021-08-31	-0.000590158103389693
2021-09-01	0.0023620263825687715
2021-09-02	0.002945463089068845
2021-09-03	0.00029374850086871795
2021-09-07	-0.0002936622380266263
2021-09-08	-0.01706306843051697
2021-09-09	-0.0026591979801448007
2021-09-10	-0.001947346894136004
2021-09-13	0.009665388688640641
2021-09-14	-0.001100055365673147
2021-09-15	-0.0010416621726654363
2021-09-16	-0.0010427483641920476
2021-09-17	-0.015836512058220897
2021-09-20	-0.02709176011994696
2021-09-21	0.014327957982603223
2021-09-22	0.008874603931557257
2021-09-23	0.014031732327010715
2021-09-24	-0.010355618196822403
2021-09-27	0.0024263880314079334
2021-09-28	-0.02118005383051591
2021-09-29	-0.0027820759453787147
2021-09-30	-0.00861742049116887
2021-10-01	0.0007191769404879533
2021-10-04	-0.009217371466875957
2021-10-05	0.0056764525503856245
2021-10-06	-0.011257424245541658
2021-10-07	0.00976818252620415
2021-10-08	0.00034547816586383284
2021-10-11	-0.005871280138728063
2021-10-12	0.00012632126044653802
2021-10-13	0.013357764806872785
2021-10-14	0.01433465510393761
2021-10-15	0.006298059473416995
2021-10-18	-0.008395711094834946
2021-10-19	0.005541881395094039
2021-10-20	0.002449535561189764
2021-10-21	-0.004459373884005968
2021-10-22	0.007179153594632837
2021-10-25	0.0005483598416531343
2021-10-26	0.006971932255734892
2021-10-27	-0.00438398955159347
2021-10-28	0.006377135819207735
2021-10-29	-0.008147268036703958
2021-11-01	0.011743279569736531
2021-11-02	0.005382512981108478
2021-11-03	0.007417295461326301
2021-11-04	-0.003948562345041706
2021-11-05	0.001192277688136567
2021-11-08	0.0008038233737255318
2021-11-09	0.0005652201788484135
2021-11-10	-0.010940659209052517
2021-11-11	0.0013225536913339386
2021-11-12	0.0008105315508968314
2021-11-15	-0.005639033005901073
2021-11-16	0.0019908321151218544
2021-11-17	0.001896610986424907
2021-11-18	0.0035156425518492185
2021-11-19	-0.013983263853535322
2021-11-22	-0.008442146229983294
2021-11-23	-0.0033076597933109353
2021-11-24	-0.009648450970752842
2021-11-26	-0.03257831994954141
2021-11-29	0.0025657448018938656
2021-11-30	-0.0099168094584966
2021-12-01	0.0029079208519975364
2021-12-02	0.007764149957907973
2021-12-03	-0.00930278331681833
2021-12-06	0.014198145766612269
2021-12-07	0.02437158233835235
2021-12-08	0.0016462108713899415
2021-12-09	-0.011876378212991368
2021-12-10	0.00455037873135633
2021-12-13	-0.004342314811239811
2021-12-14	-0.008534116508051137
2021-12-15	0.010759498369729892
2021-12-16	0.00012522573625961542
2021-12-17	-0.015777601622559922
2021-12-20	-0.005152692537407577
2021-12-21	0.012277024736137232
2021-12-22	0.013517765384074787
2021-12-23	0.007198472789701427
2021-12-27	0.0078277953478183
2021-12-28	0.001565625520035585
2021-12-29	-0.0007663302951388395
2021-12-30	-0.014355783022817703
2021-12-31	0.006317661993745505
2022-01-03	0.004175108707372699
2022-01-04	0.005081524318664821
2022-01-05	-0.0007659786262390611
2022-01-06	-0.005519788463869024
2022-01-07	0.0010792428949353283
2022-01-10	-0.008162617847002007
2022-01-11	0.011987508169908567
2022-01-12	0.0071810338853206535
2022-01-13	-0.005789111166230376
2022-01-14	-0.0015323087779303135
2022-01-18	-0.01872321925773346
2022-01-19	0.00287772797246455
2022-01-20	-0.004428925118452276
2022-01-21	-0.015664160363562663
2022-01-24	-0.014640387991862402
2022-01-25	-0.005006420667971301
2022-01-26	0.005031611029422178
2022-01-27	-0.006136906728924085
2022-01-28	0.0016249345569292473
2022-01-31	0.01654770389136262
2022-02-01	0.009288233862737805
2022-02-02	0.0009170908050788462
2022-02-03	-0.01105846400278665
2022-02-04	-0.006070243812786313
2022-02-07	0.0003214474023027769
2022-02-08	0.00514138313294632
2022-02-09	0.015728857470754587
2022-02-10	-0.009190476607844111
2022-02-11	-0.020965687960909807
2022-02-14	-0.011680746720189594
2022-02-15	0.02889038393188348
2022-02-16	0.00542438019994429
2022-02-17	-0.02024755581234372
2022-02-18	-0.010106254122821956
2022-02-22	-0.028141319307330326
2022-02-23	-0.012794648429417244
2022-02-24	-0.01978171656694938
2022-02-25	0.03201113721714388
2022-02-28	-0.03290626558241461
2022-03-01	-0.03535071602375661
2022-03-02	0.006505251343674301
2022-03-03	-0.029443435676568708
2022-03-04	-0.045874944122025196
2022-03-07	-0.04226444799897766
2022-03-08	0.030688234686346183
2022-03-09	0.07588966897034943
2022-03-10	-0.02993792307765153
2022-03-11	-0.002634538789168861
2022-03-14	0.026037756002174284
2022-03-15	0.008017668543781165
2022-03-16	0.04750430872323852
2022-03-17	-0.0017415269472296213
2022-03-18	-0.0011863362494604068
2022-03-21	-0.013833574933496684
2022-03-22	0.01416931013164957
2022-03-23	-0.01973449679604722
2022-03-24	0.005059689850778204
2022-03-25	0.004715120952690999
2022-03-28	0.008644986964207568
2022-03-29	0.030260685890197037
2022-03-30	-0.011884562730136716
2022-03-31	-0.034020610245372174
2022-04-01	0.014585550996435215
2022-04-04	0.0016479304665768524
2022-04-05	-0.015297381009371835
2022-04-06	-0.015641615351437932
2022-04-07	-0.0014445978604494814
2022-04-08	0.0003616719356167586
2022-04-11	-0.005784520907258006
2022-04-12	-0.013127274946732936
2022-04-13	0.012933410698357184
2022-04-14	-0.00618406976025343
2022-04-18	-0.004392347482620962
2022-04-19	0.009926417016242084
2022-04-20	0.013469270057590466
2022-04-21	-0.004310374948839346
2022-04-22	-0.019841242809684245
2022-04-25	-0.0036805440260920808
2022-04-26	-0.03856670252604266
2022-04-27	-0.004457051638758203
2022-04-28	0.021227296036262944
2022-04-29	-0.00831441122322607
2022-05-02	-0.001905458746062183
2022-05-03	0.005345528323543958
2022-05-04	0.023927047572810167
2022-05-05	-0.032269991150920774
2022-05-06	-0.012648521340591912
2022-05-09	-0.022127317149055803
2022-05-10	0.01786418602819828
2022-05-11	-0.006630268344022583
2022-05-12	-0.004711383396930335
2022-05-13	0.025246523866574
2022-05-16	0.0015390887218011962
2022-05-17	0.026123641179003787
2022-05-18	-0.0307001019442531
2022-05-19	0.015256873969707652
2022-05-20	0.00426096680117638
2022-05-23	0.011478630570325832
2022-05-24	0.0018726305480090133
2022-05-25	-0.007476664035119707
2022-05-26	0.0244821674032889
2022-05-27	0.016911730572427564
2022-05-31	-0.007592157831928015
2022-06-01	-0.004735922204080589
2022-06-02	0.02122986567294638
2022-06-03	-0.00842289269591423
2022-06-06	0.006470231021864503
2022-06-07	0.00032325737116201125
2022-06-08	-0.014253446930129532
2022-06-09	-0.026442302181523103
2022-06-10	-0.03441826008415172
2022-06-13	-0.031228197308679984
2022-06-14	-0.013757793419433506
2022-06-15	0.03325221816294022
2022-06-16	-0.040031415859050234
2022-06-17	0.0028618808173745958
2022-06-21	0.012637564503255483
2022-06-22	-0.008051560455349493
2022-06-23	-0.013798707833196144
2022-06-24	0.01728395429961127
2022-06-27	-0.0008090028709764052
2022-06-28	-0.004453465868576423
2022-06-29	-0.04310693206038174
2022-06-30	-0.013599727702280462
2022-07-01	0.008186150002251757
2022-07-05	-0.04145296278493771
2022-07-06	-0.002229208369544322
2022-07-07	0.013404877375290392
2022-07-08	0.011022927541272987
2022-07-11	-0.023549974197141776
2022-07-12	-0.002947743927662838
2022-07-13	0.002060626928527043
2022-07-14	-0.021010335407713465
2022-07-15	0.0260273837786702
2022-07-18	0.008010694734147172
2022-07-19	0.041501128030421164
2022-07-20	-0.010173792690367334
2022-07-21	0.006852241747245635
2022-07-22	-0.007656329367221937
2022-07-25	0.004714985456977683
2022-07-26	-0.02026452093205222
2022-07-27	0.01981275509178615
2022-07-28	0.008112746944434868
2022-07-29	0.015671280064369908
2022-08-01	0.0010008410469068973
2022-08-02	-0.015164152842481071
2022-08-03	0.016920538756615144
2022-08-04	0.007903436750132053
2022-08-05	-0.004539773218368626
2022-08-08	0.001492508160992445
2022-08-09	-0.007534327103340233
2022-08-10	0.02194039579511342
2022-08-11	-0.0017959439024632928
2022-08-12	0.011612708701077334
2022-08-15	-0.010913519008147854
2022-08-16	0.0032693063322806193
2022-08-17	-0.015763712516325135
2022-08-18	-0.005049031165885509
2022-08-19	-0.020423489940979422
2022-08-22	-0.030997858424026248
2022-08-23	0.0
2022-08-24	0.0035056934608197476
2022-08-25	0.008733657915767745
2022-08-26	-0.03593073203461339
2022-08-29	0.004939321991104029
2022-08-30	0.0026810266104120295
2022-08-31	-0.0013369289630797976
2022-09-01	-0.011155734123258765
2022-09-02	-0.012184136264567824
2022-09-06	0.010050307301843198
2022-09-07	0.021257317972865453
2022-09-08	-0.007085910006763618
2022-09-09	0.021409435352494066
2022-09-12	0.037117921206510474
2022-09-13	-0.040421014083059204
2022-09-14	-0.006581900827248632
2022-09-15	0.0013251187038116896
2022-09-16	-0.0180855688589453
2022-09-19	0.01662169488231635
2022-09-20	-0.030048538358147803
2022-09-21	-0.013211886352960112
2022-09-22	-0.004155131727696881
2022-09-23	-0.03708851406486158
2022-09-26	-0.014443964265635878
2022-09-27	-0.01660968070311941
2022-09-28	0.034177926546134385
2022-09-29	-0.010471726567318651
2022-09-30	-0.010679670710153077
2022-10-03	0.024043262936442877
2022-10-04	0.05203634362652676
2022-10-05	-0.0043723249578000445
2022-10-06	-0.0292772771787575
2022-10-07	-0.017907595337548154
2022-10-10	-0.0038387679040453593
2022-10-11	-0.013005802253703291
2022-10-12	0.001952216494591097
2022-10-13	0.033122180958789604
2022-10-14	-0.013672749679230933
2022-10-17	0.03298281699527861
2022-10-18	0.016658893698988875
2022-10-19	-0.015976324220454807
2022-10-20	-0.004579260179157885
2022-10-21	0.022490671097765924
2022-10-24	0.00936190588546748
2022-10-25	0.018685318893933545
2022-10-26	0.01834258190176108
2022-10-27	-0.011718769402552898
2022-10-28	0.013570487880839366
2022-10-31	-0.016421842467832515
2022-11-01	0.010792904125569658
2022-11-02	-0.018958355708346697
2022-11-03	-0.013771633175935438
2022-11-04	0.04909910428505615
2022-11-07	0.014598464228165131
2022-11-08	0.00677112824559023
2022-11-09	0.0016813369751744744
2022-11-10	0.045321020862936434
2022-11-11	0.03211558578727414
2022-11-14	-0.005445328457167831
2022-11-15	0.0015643690263884569
2022-11-16	0.006247553440019704
2022-11-17	0.00504459287766279
2022-11-18	-0.0038610186464319574
2022-11-21	-0.009302316985087988
2022-11-22	0.014984402798011942
2022-11-23	0.0021970938133473172
2022-11-25	0.007307712848369841
2022-11-28	-0.018709421959765327
2022-11-29	0.004280105048150462
2022-11-30	0.015497854583766735
2022-12-01	0.006867619666664382
2022-12-02	0.006820777163276004
2022-12-05	-0.017312724492137055
2022-12-06	-0.008042933240607897
2022-12-07	0.005405455562127015
2022-12-08	0.002304126875303014
2022-12-09	0.002298830079136005
2022-12-12	0.0007645434969545395
2022-12-13	0.019480527996059926
2022-12-14	-0.0003746807299264132
2022-12-15	-0.0247376251822633
2022-12-16	-0.018831658820050556
2022-12-19	0.001566745284093729
2022-12-20	0.0033242468844649764
2022-12-21	0.01071914290274889
2022-12-22	-0.010412666972077878
2022-12-23	-0.002338248881495364
2022-12-27	0.006640627881279171
2022-12-28	-0.010865373755208907
2022-12-29	0.025892501111747013
2022-12-30	-0.02103247591142643
2023-01-03	0.008593723049853397
2023-01-04	0.031371009896051794
2023-01-05	-0.012392036579266463
2023-01-06	0.02547528881102834
2023-01-09	0.014460560138166434
2023-01-10	0.0029239737544373146
2023-01-11	0.017857134168419275
2023-01-12	0.015037596552267551
2023-01-13	-0.0024691250046674496
2023-01-17	0.0017680069252670183
2023-01-18	-0.003529840513202709
2023-01-19	-0.007084621283524717
2023-01-20	0.010346022157497803
2023-01-23	0.002118625232660154
2023-01-24	-0.0007046705780979767
2023-01-25	0.005994360812245247
2023-01-26	0.0
2023-01-27	-0.00455664440891812
2023-01-30	-0.003521140239892029
2023-01-31	0.008833922499637659
2023-02-01	0.01331002025464012
2023-02-02	0.010369831797301332
2023-02-03	-0.0174478356780301
2023-02-06	-0.009749261350667227
2023-02-07	0.005977499054205859
2023-02-08	-0.002446686240156537
2023-02-09	0.0021022937637587003
2023-02-10	-0.011538458716939926
2023-02-13	0.012734301279576643
2023-02-14	0.0006985839451605358
2023-02-15	0.003036645526941273
2023-02-16	-0.004071360074932029
2023-02-17	0.0006987613497069223
2023-02-21	-0.01291895739419946
2023-02-22	-0.0017686998089683215
2023-02-23	0.00815029961663094
2023-02-24	-0.024604595577069843
2023-02-27	0.01729728080130921
2023-02-28	-0.005667724052659806
2023-03-01	0.003206275510023726
2023-03-02	0.0003551217661938999
2023-03-03	0.019346825517142285
2023-03-06	0.0022636438694831895
2023-03-07	-0.01737317540204264
2023-03-08	0.00848655464253567
2023-03-09	-0.006311371047919567
2023-03-10	-0.008115721277274779
2023-03-13	-0.016008564680490944
2023-03-14	0.018474319681286655
2023-03-15	-0.038727756259649415
2023-03-16	0.018463810982595197
2023-03-17	-0.01631619884642066
2023-03-20	0.02101001178787887
2023-03-21	0.02021658666131243
2023-03-22	0.00035386513803414843
2023-03-23	-0.0007074799235873286
2023-03-24	-0.011681413228532889
2023-03-27	0.008954154703325612
2023-03-28	0.0070997785728712515
2023-03-29	0.011632002606418279
2023-03-30	0.018118415909121444
2023-03-31	0.004449044187890161
2023-04-03	0.004088549585182566
2023-04-04	0.002036015428878102
2023-04-05	-0.01049784510947227
2023-04-06	0.010951458237256073
2023-04-10	-0.003385253160813617
2023-04-11	0.00441573228289216
2023-04-12	0.007440014304147313
2023-04-13	0.010070467534097238
2023-04-14	-0.0010302471642372746
2023-04-17	-0.00795104029785576
2023-04-18	0.008383635229995967
2023-04-19	-0.0003325649811548592
2023-04-20	-0.0073186732289781675
2023-04-21	0.010053593683863715
2023-04-24	0.001990755623957341
2023-04-25	-0.012251683108811418
2023-04-26	0.0016761393626694154
2023-04-27	0.010040199224740531
2023-04-28	0.003644818066244282
2023-05-01	0.0009903855526625094
2023-05-02	-0.01418206825540258
2023-05-03	0.0016728385891668918
2023-05-04	-0.0013360358989252807
2023-05-05	0.012709065985396562
2023-05-08	-0.0019815512526549783
2023-05-09	-0.00694901023309602
2023-05-10	0.0023325456278020518
2023-05-11	-0.01230055984613887
2023-05-12	-0.0010097199670582313
2023-05-15	0.004043090655354131
2023-05-16	-0.0067113711648050245
2023-05-17	0.009797263663559264
2023-05-18	0.002007406307000359
2023-05-19	0.009348873861911633
2023-05-22	-0.0023155704890572837
2023-05-23	-0.012931014311059474
2023-05-24	-0.016795431384335258
2023-05-25	-0.0017082727580182144
2023-05-26	0.006502414049365912
2023-05-30	-0.0006800563708752039
2023-05-31	-0.02041505568497637
2023-06-01	0.02188256827830881
2023-06-02	0.002379323407297518
2023-06-05	-0.003730098718389807
2023-06-06	0.0
2023-06-07	-0.0017018120656489
2023-06-08	0.012274142901057106
2023-06-09	-0.007409943305685007
2023-06-12	0.01323384140088324
2023-06-13	0.0066978851809362805
2023-06-14	0.0033266927227668663
2023-06-15	0.014920449775070788
2023-06-16	0.004573648704897293
2023-06-20	-0.012357696285092756
2023-06-21	-0.0069147509390252715
2023-06-22	-0.0006631451546703637
2023-06-23	-0.01493028748186942
2023-06-26	-0.0006736428899934976
2023-06-27	0.005392647354252933
2023-06-28	0.008045584033925302
2023-06-29	-0.029265020608499448
2023-06-30	0.014388491559083949
2023-07-03	-0.00287068524380818
2023-07-05	-0.015749370316538447
2023-07-06	-0.020646950877370562
2023-07-07	0.013000732647080904
2023-07-10	0.0034686223286286566
2023-07-11	0.010715501647849068
2023-07-12	0.025991800096815565
2023-07-13	0.015333302815755179
2023-07-14	-0.004924478760300999
2023-07-17	0.003959117167528614
2023-07-18	-0.0006572611752576618
2023-07-19	-0.002959557811229363
2023-07-20	-0.005606862731036388
2023-07-21	0.0
2023-07-24	-0.00597015945118462
2023-07-25	0.004337706743199998
2023-07-26	-0.0006644670269169151
2023-07-27	-0.00265957193846289
2023-07-28	0.01633332570393886
2023-07-31	-0.0026238086030369034
2023-08-01	-0.013811248878703553
2023-08-02	-0.02300768720652413
2023-08-03	-0.002389068144946549
2023-08-04	-0.0020526673582627053
2023-08-07	0.011312990155740277
2023-08-08	-0.012033882787672145
2023-08-09	0.0015440067108305477
2023-08-10	0.004110960249718243
2023-08-11	-0.008188323967628808
2023-08-14	0.0027519753885756337
2023-08-15	-0.013722114022807652
2023-08-16	-0.004173942234205197
2023-08-17	-0.003492786484539212
2023-08-18	-0.0049071606599225825
2023-08-21	0.007397005858966743
2023-08-22	-0.0006993166956958952
2023-08-23	0.0024492545490231166
2023-08-24	-0.014310640588872103
2023-08-25	0.006728064291697811
2023-08-28	0.010833646193071811
2023-08-29	0.014336374706319877
2023-08-30	0.00034306102959535956
2023-08-31	-0.006172850004035779
2023-09-01	-0.008971712663518261
2023-09-05	-0.014623958437862794
2023-09-06	0.0017668249384155121
2023-09-07	-0.004232833778437417
2023-09-08	-0.0010626560319986211
2023-09-11	0.010283652494074813
2023-09-12	-0.009477025620666546
2023-09-13	-0.004252265584853476
2023-09-14	0.007117396899492867
2023-09-15	0.00123674375815086
2023-09-18	-0.004764366539442788
2023-09-19	-0.0028368766504145437
2023-09-20	-0.002489388338679732
2023-09-21	-0.011051674665744748
2023-09-22	-0.00036049852070463295
2023-09-25	-0.012982283048891041
2023-09-26	-0.01388385299464523
2023-09-27	-0.004075606198013837
2023-09-28	0.013020847931445534
2023-09-29	-0.0018361820749571711
2023-10-02	-0.01398090742636493
2023-10-03	-0.01231343033956922
2023-10-04	0.010578039059647493
2023-10-05	0.0007476806640625
2023-10-06	0.013074350970667226
2023-10-09	-0.005531029544140198
2023-10-10	0.017426816190922123
2023-10-11	0.002551009236947177
2023-10-12	-0.013086172568388732
2023-10-13	-0.014364618605086754
2023-10-16	0.01270553623616677
2023-10-17	0.0003690121306667571
2023-10-18	-0.01991888245554496
2023-10-19	0.0030109117284498055
2023-10-20	-0.013883637417671735
2023-10-23	0.006468800298788935
2023-10-24	0.0007560888407633914
2023-10-25	-0.0052889835013257835
2023-10-26	-0.010254480005545963
2023-10-27	-0.004988456002713915
2023-10-30	0.016197457437364893
2023-10-31	-0.0011385459662689446
2023-11-01	0.009878428263544459
2023-11-02	0.01805867357464619
2023-11-03	0.011825561756827474
2023-11-06	-0.005478437659896307
2023-11-07	-0.0033051837716079335
2023-11-08	0.0062638201959128725
2023-11-09	-0.0010984540418715882
2023-11-10	0.005131942306620729
2023-11-13	0.005470445591280404
2023-11-14	0.03228144357997653
2023-11-15	0.004919230551678089
2023-11-16	0.006643375228089887
2023-11-17	0.012156945571069055
2023-11-20	0.0034317221538875398
2023-11-21	-0.0037619908075449127
2023-11-22	0.0
2023-11-24	0.012015118144634851
2023-11-27	-0.004748961730744239
2023-11-28	0.005453300837764186
2023-11-29	0.00915255789029401
2023-11-30	-0.0030231827747392304
2023-12-01	0.008423180506383021
2023-12-04	-0.0036752625870350997
2023-12-05	0.0036888199690576773
2023-12-06	0.001002297995021717
2023-12-07	0.00634180707155263
2023-12-08	0.0047097910501128215
2023-12-11	0.0019147155990291154
2023-12-12	0.0004942138207548741
2023-12-13	0.014325686455500586
2023-12-14	0.0
2023-12-15	-0.00844150415498568
2023-12-18	-0.001604508587315423
2023-12-19	0.010986881387007985
2023-12-20	-0.011873130688834665
2023-12-21	0.011162185253026147
2023-12-22	0.0003246827639464822
2023-12-26	0.007140578530237196
2023-12-27	0.005478571464134996
2023-12-28	-0.01217952111612175
2023-12-29	0.0009734161889218829
2024-01-02	-0.010048604930604332
2024-01-03	-0.01506224551510782
2024-01-04	0.005651598295383309
2024-01-05	0.001983453419582837
2024-01-08	0.012867083598443907
2024-01-09	-0.01009776435136911
2024-01-10	0.007568326890565968
2024-01-11	-0.0042456258834802085
2024-01-12	0.0026238086030370145
2024-01-16	-0.017991470152146194
2024-01-17	-0.005662893860815421
2024-01-18	0.0097152095300721
2024-01-19	0.004645033172932189
2024-01-22	0.0009907126359514073
2024-01-23	-0.003299253818268455
2024-01-24	0.01423370798434731
2024-01-25	-0.001958207152009672
2024-01-26	0.0035643967492242634
2024-01-29	0.0006842813063669961
2024-01-30	0.0003256342943653845
2024-01-31	-0.013639281498276978
2024-02-01	0.013167887528813038
2024-02-02	-0.005537461630918505
2024-02-05	-0.005732104175344088
2024-02-06	0.007017007228885985
2024-02-07	-0.004514540849880788
2024-02-08	0.004107788325547146
2024-02-09	-0.0018000426976420014
2024-02-12	0.001639319247886739
2024-02-13	-0.014729913807818407
2024-02-14	0.008637881248729107
2024-02-15	0.010869562485895878
2024-02-16	0.0008145851448431163
2024-02-20	0.003744091504048974
2024-02-21	0.0030813919425749514
2024-02-22	0.01762328503603694
2024-02-23	0.0004766856474225367
2024-02-26	0.004287763260752531
2024-02-27	0.006325074328988212
2024-02-28	0.003142689579786362
2024-02-29	0.005012586290047416
2024-03-01	0.004364070500548101
2024-03-04	-0.0037244798893714126
2024-03-05	0.0
2024-03-06	0.005919079452898712
2024-03-07	0.010839221560777101
2024-03-08	-0.004595518198116544
2024-03-11	0.00030773533446226686
2024-03-12	0.008307706392728376
2024-03-13	0.003661853225770617
2024-03-14	-0.009425283196913492
2024-03-15	0.003529707099645396
2024-03-18	-0.004251412762265594
2024-03-19	0.0026108577561763102
2024-03-20	0.015379514533855776
2024-03-21	-0.007331865525338377
2024-03-22	0.0009118169576156632
2024-03-25	0.00425142387947175
2024-03-26	0.0024191663680968034
2024-03-27	0.011462963376376312
2024-03-28	-0.0037876202204218945
2024-04-01	-0.004580423270030276
2024-04-02	-0.011729304951832664
2024-04-03	0.012172784654654878
2024-04-04	-0.010793666959937331
2024-04-05	-0.0009422827195992856
2024-04-08	0.010648077279943102
2024-04-09	-0.01143892396603563
2024-04-10	-0.010353232369309184
2024-04-11	-0.007076908991887065
2024-04-12	-0.0161140517628523
2024-04-15	0.0012598713551918994
2024-04-16	-0.011009763176784704
2024-04-17	0.008587740007273803
2024-04-18	-0.006307122717286728
2024-04-19	0.0012694067879457371
2024-04-22	0.009825717299126513
2024-04-23	0.018832343459721956
2024-04-24	-0.005853315836964135
2024-04-25	-0.0026650867255511024
2024-04-26	0.007022177255423312
2024-04-29	-0.00018514405513969656
2024-04-30	-0.01802245543417791
2024-05-01	3.140951267055492e-05
2024-05-02	0.007196508522739453
2024-05-03	0.01092050849142101
2024-05-06	0.010493831375789409
2024-05-07	0.009468464957276934
2024-05-08	0.004538624185827622
2024-05-09	0.011144545885004575
2024-05-10	0.004468320740021792
2024-05-13	-0.0020759102102654303
2024-05-14	0.004308963937338817
2024-05-15	0.012871767920104249
2024-05-16	-0.010692408239701634
2024-05-17	0.0013584170943143903
2024-05-20	-0.0011796200444511573
2024-05-21	0.0002953096116296017
2024-05-22	-0.008116927898733528
2024-05-23	-0.0040172094441939254
2024-05-24	0.006871811587926047
2024-05-28	0.0014836568524809746
2024-05-29	-0.016296273690682872
2024-05-30	0.0016566356599960752
2024-05-31	0.006164426695928649
2024-06-03	0.005678495116708593
2024-06-04	-0.005943558807438354
2024-06-05	0.004185332928408947
2024-06-06	0.003274802317709602
2024-06-07	-0.012759652683707379
2024-06-10	-0.006913121102246844
2024-06-11	-0.004842610259641833
2024-06-12	0.013077867737442572
2024-06-13	-0.019813864311075013
2024-06-14	-0.01791739270536452
2024-06-17	0.007640815751601249
2024-06-18	0.0015474848324172896
2024-06-20	0.0018540654345524654
2024-06-21	-0.00308446883926361
2024-06-24	0.0030940122235554313
2024-06-25	-0.004009785958053902
2024-06-26	-0.0015484433460174474
2024-06-27	-0.016129104777919956
2024-06-28	0.0011349686703547857
2024-07-01	0.009887869092315649
2024-07-02	-0.011849054081155108
2024-07-03	0.020511189888801296
2024-07-05	0.007730364836748382
2024-07-08	-0.001227398445537209
2024-07-09	-0.015360983462964661
2024-07-10	0.016536742795964843
2024-07-11	0.0036832082609150607
2024-07-12	0.015596278582085121
2024-07-15	-0.007527853263834872
2024-07-16	-0.002123777207785005
2024-07-17	-0.002857949439544538
2024-07-18	-0.010397596912975371
2024-07-19	-0.01001388829466876
2024-07-22	0.018985390291720528
2024-07-23	-0.0021381645061895327
2024-07-24	-0.011937539378840678
2024-07-25	-0.0021994779489691307
2024-07-26	0.01102175001622574
2024-07-29	-0.00810711047920698
2024-07-30	0.0029412143327274265
2024-07-31	0.005093406797214595
2024-08-01	-0.030405455672950166
2024-08-02	-0.002850812589733631
2024-08-05	-0.020965687960909807
2024-08-06	0.002595714617073419
2024-08-07	-0.0006472640132875185
2024-08-08	0.018458601608287717
2024-08-09	-0.00031797229377561465
2024-08-12	0.0012722330629537648
2024-08-13	0.012865333307966687
2024-08-14	0.003920278869502525
2024-08-15	0.012496143294385087
2024-08-16	0.012341916931877028
2024-08-19	0.011581750609962027
2024-08-20	-0.0015064549300797259
2024-08-21	0.009414613168510222
2024-08-22	-0.0039459515367407105
2024-08-23	0.014405748698457899
2024-08-26	-0.0005917295329919137
2024-08-27	0.005003035496335295
2024-08-28	-0.001590646334350132
2024-08-29	0.002212738218809296
2024-08-30	-0.001177536476005936
2024-09-03	-0.014146759148808696
2024-09-04	-0.0008969385144942388
2024-09-05	0.0032017433920810134
2024-09-06	-0.019745242352230075
2024-09-09	0.008976058234574591
2024-09-10	-0.010343742648281085
2024-09-11	0.007099914213777314
2024-09-12	0.010287448122135778
2024-09-13	0.007786826624234022
2024-09-16	0.006478409948095232
2024-09-17	-0.004960412998309516
2024-09-18	0.004747769845396155
2024-09-19	0.016834013129047642
2024-09-20	-0.013070019138855637
2024-09-23	0.00412005272320326
2024-09-24	0.010551014701678296
2024-09-25	-0.00855563146350835
2024-09-26	0.02515713795835084
2024-09-27	0.0021401274606405174
2024-09-30	-0.0002846902573259147
2024-10-01	-0.014525836723571661
2024-10-02	-0.006791815202826124
2024-10-03	-0.010039319186744056
2024-10-04	0.006907719200160534
2024-10-07	-0.010071557727208913
2024-10-08	0.0035387476385944083
2024-10-09	0.007934189463677965
2024-10-10	-0.006413918685110542
2024-10-11	0.01115015355051141
2024-10-14	0.0020313318828775184
2024-10-15	-0.0031856534677179305
2024-10-16	-0.0034863143018127873
2024-10-17	0.0034985112114844785
2024-10-18	0.007844290300028867
2024-10-21	-0.012395512314742785
2024-10-22	-0.006421407378399802
2024-10-23	-0.003819067703254242
2024-10-24	0.00707760777194788
2024-10-25	-0.0020497713527530825
2024-10-28	0.005868454738753748
2024-10-29	-0.0014585542252336658
2024-10-30	-0.008267629267588172
2024-10-31	-0.006097650051095638
2024-11-01	0.0022227902937554944
2024-11-04	-0.0003547899863262094
2024-11-05	0.012040282334757624
2024-11-06	-0.02455422902858695
2024-11-07	0.020857146613212807
2024-11-08	-0.015851608217421376
2024-11-11	0.0007158104098017315
2024-11-12	-0.017585697943508616
2024-11-13	-0.013652936148030648
2024-11-14	0.011381198575361351
2024-11-15	0.0006082864085752426
2024-11-18	0.002431550536388105
2024-11-19	-0.008489957040123342
2024-11-20	0.0
2024-11-21	-0.002844107558594988
2024-11-22	0.002238840281436172
2024-11-25	0.01193388574071319
2024-11-26	-0.008164513464024248
2024-11-27	0.009146318415812038
2024-11-29	0.022658611316443977
2024-12-02	0.00709015330237861
2024-12-03	0.0014666833921017641
2024-12-04	0.014938551416175727
2024-12-05	0.011255393144994796
2024-12-06	-0.001484073965932975
2024-12-09	-0.0030867125154302455
2024-12-10	-0.004730530690211898
2024-12-11	0.004464893521981539
2024-12-12	-0.004789211987667352
2024-12-13	0.0036597043282520225
2024-12-16	-0.003703749946881163
2024-12-17	-0.006772156678622299
2024-12-18	-0.022601965344981267
2024-12-19	-0.0016920238097259954
2024-12-20	0.0014867450333788668
2024-12-23	-0.0038598891608458974
2024-12-24	0.010432259218406514
2024-12-26	0.00648959870511856
2024-12-27	-0.012602588471184006
2024-12-30	-0.007123712483005695
2024-12-31	-0.003916308394945389
2025-01-02	-0.005672414377397961
2025-01-03	0.002716575601759086
2025-01-06	0.02077057800584803
2025-01-07	0.004423518919312253
2025-01-08	-0.0002936622380266263
2025-01-10	-0.014096903171553987
2025-01-13	-0.002978804737269969
2025-01-14	0.014938750575566706
2025-01-15	0.016485061479846408
2025-01-16	0.002027213938570638
2025-01-17	0.005491400282816805
2025-01-21	0.02960617281378597
2025-01-22	0.003070927171656468
2025-01-23	0.012802646272351836
2025-01-24	0.0005496141274836663
2025-01-27	-2.7449895297460003e-05
2025-01-28	-0.002719081061242079
2025-01-29	0.004406495217865958
2025-01-30	0.003016194315044851
2025-01-31	-0.007654526516628901
2025-02-03	-0.016170743751436456
2025-02-04	0.009996315938059386
2025-02-05	0.012198464941271414
2025-02-06	0.011503752477437512
2025-02-07	-0.01272681334468484
2025-02-10	0.008502506337775495
2025-02-11	0.010334540750189136
2025-02-12	0.012651342845260816
2025-02-13	0.015816088187042165
2025-02-14	0.003532600313860268
2025-02-18	0.011734049044177075
2025-02-19	-0.02154635442254671
2025-02-20	0.0022652653452284177
2025-02-21	-0.010775291869461356
2025-02-24	0.006376240232692565
2025-02-25	0.01557550517295292
2025-02-26	-0.0002599983341068368
2025-02-27	-0.01768071558406037
2025-02-28	0.005293826612007502
2025-03-03	0.03133224436681803
2025-03-04	-0.0022975834081599977
2025-03-05	0.04196518200634336
2025-03-06	-0.001964681450304373
2025-03-07	0.006151574895536971
2025-03-10	-0.029102436890968475
2025-03-11	0.0012594266020071743
2025-03-12	0.007798776686566367
2025-03-13	-0.011233168934424387
2025-03-14	0.02852817598341373
2025-03-17	0.011045580012335465
2025-03-18	0.00728339552707058
2025-03-19	-0.0060255480811356454
2025-03-20	-0.01915618048919332
2025-03-21	-0.006922190079429624
2025-03-24	-0.0017425864579285744
2025-03-25	0.009725766064489827
2025-03-26	-0.021239826492991276
2025-03-27	0.0005046797180070506
2025-03-28	-0.005800841061342044
2025-03-31	-0.008117699383261567
2025-04-01	0.00792842417874251
2025-04-02	-0.0007611971431876752
2025-04-03	-0.019299190340698602
2025-04-04	-0.06628683659750723
2025-04-07	-0.023571887311350515
2025-04-08	-0.010508348239291254
2025-04-09	0.08897814180666197
2025-04-10	-0.009752212579794195
2025-04-11	0.013308490925244332
2025-04-14	0.0136590612537979
2025-04-15	0.006996643086189858
2025-04-16	0.003087980699948867
2025-04-17	0.0030784744303227196
2025-04-21	-0.008695656415764974
2025-04-22	0.025025832371211365
2025-04-23	0.015101995865378859
2025-04-24	0.014381303992672123
2025-04-25	0.006844262535840251
2025-04-28	0.00412726363948801
2025-04-29	0.0045937771737225574
2025-04-30	-0.0009627175995629011
2025-05-01	-0.0012045106981999343
2025-05-02	0.02098414775189572
2025-05-05	0.011339464244581876
2025-05-06	-0.0021023160406633545
2025-05-07	-0.008661112734302034
2025-05-08	0.004014214634422197
2025-05-09	0.007173102114115704
2025-05-12	-0.01039111936710857
2025-05-13	0.006370940324652574
2025-05-14	-0.005392810051695673
2025-05-15	0.011786893483791694
2025-05-16	-0.0006989464253653876
2025-05-19	0.018652348996153867
2025-05-20	0.0034333149598042567
2025-05-21	-0.0005702902780996277
2025-05-22	0.0005706156946827523
2025-05-23	-0.012317539088682383
2025-05-27	0.0265589271626272
2025-05-28	-0.011698547780391144
2025-05-29	0.0015934371577039919
2025-05-30	0.002500013871626461
2025-06-02	0.010201785461636304
2025-06-03	-0.00605925604673585
