EUCO.L,STOXX50E,VGEA.DE
-0.0009586945476691,0.0061986839176906,-0.0004360198974608
-0.0006106577379519,0.0012916011247505,-0.0010124043190523
-0.0003491700102986,0.0020988748226657,0.0012097136807209
8.733964830298646e-05,0.0028924678712345,0.0010483015408819
0.0018335727469738,0.0028384238359124,0.0005035908866057
-0.0020916669708717,-0.0019913078362702,-0.0030280248303978
-0.0012227020929994,0.0047185730776799,-0.0004167476775851
0.0026233215298763,0.0041961785455502,0.0013789831077628
0.0022675257154369,0.0015156605728197,0.0
-0.0013922383855212,0.0030357128662823,0.0011608553527961
0.0010456179413891,-0.0007574017641399,0.0
0.0003481973927899,-0.0047583142358469,0.0
-0.0015663096766774,-0.0076310498374904,0.0
0.0006972444879218,0.0063466448806828,0.0073970197620687
0.0038321062756985,-0.0001482823846289,0.0
-0.0007808777166148,0.0059020264496087,0.0
0.0013892824924306,0.0055905996473479,0.0
0.0014740151413015,0.0131806262786311,0.0007541578610925
0.0015584442006562,0.0005492673647222,0.0016657339464323
-0.0007780425920446,0.0062161841585091,-0.0016233910899875
-0.0014706996654656,-0.0107421875,0.0
0.0019927513479676,-0.0014766961735629,0.0
0.0018158156653864,-0.0183138099612335,0.0082490653121856
-0.0012083496367246,-0.0015881514918092,-0.0014160879899682
0.0003456698505477,0.0057719025538278,0.0
0.002850675497326,0.0007561340742432,0.0
-0.000258409684238,-0.0005267847405276,0.0022846561847511
0.0015509245990197,0.0094630051909174,0.0
0.0,0.0100455953132598,0.0
0.0007742942957607,0.0030484225453604,0.0
-0.0006017338066054,0.0117384068071499,0.0
-0.0013762571750333,0.0018541003324745,0.0
0.0001723020906447,0.0016095734580683,0.0
0.0008611649307253,-0.0027295124219619,-0.0032225909238239
-0.0001721241804407,-0.0060615834323584,0.0
0.0015490560232627,0.0021742620329754,0.0
0.0003437095417715,0.0031215411360907,0.0
-0.0024050745894236,0.0036357361759906,0.0
0.0010332594042765,0.0007627646238095,-0.0016954293045836
0.0022363194740981,0.0037386744464265,0.0
-0.000858208693804,0.0041491131736721,0.0
0.0020615486766781,0.0061821935920114,0.0
0.0,0.0013203239607821,0.0
0.0032573053444999,-0.0003482497280823,0.0
-0.0015379383438803,-0.0030576913050545,0.0
0.0005134139849425,0.0024313244359326,0.0036730020974808
0.0,0.0004371000355078,0.0
0.0002565752631429,0.0036209004133171,0.0002754483710305
0.0001710351625985,-0.0073095198599821,0.0
-0.0003419466095012,0.0038837262695479,0.0
0.0003420635769815,-0.017843179928601,0.0013375451072568
-0.0011968457430777,0.0047337079326754,0.0
-0.0015405056609273,-0.0194746810713678,-0.00121788861291
0.0,0.0030859394012521,0.0
-0.000514359558586,-0.0119813805049676,0.0009046457739358
-0.0006861220591906,0.0131294012644542,-0.0006680142885497
0.0006865931458936,0.0063607996807082,0.0016122717167261
0.0025729250058643,0.0155887354878856,0.0
-0.0001711229443954,-0.0037574350296236,0.0028268749698114
-0.0006844131035246,-0.0163064026088305,-0.0016443433245485
-0.0010274207486865,0.0049647099583056,-0.0008235258214613
-0.000514206020199,6.199920770777467e-05,0.0
-0.0017150109151629,-0.0175745323044506,0.0
0.0001718284897402,0.0070629960161314,0.004160249324504
0.0018893955349565,-0.0045124111081791,-0.000234496019158
-0.0003428845728755,-0.0152440075699148,0.0047297146171658
0.0005143823637492,-0.005270202541785,0.0
-0.0020565370183854,0.0060327577405692,0.0017895862951691
0.0039498461968816,0.0100811521130701,0.0
0.0022237610357704,0.0019378972057586,0.0
-0.0006827259843517,-0.000461096449053,0.0056310857383949
0.0029035351982544,0.0119727570176875,0.004634057917106
0.0011070191014233,0.006725180598943,0.0
-0.0005103569227605,-0.0042545689418908,0.0
-0.0013617332945479,0.0011427635500238,-0.0023832510518094
0.0020453852109636,-0.0033358084629847,0.0
0.0,0.0011896400027684,0.0019651137375993
0.006123500676056,0.0205958047077032,0.0
-0.0003381311453546,0.000524215555683,0.0068450814661
0.0037205716562127,0.0038730214323203,0.0
-0.0003369274402782,-0.0003345240663032,0.0
0.0,-0.0032737570441161,0.0
-0.0010113158846998,-0.0032440265182706,0.0028264194675158
0.0001686910993079,-0.0004094102259986,-0.0010283526322587
-0.0011808315834288,-0.0001655755580126,0.0008006370190996
0.0010133655500554,0.0090954687337323,0.0007237752278645
0.0033744012383123,0.0068803338488809,0.004035208949763
-0.0005044996364267,0.0029705861227411,0.0
0.0028600603561621,0.0093073228825517,0.0
0.0003355218513485,0.0009941789025555,0.0
-0.0021801285558713,-0.0045624260600001,0.0044360409415729
0.0010084264418657,-0.001196143608095,0.0004152075843528
-0.0012592471660534,-0.0039758694482024,-0.0019620437409882
-0.0010927534796887,-0.0023448907952845,0.0
-0.0001682652615501,-0.001367988483796,-0.0054440666106044
-0.0001682935795133,0.0002573554002671,0.0
0.0018517978590686,0.0013123423702379,0.0
0.0010082570153477,0.005465144074005,0.0031931251633141
0.0015108301670128,-0.0056171560685274,0.0
0.0001675883600196,-0.0053547254615522,0.0048500757237115
0.0011731776716883,-0.0007609175368675,-0.0003393367455448
0.0010043112974229,0.0027987030629716,0.0
0.0004180857223725,0.0123069286040879,0.0008676241782159
0.0037609439406889,8.43086648028013e-06,0.0
-0.0003330634141178,-0.0064394691694795,0.0
0.0016658719115758,0.0040796173262609,0.0
0.0001662784193514,-0.0002524897603106,0.0
-0.0019121693537849,-0.017235305888398,0.0027512890220025
0.0022490348704946,0.0011551178616444,0.0
-0.0003340089747313,-0.0261707249846445,0.0
-0.0031741135895243,-0.0193092020674851,0.0045636382563067
0.0010055534629167,-0.0058201230255879,0.002606579632002
0.0021764786390683,0.0055686427560657,0.0
0.0016705391430249,0.0197553142973385,0.0
0.0,-0.0123363573949575,0.0
-0.0005837199457391,-0.0021567193084378,0.0
0.0014184244564843,0.0092016842770885,0.0
0.0003332854244806,-0.0203922251932542,0.00694522859636
0.0008329677290457,-0.0018000796554549,0.0
0.000665730685937,0.0141039144916577,0.0
-0.0011643329352605,0.0120483323741016,0.0001475254557037
0.0024979438432086,-0.0056274538590087,0.0
-0.0003322335134584,0.0133304019036706,0.0
-0.0006646878584994,-0.0062505622787696,0.0
-0.0008313807377449,-0.0116845817130477,0.0012538869193201
0.0011649142061318,0.0064589177878973,0.0064088320008002
-0.0008311043415453,-0.0015102012285732,0.0041355904044808
0.0002495323489624,0.0136537915220729,-0.0013485678375017
0.0002494700981028,0.004523142377681,-0.0009488711524026
-0.0006651299623097,0.0016867330307355,-0.00047492102069
-0.0003327228548103,-0.0034377017292849,0.0
-0.0009986912693468,0.0087963680304632,0.0013523137328821
-0.0026657755113598,0.0098149929959108,-0.0083582774493936
0.0015035107195158,0.0030102994178444,0.0040855408178144
-0.0025021104915754,-4.861592012128657e-05,0.0
-0.0025083229614605,0.0011358935516647,-0.0089443321997148
0.0,0.005095778546027,0.002478226975622
0.002011717163707,0.0062670363095322,0.0
-0.0020076782828463,0.003178989747689,0.0
0.0004190731021322,-0.0089180772685926,-0.0026934270190568
-0.0024298359382906,0.0007986637959178,-0.0019237900279469
0.0010079182684592,0.0019254554557379,0.0
-0.0015103230803394,0.0069755056656866,0.0037808318042069
-0.0003361421472886,0.0052749330076153,0.0001846071189322
0.0032784078064047,-0.0096376825018544,0.0
0.000921664111922,-0.0013909990516606,0.0080118504204829
-0.0008370875178927,-0.0053849801866654,-0.0009889541865366
0.0007539907626543,0.0054511069316371,0.0002566441642648
-0.0006696877664619,0.0038786107834296,-0.00054979069991
0.0004188273537149,0.0066471705580393,-0.0003667520742687
0.0016747997044328,-0.0143439330631504,-0.0014308088762072
-0.0025079672702681,-0.0298273122735024,-0.0018002713511375
0.0013402887065721,0.0085855036896462,0.0
-0.000836527299274,0.0071169403793416,0.0
0.0006697438046303,-0.0110853702357098,0.0031653183104272
-0.0015060266920299,0.0085499998755385,-0.0027517467583995
-0.0026814119712069,0.0091995495600636,0.0
0.00084024623035,0.0217403638813074,-0.0073583797164773
-8.396689052925232e-05,-0.0038263917421992,0.0
0.0002518577713304,0.0119197956453467,0.0
-0.0010072414570824,0.0001667563315506,-0.001223092633661
0.0005041605585676,-0.0029533605091338,0.0
-0.0008397587553194,-0.0025665032177725,0.0
-0.0021852591098898,0.0057747412347763,-0.0042305384014668
0.0023584802595844,0.001316634666872,0.0
0.0011764654592305,0.0005741823945437,0.0
0.0006714943047216,0.0040146012328157,0.0052174333355605
-0.0001677929227991,0.0009139674614908,-0.0026693547132506
-0.0011744915539656,0.0002786479867666,-0.003791654078515
0.0003359727561531,-0.0009928740663986,0.0
0.0,-0.0004969641241511,0.0
0.00016796198755,-0.0043864239554788,0.0
0.0013431500086111,0.0053628967282712,0.0027612748795513
-0.0011737038152346,0.0114439697149582,-0.0020838669871109
0.0001679055947911,0.0030857873666962,0.0
0.0001678133807641,0.0033237873418905,-0.0007457415384295
-0.0033562806247243,0.0048634334362802,0.0
0.0006735294820412,-0.0018965838503793,-0.0057469579011009
-0.0014302386679485,-0.000764892370649,-0.0027774427009712
8.420681296117394e-05,0.0041603006173156,0.0
0.0013479668595033,-0.0034211387691727,0.0023711741037637
0.00084131308773,-0.0028895638346397,0.0
-0.00050435069818,0.0061808682111479,0.0
-0.0003364248529352,-0.0018025022438367,0.0026659336733692
-0.0001683011303904,-0.0022564221245081,-0.0005991402038076
-0.0010097199670582,-0.0034302636992928,0.0010117445560837
-0.0018531099936069,-0.0011455234256724,0.0
0.0027004193656052,0.0020817565842949,0.0
0.0003366513687097,0.0055215882819494,0.0007112038344032
0.0021874653785574,-0.0005744516386984,0.0
-0.0013432140565826,0.0019700310971197,0.0003740780666605
-0.00025217534909,-0.0022543644282282,-0.000747876369175
0.0001681379215934,-0.0002429227174919,-0.0004490188392345
-0.0017654400156398,-0.0207691380753314,-0.0058777127554856
0.0030318394545079,-0.0043207585642861,0.0053098906302164
-0.0024349363496453,0.0135780019965363,-0.0020977619966121
-0.0006732952049822,-0.0032486534650902,-0.0031157394532692
0.001010655384442,0.0121185940463395,0.0
0.0017669254284289,-0.0054599944127891,0.0
-0.0003359727561531,-0.0001089005308003,0.0020334709665852
0.0015123534721277,0.0042676635718836,0.002217212097163
-0.0016778267899539,0.0051255330200126,-0.0033372342351227
0.0026890730657498,0.0066696264658745,0.0
-0.0009218958316535,0.0111683568283462,0.0022573162571333
0.0026004325222255,-0.007278519327751,0.001576569739369
-0.0005019876194686,-0.0016767849794275,0.0
-0.0018416308587744,4.544580770260431e-05,-0.0049471543890179
0.0005032303678571,0.0099995821265059,0.0
-0.0010058905575213,2.644033566934212e-05,0.0
0.0001677711440288,0.001485467993527,0.0007533129317667
-0.002432689520632,-0.0089364452177091,-0.0031990623051912
0.0019293965162319,0.0066427493561338,0.0044131179719484
-0.0010047115215097,-0.0055255903896834,-0.0006759416141731
0.0003352406606573,0.0017934562463948,-0.0006388410178221
-0.0023458342649554,0.0035406154402473,-0.0013160806043786
-0.000335916316025,0.0061814321989728,-0.0014684121191577
-0.0004200525148961,-0.0016754648401934,0.0013197528962283
-0.0015967292665156,-0.0025966581097102,-0.0035398177966722
0.0005892230052697,-0.0012699617202881,0.0009070015284882
0.0015983411089572,-0.001568241125222,0.0011704790113158
0.0016798637807655,0.0013743663223571,0.0
0.0008384912990935,0.0090405014542775,0.0005279807878293
-0.0004189263698234,-0.002423673920657,0.0006407914784869
0.0020953818214373,-0.0026085374511264,0.0019587917294916
-0.0003345677178333,-0.0051014688178711,0.0009022241309173
0.0018407063828835,-0.0087378716228031,0.0
8.353212300749036e-05,0.0113223204965222,0.0059722946909965
0.001002110618639,-0.0268101447345734,0.0064222570254519
-0.0005839634038568,0.0112511370325056,-0.0013727333782962
0.0009182020663558,0.0046085299750393,0.0026749082003874
0.0008339460517645,-0.0121990591951938,0.002223108126645
0.0017498465189116,-0.0135120805877452,0.0022921466652319
-0.0054067669213013,0.0055920382303771,-0.0016229805433696
0.0,0.0193949119804925,-0.001551698295732
-0.0005854285774263,0.0122070311541797,-0.0025901830087805
-0.0005020716200313,0.0073269198792582,0.0
0.0,-0.0018473242187123,0.0016694519169473
0.0018419391845796,-0.0013979393410017,0.0
0.0,0.0086102312145983,0.0002592581289786
-0.0011700402369894,0.0074728276909667,0.0008886647118819
0.0004183655719731,-0.0019950917626297,0.0010728174490752
0.0012545080393222,-0.0014999764855171,0.0001848140507736
-0.0003341205740017,0.0032023288184868,0.000665052602722
0.0003342322478721,-0.004341761772196,-0.000332340513879
0.0006682411480034,0.0074650315874518,0.0008495500357776
0.0005843046163693,-0.0109179784429758,0.0031737993917206
-0.000834287988856,-0.0059116442596381,7.353497868778369e-05
-0.0010853908078947,-0.0401012285726987,0.0008093164212512
-0.0007522261647421,-0.0206881537473315,0.0011394176680474
-0.0015893135638314,0.001447139927073,-0.002092705487608
-0.0025971645191736,-0.0340332316171696,-0.0004046826704031
-0.0019319895089259,-0.0365835825189001,0.0022082983354398
-0.001009954106129,0.0028052608411559,0.0005141365846565
0.0043808280187882,0.0099256002260335,0.0052488493529199
0.0010065015597957,0.0144100001817315,-0.0007302205809379
-0.0008379292541451,-0.0166580850774991,-0.0001096305527038
-0.0055350221782868,-0.0390982247221937,0.0024119274948233
-0.019311864396747,-0.0844659905961063,-0.0007291453715331
0.0022358081880087,-0.0165761701125651,-0.0038307020365139
0.002230755040997,-0.0015326220807987,0.0044314333845312
-0.0141254509970921,-0.1240139838305027,-0.0184496648370001
-0.0005210592747491,0.0160260720545919,-0.0100668613550974
-0.0423978915561426,-0.0524550859309814,-0.0160606211776891
-0.0045363817316496,0.0327011345145165,-0.0048053603907544
-0.0470288334369406,-0.0571744444341533,-0.0119946247778445
0.0188408690388421,0.0286107115414468,0.0153207844261749
0.0222472803317315,0.0384746702915823,0.0
-0.0025711549621083,-0.0247047129438885,0.011345871738182
0.0171239234332472,0.0923622491496716,-0.0064592214366555
-0.0076937552288939,0.0313172511581822,-0.0027753471323093
0.0164188916980174,0.0170134845209062,0.0134578973324315
-0.0017948213918553,-0.041832629531621,0.004815117124393
0.0034163197154508,0.0135489037314735,-0.0014226388447455
0.0008063465406189,0.0076943991779645,-0.0063734890771344
-0.0070724557539502,-0.0382503345118264,-0.0002264090382257
-0.0011721655262816,0.0030556061847741,0.0003396904663304
0.0,-0.0094848781630676,-0.0021882050645121
0.0036107738787378,0.0499363425910008,0.0015124363126353
0.0013491772393161,0.0220674584556996,-0.0069465421782326
0.0037725515318203,-0.00223955268408,-0.0032694814367068
0.0153915098049497,0.0145619388015996,0.0049202726392523
0.0058164803526452,0.0086248745449777,-0.0015941024291167
-0.0063085394605757,-0.0375427692080612,0.0012164830884415
0.0013225808274486,0.0014778671592252,0.0014048925951319
0.0031701357704398,0.0270058664585073,0.0014787122424675
-0.0021067228548723,0.0073399407310457,-0.0058683483897588
-0.003166789315492,-0.0406117587590221,-0.0033513346719205
0.0037063022421142,0.0156053411915286,-0.0034390581706347
0.0042201808154462,0.0061942429005101,0.0056748741409526
0.0016634778442972,-0.0152113940852176,0.0053377835224803
0.0053316402537539,0.0259943745632151,0.0017824971539506
-0.0035645630732119,0.0173381015788085,0.0019306714357962
0.0033155680254279,0.0218344843734048,0.0018892596221076
-0.0002608816406137,-0.0227464369133366,0.0054306492559605
0.0002616077549237,-0.0380644188125859,-0.0034133384768311
0.0009587115640086,0.0211007825557965,-0.0010914723304155
-0.0046151062016536,-0.0111790366618852,-0.0064431585692269
-0.0005248671146458,0.012954710581805,0.00242713355202
0.0058643165772018,-0.0083766111055096,-0.0022653275618862
-0.0061782030611319,0.0001560298818812,0.0006433133270804
-0.0018387101493393,-0.0255356437107716,0.0036304035532093
-0.0026316057171738,-0.0179039929854144,-0.0007158935923822
0.0002639086147475,0.0037931515769373,-0.0013951981707864
0.002637786103125,0.0509546086290984,0.0005286387142584
-0.0010523118343599,-0.0031937459860184,0.0020002074566485
0.00280923259184,0.0137153199503943,0.0003390123712576
-0.0004361745640616,-0.0125475967573592,0.0001879101168771
0.0022689776118309,0.0093795319066771,-0.0024796176617741
0.0042664159362608,0.0172911983543897,0.0027870665228677
0.0004335274262652,0.0142211582348208,0.0025540204115317
0.0019065882820592,-0.0143061719617175,0.0007117633524404
0.004848949678299,0.0356763720744166,-0.0015723201955103
0.0035329256521603,0.035001382604654,-0.0043119524105432
0.0030911953733612,-0.0024223727754003,0.0024100612046658
0.0086457981413197,0.0375942753634035,-0.0027047822079959
-0.0032250265374462,-0.0053186930766094,0.0029381516702429
-0.0046828049097834,-0.0135401517979995,-0.0020282011076877
-0.0017109031225499,-0.0081307914023233,-0.0009408610641011
-0.0011996520420692,-0.0452802142103838,0.0052739131881167
0.0029169867399339,0.0029161130697221,0.0022108976031276
-0.0005133035689054,-0.0054982617287153,0.0003364692677971
0.0017973872000121,0.0338764198789198,0.0010839962725641
-0.0002563554712436,0.0075895049305467,-0.0003360630952585
-0.0025636252860126,-0.0053133535041554,0.0029132409987771
0.0014564613362526,0.005907934363964,0.0
-0.0006844198089864,-0.0083846182225045,0.0035751777875281
-0.000342444280142,0.017626650836928,-0.0025975840486539
-0.0002569048570633,-0.0311352687180173,0.0023439141578163
0.0006852992334986,0.0071304563302612,0.0014475913112803
-0.0019688696929844,-0.0045791869411827,0.0003706534118423
0.0024873567598964,0.0086918291898678,-0.0004075464860581
0.0013689567579511,0.000634293357014,-0.0002224144252368
-0.0015379383438803,-0.0017377846084674,-0.0037815328088295
0.0043642147318736,0.0283851811565132,0.0032004927831865
-0.0016188330660303,-0.0077438275460951,-0.0001855201980693
0.0017067498525458,0.0168924497064573,0.0008904781888396
-0.0011074906837602,-0.0084984225377526,0.0005560271997984
0.0008528654509261,-0.0106787082206611,0.0012596938871773
0.0008521386912769,-0.0075835309894445,0.0015541098052682
-8.509584585469909e-05,0.0107476916774618,0.0001847662548324
-0.0013624289746519,0.0163156675752447,-0.0041001794832502
0.0021316507725281,-0.008540330573694,0.0030413865853422
0.0022122193391553,0.0171073165744086,0.0
0.0009338705280292,-0.0038067093016567,0.0016640194324857
-0.0005089498491237,7.428647621954276e-05,-0.0011813197278423
0.0039884694102965,0.0067565930516257,0.0032894996565417
0.0019440737188729,0.0050201601151005,3.681895990936823e-05
0.0001686910993079,-0.0101575717323254,0.0026154551590387
-0.0001686626474205,0.0002907298252947,0.0006246169289478
-0.0016028550695021,-0.0180470907698966,-0.0024234407928754
0.0021123785654688,-0.0024313115049657,0.0024293281257548
0.0001686700903735,0.0002179853350348,0.0
-0.0002529624683579,-0.0010292370727542,-0.0009546548405539
-0.0010961907195575,-0.0278653045266287,0.003307856218105
0.0007597836230015,-0.0105604025086168,-0.0020148107736619
-0.0037115346274108,0.0232994655059235,0.0006240207886507
0.0009313403588444,0.001850212946981,0.0033382099232366
-0.000422966090691,0.0043296213861929,-0.0025593102721579
0.0033003249191123,-0.0085638730006774,0.0026392178870862
-0.0002530261463783,0.0037834983357112,-0.0008408846058636
0.0021935555463439,0.0021705559484477,0.0013538476484162
-0.0015994817740708,0.0222136807009587,-0.0032886378003078
8.433504518690071e-05,0.009321336974893,-0.0014664704659896
-0.0020234201377162,-0.006044824956617,-0.003561336557229
-0.0014362236579803,-0.0113077307458768,0.0002210950233521
0.000676834459562,0.0002420685969366,0.0029470243857607
0.0005072502469813,-0.0049034906602745,0.0010651336513649
0.0016900843656075,0.0085055585179709,0.0008439081956088
0.0008435842192404,-0.0131540487389333,0.0010631031872958
0.0013486485412383,-0.0043463859136709,-0.0008422313136824
-0.0009259310397798,0.0220845126878979,-7.333267434128654e-05
-0.0038756346365377,-0.0006093000362649,-0.0058646671735311
-0.0006766626810722,0.008123845363549,-3.6850184099712635e-05
0.0001692479289729,-0.0076621416569249,-0.0011798822930801
0.0004231450667058,-0.0046532013479977,-0.0001107556322372
0.0001691477149377,0.0015492904052991,0.0019970024155044
0.00397497656626,0.0183641406072625,0.0055362670440157
0.0001685137950906,-0.0100516358622085,0.0007341234086233
-0.0022741031317015,-0.013204291239489,-0.00187062042279
0.001435068126449,0.0164019330940639,-0.0017638051483485
0.0005900674065995,-0.0140914193751472,0.0021719128757717
-0.0016848942997815,0.0175859969567697,-0.0013958310869932
-0.0019409565985957,-0.0036272706605658,-0.0011402978146665
0.0032975989694157,0.0009176728371051,0.0035720905769676
-0.0001685847955803,0.0002955478303741,0.000990698631156
0.0013486485412383,0.0046641392795239,0.0004032987713931
0.0001683219070094,0.0019746592720004,0.0012091988856444
-8.417889459821914e-05,-0.0066699868652049,0.0009881940962312
-0.0006732952049822,-0.0099138948598754,-0.0007678211390992
-0.000842298498173,-0.0373786783845405,0.0031468564900416
-0.0016015747821847,0.0010060050585256,0.0001823512894274
0.0018574908491069,0.0050504325679483,3.6449696601437154e-05
-0.0030338833578388,-0.0064369515998756,-0.0005105553847907
0.0002535822360354,-0.0071463314656249,0.0008027608570884
0.0010985992682022,0.0274556053131826,0.0004010237056677
8.443471473729147e-05,-0.0027581038473477,0.0014941824130085
0.0012661561942541,-0.0064368419537538,-0.0020378320066013
0.0014331323976488,0.0001502940097899,0.0012762023112407
0.0,-0.0009893760548522,0.0006555556080358
0.0007576086976766,0.0091791545693515,-0.0006551261364231
0.0012617894460338,0.0040618585823328,-0.0001820524738993
-8.403038169402244e-05,4.017035553105508e-05,-0.000582799042984
0.0010082570153477,0.0069060034072456,0.0025511718457287
0.0004196999497563,0.005332121338736,0.0016721627713207
0.0017618850589073,0.0076379720587467,0.0021774438496779
0.0001674760704426,-0.0057396865816375,0.0007604529647409
0.0,-0.0018022475718013,0.0009046033731414
-0.000418652010801,-0.0246205907130825,0.0007230562261375
0.0022618466687949,0.0165315236573293,0.0015534545466573
0.0004179459379212,-0.000912028447103,-0.0017313639475483
-0.0008355426641801,-0.0045149876281131,-0.0014814411522381
0.0002509106916153,-0.0146134027402332,-0.0017369399419505
-0.000167231834155,-0.0029207530433913,-0.0019574055661227
-0.000167196014394,0.0086555179157659,0.0012348268699988
-0.0015052709685527,-0.0292635827383274,0.0009431921172053
0.0025125244432955,-0.0111584904093873,0.0026093756556013
-0.0031745803099918,-0.0348661679114344,-0.0012651998410416
0.0009218958316534,-0.0011843976188475,0.0027868828807136
-0.0008372977800014,-0.0006148817212531,-0.0008301409952384
0.001340786309057,0.0207321586144493,0.0016254904012837
0.0010042911434213,0.0262225142294216,-0.0007212830501509
0.001337647620587,0.0201212430441406,0.0020209952217504
0.0033397473247909,0.0172378305624385,3.6065480073510514e-05
0.0002496361800281,-0.003579472799727,-0.0009724276640146
-0.0002495738773586,0.0636256800532224,-0.0083997187693926
-0.0012482443884872,0.0101851885681569,-0.0008362072540268
0.000749908097005,0.007168938424954,0.0019284465612376
0.0002497608787315,-0.0112768139779149,0.0024695233581639
-8.325400600373012e-05,0.0011289064939683,0.0017750973125068
0.0020810788788467,0.0099473180611504,0.0007955505452563
0.0009968661681343,0.0006548996041302,0.0018428399818879
0.0004149630851271,0.0039469570195991,-0.0005771026393107
0.0004147276739745,-0.0086727390820759,0.0009383246994427
0.0003316825541745,0.004527886130464,0.0006489634052582
8.290895458440417e-05,-0.001315047429152,-0.001008859199473
0.001077474113335,0.0129770204500483,0.0001442584616324
-0.0004139379273768,0.0011174299445335,3.61110006763532e-05
0.0001656310984046,-0.0002733451875605,0.0012260101790828
-0.0002484370956262,0.0047993124170335,0.0001440558318361
-0.0004969976639087,-0.0099920912553422,-0.0015124713981836
-0.0012431752140416,0.009362799225246,-0.0036786989387651
0.0001659334720101,-0.0011119588697107,7.242746482605256e-05
0.0020741724262172,-0.0011984058879064,0.002461319872512
0.000662376485041,0.0063034662817171,-0.0008304318493548
0.001241118030129,-0.0025965640811624,0.0025296217326351
0.0009916132143557,-0.0011925964409669,0.002234888377274
-0.0004127418764707,0.0008933687966539,-0.0002158149408147
-0.0004129753138555,-0.0019013666401335,0.0001438848131054
0.0011567329675326,-0.0103539921518678,0.0022660141442365
-0.0009078205167436,0.0051981366299105,-0.0007536303111342
-0.0004129805333845,0.005005776109898,0.0008260565032511
-0.0014874828691693,0.0061053528325998,-0.0037320159826599
0.0008275963966375,0.0050437813117414,0.0009725327511878
-8.271013152427731e-05,-0.0042489971426071,-0.0011515471143236
-0.0004961756492083,-0.0273737101031298,0.000576437351931
0.0005791799972754,0.0141532585108672,0.0007920846474367
-0.0024807992309661,0.0119428560618841,-0.0036695670086596
0.0022347015705046,0.0016669990923106,0.0011897806765643
-0.0004954790685296,-0.0027308066401569,-0.0003601090643496
0.0017348127152285,-0.0020159635163374,0.0012608014093491
-0.0010721167781808,-0.0046402877968863,-0.0007914862050899
-0.000660399599389,0.0178220552527066,-0.0021604209751068
0.0004130146311678,0.0031402914099563,3.613315252537497e-05
0.0,0.0062472400884465,0.0012989571041335
-0.0014863774355393,-0.0067022211803317,-0.0025585277660472
-0.0026463752867175,-0.0023449669117994,-0.0039741539418215
0.002570523979358,0.0012126161282202,0.0043889981082179
0.0007443249951601,0.0068740601725822,0.0010833795131197
-0.0014876058278989,-0.0114847068585479,-0.0011904415408983
-0.0004138640281751,0.0008667397326203,-0.0015531178712095
0.0002484591332736,-0.0020123964052267,0.0013384697342249
0.0012416712971448,0.0079601598170415,-0.0011560127269579
-0.0012401314615043,-0.001570054785521,-0.0033274606946076
0.000248334259429,-0.0044053740286768,-0.000108805462754
0.0012414261657351,-0.0136769609048739,0.0041736142684127
-0.0004959926130209,0.0111704539496968,-0.0007589688088636
-0.0011577852445286,-0.0157119023402185,0.0006148798438689
-0.0006623764850409,0.0058421767272267,-0.0005422482017215
8.286774219845583e-05,-0.0212536538318458,-0.0016274892193411
-0.003645120079061,0.014192448263244,7.247994019188297e-05
-0.0002494286200565,0.0168825811440758,-0.0025718496016897
0.0001663695344007,0.0053725815835203,0.0
-0.0001663418601828,0.0089674124766259,-0.0002178461506066
0.0001663695344007,0.0037477902717526,-0.0006175153628856
0.0,0.0026642787107336,0.0002544240671025
0.0001662784193514,-0.0011949570295689,3.631724807307002e-05
-0.0006651299623097,-0.0034851988411833,-0.0007630503439963
0.0008319975545314,0.0063891035460772,0.0016727100719104
-0.0015794051254055,0.006517500497533,-0.003049431323296
-0.000915832235389,0.0104420765795882,-0.0033500493158874
-0.0014166514078776,-0.0020888139173365,-0.0024479846810013
0.0008345028172667,-0.0071247867602189,0.0001098875381733
-0.0016676140059473,-0.0050840055940821,-0.0038818938646323
-0.0005011708536364,0.008807272273859,-0.0008456145778651
0.0009191995657613,-0.0036650087585201,0.0025389205587225
-0.0019201513598513,-0.002905523120196,-0.0029728904620038
0.0,0.0045783232037686,-0.0021719128757718
-0.0052698023147665,-0.0055882398474018,-0.0057183162951924
0.0001682162190459,-0.013252748095765,0.0034507220975159
0.0064738240058952,0.0192991433688054,0.0069516240568254
8.355305577611993e-05,0.00029672679715,-0.000477397477736
-0.0028399930155226,0.0013647359114854,-0.004445434825948
0.0012565046852905,-0.0021358474183903,0.0006273599022914
-0.0017568734762593,-0.0095307657969988,-0.0008113353979922
-8.382615031887752e-05,0.0255345220857199,-0.0007382149433261
0.0009219731171106,0.0060612819413436,0.0022901146811595
-0.0005861639247823,0.0089459654811903,0.000921305263291
0.0018433282238443,0.0067331177692595,0.0031664375179691
-0.0019235875012179,-0.003193170837433,-0.0033766776893765
0.0016759224381945,-0.0009182595510489,0.0028357359342692
-0.0010038710528941,0.0055145574128938,-0.0009181273200523
-0.0019259398012524,-0.0003167965171021,-0.0047048541624207
-0.0010068188952426,0.0046237015677106,-0.0011078654360494
0.001595720516446,-0.0078913260685073,0.0017746352816336
0.0013415732839923,-0.0008287503386582,0.0009226313076038
0.0006699198817732,-0.0017789131009706,0.0028022644006719
0.0013389427791579,0.0014449961768301,0.001397216829355
0.0001671121716064,5.223553768418654e-06,0.0019827040915516
-0.0008355487455389,0.0088999973054246,-0.0026384442342175
-0.0015052709685527,0.0041871025875175,-0.0024983976364769
-0.0004187860227704,0.0111592282710091,-0.0027993743104048
0.0027649923357664,-0.0017803449445534,0.0014036164029023
0.0020889037379889,0.0068253551778587,0.002028708090884
-0.0007504708334539,0.0061987352075636,-0.002429506878138
-0.000166861178884,-0.0034378989155645,0.0007010737809596
0.0005842071023409,0.0053225379513579,0.0011062608215433
-0.0018350256220129,0.0002539097311318,-0.00342555568943
0.0004178411675683,-0.0042575688322914,-0.0005913231991572
-0.0009188156467587,0.0012847593367044,-0.0006287055395214
-0.001755698381415,0.0023418357710429,-0.0015172395782417
0.0043550807070442,0.0043130519524257,0.0023719211026966
-0.0027518498673572,0.0099062858923124,-0.0016268105831264
-0.001588718269335,-0.0032432706643638,-0.0019257849129307
0.0015075402250874,-0.0197641123579769,0.0014100224762805
0.0011707592198086,0.009123288024305,0.000741016369147
-0.0015035107195159,0.0096544716383089,-0.000111087805977
0.0009201991760841,-0.0003636447443817,-0.0004813398013913
0.0004178472354843,0.0018662734954792,-0.0005186699267968
-0.0006682890868806,-0.0022184886807712,-0.000556056662492
-0.0011703677180565,0.0007777136715065,-0.0017060241107038
-0.0015065308011253,-0.0045155644717058,-0.0031950233343206
0.0010896668071465,-0.0055442749758082,0.0001490704847477
0.0011722296683471,-0.0188613089611586,0.0021223221431334
-8.36508844693773e-05,0.0198710734977853,-0.0016347892912655
0.0,-0.000836940639793,-0.000558291646019
-8.359407025781973e-05,0.0087037332985953,-0.0024203547874487
0.0004181967468595,-0.0027018410717605,0.0006345013226847
-0.0032608645035461,-0.0192103687689332,-0.0039914368176428
-0.0021810430184319,0.0003471495685656,-0.0029962517385804
0.0007567168726114,0.0177355927725175,-0.0001128298839523
0.0001680748867849,-0.0026384597331191,-0.001805266643945
-0.0009240642599592,-0.0003743598364539,0.0001883632477073
-0.0004204410294249,-0.0171271592800943,0.0002637019951894
-0.0010935166253482,0.0160462519830371,0.0022220554066387
0.0017684133429276,0.0064676749616736,0.0017662201684252
0.0021863617577684,0.002548576844974,0.0038262164910023
0.0005034196882036,-0.0010827734970922,0.0032884657368983
-0.0009225143603007,0.0018702024740639,-0.0023093070487502
0.0009233661788605,0.0077614429453856,0.0007466758115346
-0.0002515831921696,0.0079936524621488,0.0
0.0012582965106191,0.004113710321115,0.0011187312586018
-0.0004189263698234,-0.0022648917122721,-0.0008567260347446
0.0016763438247369,0.0024857308229964,0.0014912760952872
-0.000585722479901,0.0020223162846788,-0.0014890555024119
0.0014232934148565,-0.0004002627744775,0.0026843111937866
0.0009196606453494,0.0002051586981803,0.0021194733323304
0.0,-0.0001904569166312,-0.000259729487846
0.0015035107195158,0.007477990466042,0.0025608760212074
-0.0010008569228927,0.0014466101921533,-0.0019990690969562
-0.0011688044003607,0.0026254450177156,-0.0012611891090313
0.0010030319892531,0.0019885860463833,0.0012999015191774
-0.0006680179494626,0.0015367871586831,-0.0020399999886804
-0.0005848904967056,-0.0179816016470892,0.0004459814139674
-0.0010868426783263,0.0070921714432896,-0.0021919239016288
-0.0005022195037024,0.0026262008356159,-0.0007073907167982
0.0013398397635462,-0.0114451745997534,0.0007824400274998
-0.0005017995239124,0.0114060155555089,0.0004467285918228
-0.0007529814292028,-0.0004293631318847,-0.0036469028617114
0.0009210467225193,-0.007462455765488,0.002763853157665
0.0001672799306779,0.0043032374535965,-0.0003724757539099
0.0016728385891668,-0.0105196869301418,0.0033534598251803
-0.0003340089747313,0.0035897555728461,-0.0001856491703833
0.0016705391430249,0.0013288336185508,0.0028228731075818
-0.0008338765480984,0.0007492228919572,-0.0018519627909132
0.0024203047593553,-0.0084896141816432,0.0050465576670228
0.0008325574357916,0.0063810050955026,0.0013291935263521
-0.0010814179719493,-0.0212993692736096,0.0002581014493416
0.0006662377567852,0.0191474668343829,-0.0016588055095713
0.0010818679215716,0.0062166260764859,0.0007753907730048
-0.0004156875166451,0.0002883132802322,0.0009223590040521
0.0010812116194462,0.0012064645128069,0.0009584200243415
-0.0005815377023093,-0.0105159427788449,0.001104723938071
0.001745628255573,-0.0050833064850601,0.0017289272000409
0.0004978637252526,-0.0265723739745781,0.0020196939066894
0.0010781890499047,0.007078998604149,0.0016124424525874
-0.0006627523088874,0.0177790185341479,-0.0017928281986961
0.0013264469331093,0.0080389099051911,0.0027857273942795
0.0004140010950752,0.0123304832968429,0.0008041289308564
-0.000579323791802,-0.001584350283889,-0.0004382443614613
0.0011593192048018,-0.0092038851221074,0.001351967848826
0.0010752460858334,0.0093976147334726,-0.0004014445042296
-0.0004130828957079,0.0033488020059491,0.0004016057266413
0.001487851712524,-0.0066726998527483,0.0007662801649737
-0.0044569238957213,0.0066808666601034,0.0024429167203035
0.0002487048467401,0.0003230995542791,0.0005819935133635
0.0004972860160377,0.0065444470557043,0.0002544610594497
0.00066276059698,0.0039036348675394,0.0014536635808923
-0.0018213529185828,0.0032347276872319,-0.0033023517229541
-0.0004147221687349,0.0006251858304935,0.000764606165323
-0.0001659197114453,0.0025543545538102,0.000509347992933
-0.0002489525252852,0.0044200215585212,-0.000945420698686
0.0001659885686375,0.0047547386031376,0.0009099373110328
0.0001660243407386,0.0007974098390808,-7.275932491557224e-05
0.0,-0.0064449612614295,-0.0001454598727402
-0.0003319302532426,-0.0014372695735608,-0.000290962068786
0.0006640809350382,-0.0016633258581603,0.0011278929103397
-0.0001659417001619,-0.0154460431621136,0.0005087926509823
0.000331875184041,0.0055252464484363,0.0006538194187761
-0.0008293810597511,0.0069728563893911,-0.0017061450717664
-0.0002490145180783,0.0003975070230137,0.000109096376835
-0.0022418155678159,0.000727616274857,-0.0061809219781086
-0.0006657388056394,-0.0026906665402302,-0.0001463272896976
0.0001665773425845,0.0050624750143268,0.0004756856318164
-0.0005827965570602,-0.0005691265477416,-0.0049288145998592
-0.0007497831272801,0.0073538720316193,-0.0003668435825011
0.0006669598423516,0.0011425998582261,0.0010643908137275
-0.0010830396962429,-0.0071170616224744,-0.0018332197973471
0.0001667776714922,0.0105069282930816,0.0007713748063944
-0.0023348797829566,-0.0049739687127777,-0.0042210194503349
0.0006686879928352,-0.0113277521085611,0.0009952240354338
0.0015870567947622,-9.585258713751266e-06,0.0046765405104576
-0.0006671822918138,-0.0016182877267417,-0.0026022962844172
5.405454275275723e-05,0.0045990593237672,-3.67269579866214e-05
0.0004466102725966,0.000510829813487,0.0013964466764913
-0.0009175128110064,-0.0109097284187621,-0.0025321190510321
-8.350422718650385e-05,0.0057719542780287,-0.0004782932341717
-0.0011689020086195,-0.009360069340439,-0.0015459296976886
0.0007523528324964,-0.0211119201509226,0.0017326876782997
0.0006682411480034,0.0133246326627263,0.0013984509013384
-0.0001669805672066,0.0128566321484324,0.0005144955619851
-0.003088955760212,0.0107778152567141,-0.0047750621228169
-0.0004187509440105,-0.0086795831453502,-0.0029525715347268
-8.379805780267535e-05,0.0016761328544583,-0.0002220474397823
-0.0015919129823275,-0.0256056715215259,-0.002184457534853
0.0013426991255265,0.0052724442038152,0.001150283356271
-0.0008380696813347,-0.0078769999678685,-0.002038482759742
0.000922669092646,-0.0031570594084676,0.0024139725645266
-0.0005028508092477,-0.0096374832721656,-0.0008520918260734
-0.0010060796559473,0.0172705055410145,-0.0020765260680759
-0.0005874921857136,-0.0129826439477153,-0.0007060421602564
8.393102689163712e-05,0.0213549508408892,0.0011155574698626
-0.001931276636255,-0.0061121833821812,-0.0026371894651843
-0.0016826261754601,-0.0001890411740548,-0.0018620303290602
-0.0020226317693996,-0.0042798885105618,-0.0008954618239567
0.0010978287858696,0.0069517423276073,0.0030995661917929
0.00320537531536,0.016109605225435,0.0044301954853047
-0.0002522389575372,0.0081584978713764,-0.0015567019127922
-0.0021867294608391,-0.0075330936427521,-0.000816666395247
-0.0014328908447394,0.0037168608527784,-0.0031580097586859
0.001350519380993,0.0012815122406917,0.0011553851161687
-0.0016015747821847,-0.0039403815554237,-0.0013401570527167
-8.444897014769914e-05,0.0079601124905783,-7.45846827662211e-05
0.0011821277487771,-0.0001193656415559,0.001267536440606
0.0003373611843662,0.0085142111618099,-7.442480385544403e-05
0.0017705006609225,-0.0007316178557297,0.0046171670319885
-0.0003366513687096,0.0030776128995986,-0.0028539535067856
-0.0039569054178593,0.0039420060002541,-0.0048693647323061
0.0002535608140978,0.0070367565303606,-0.0011579313488414
0.0033801042610885,0.0036795022998601,0.0054224023777487
-8.417135772065265e-05,0.0031166112926981,0.0016737363992511
0.004126992755963,0.0055062943564647,0.0041216465055666
0.0017614417238924,0.0068538809286644,0.0050662317330563
-0.0013397275533829,-0.002408929052255,-0.002575576731007
0.0017607673327573,-0.0018150139651408,0.0051274463388002
-0.0021761142360678,0.0009643954765456,-0.0056517664850247
-0.0019292346466915,0.0021109579500455,-0.0009595877074498
0.0012606229815268,0.0028292974128041,0.0008127441438592
-0.0018465773193737,0.0036289852248538,-0.0013288777369114
-0.0010090406915161,0.0034882878245452,0.0005174812790218
-0.00101012410353,-0.0001545330660824,-0.0013669519374653
0.0022749969866207,-0.0038878895143039,0.0039584310757478
0.0026902034723335,-0.0062116429626887,0.0045691885819414
-0.0023476044871101,-0.004081348559877,-0.0048051726076406
-0.0027732936178213,-0.0126467016377104,-0.005307618750746
-0.0010113158846998,-0.0017670734366449,-0.0015933326548381
-0.0009279619495696,0.003973162087109,0.0014845237461504
8.44561023785051e-05,-0.0474374004555672,0.0067447790888874
0.0005065649895052,0.0048732845718324,-0.0007730217243678
0.0011814294485099,-0.0113029800828775,0.0029103139322241
0.0013486485412383,0.0285720225829444,-0.0020937816611349
0.0022726989573289,-0.0170201798151842,0.0037177396412579
-8.400215214665607e-05,-0.0067843187362752,0.0009535344321969
0.0010079182684592,0.013960261828807,0.0013555634180129
0.0011746886162942,0.0336201688202046,-0.000658579980969
-0.0028494497046614,-0.0100814624183771,-0.0059678581060537
0.0015128618263338,-0.0058562515745091,0.002762459078941
8.387467714654484e-05,-0.0021718149518054,0.0009549703893323
0.0010909195670893,-0.0038388907752201,0.0030090908251005
-0.0008382741069355,-0.0092110697190781,-0.0014268304699028
0.0,0.003660362989629,-0.0001832295742875
-8.38465360051277e-05,0.010142592608896,-0.002968206079486
0.0015101963376857,-0.0096433298510358,0.0029403088491497
8.3727122442534e-05,-0.0130294768696072,-0.0015025053521859
-0.0035181619920273,0.0165225725747026,-0.0059823139561541
0.0001681596554714,0.0100766281732507,-0.0014030463493329
-0.0010085959253339,0.011571996606511,-0.0038082797944949
-0.0010102299917552,-0.0062849110610516,-0.0043835219649764
-0.0011799006802801,0.0049569634516393,0.0013432072421315
-0.0016872327998314,0.008264492620075,-3.742560143982221e-05
-0.0005069930746189,0.0056162817502649,-0.0008238940267289
-0.001944502281981,-0.0153318637221525,-0.001349197929924
-0.0005083031464384,-0.0043886275262043,-0.0023268135882019
-0.0016950330694395,-0.0154000639576156,0.0008652090535636
-0.0008489555424386,0.0099115039763146,-0.0010523500417319
0.0011895605977079,0.0081396173662504,0.0025960436025673
8.482140949350736e-05,-0.0001135750846128,0.0031146870636344
-0.0019517628537562,-0.0101276586404989,-0.0035913608975919
-0.0016155296354068,0.0070105018089718,-0.0020274396105929
-0.000681330542516,-0.0103019220879687,-0.0007147624310074
0.0005113788125192,0.0024566471502629,-0.0006023924220771
0.0011924990445386,0.0073402119125265,0.0013938317180457
0.0010209524046904,-0.0162921304292574,0.0018056778904838
-0.0003399703746586,-0.0414227363472232,0.0021778624947126
-0.0011902685459893,0.0058948642228398,-0.0013488440633637
0.0004255653807856,0.0211708149269245,-0.0024387699079022
-0.0017867700727794,0.0048912540723811,0.0009779215136205
-0.0028128352532653,-0.0114839667014319,-0.0009769661174361
-0.0025642826552797,0.0091106502154292,-0.0039491328730052
-0.0041134917035812,0.0119412869472783,-0.0021522941875885
8.606949754130788e-05,-0.000568213735284,0.0001135343726577
-0.0094647948938856,-0.0191920486267801,-0.0108971242763636
-0.0078179421856001,-0.0131465052449595,-0.0040932002559864
-0.0018385491352507,0.0083150164242813,-0.0028040237040484
-0.0004385847804656,0.0021089223995476,-0.0041986501987614
0.0033344792600102,0.0181243188835744,0.0035974166241388
-0.0047226981233851,-0.0016698072096832,-0.0070919258979793
-0.0007030037689744,-0.0099688224171462,-0.0007763851563391
-0.0008793393690439,-0.0218471732548084,0.0003108398180546
-0.0002640944196976,0.0195007961022555,-0.0022525365388108
0.0014086069836063,-0.0015661680365972,0.0025689924401701
0.0009670383327609,-0.0058083138410865,0.0038047743475566
0.0005269414919386,-0.0094597897650386,0.001779134704775
-0.0009655952608814,-0.0217388269148156,-0.0031272683410087
-0.0031631721120652,-6.021266894151722e-05,-0.0015104398898554
-0.0014984413708082,-0.0030260066397194,0.0008533167454201
0.0001765913901528,-0.0362710810701042,0.0058908045658392
0.0012356521260152,0.0369258794453626,-0.0031593424258491
0.0003526173718835,-0.0117007274864291,0.0048312914585531
0.0100458173768531,-0.0403594803568524,0.021117074805881
-0.0038387928011053,0.0145358919805234,-0.0091159291734018
0.0026274570936763,-0.0206277189598378,-0.0008743857402108
-0.0019217436604818,-0.0496474988045083,0.0064302803538369
-0.0089270458024742,-0.0123143745215121,-0.0035915206452407
-0.0015895470555582,-0.00197309157696,-0.0058810396627331
0.0002653350428503,0.0743818564407534,-0.0069463422162399
-0.0062781776236982,-0.0304380025487471,-0.0091087097858886
-0.0006228839342856,0.0096922371370651,0.0005818515722901
-0.0028492538668009,0.0147337427043985,-0.0073652179532243
0.0007143658592796,-0.0007992275417191,0.0028898115317312
0.0009815348501034,0.0405498579839633,-0.0019859271670736
0.0032091336189357,-0.0011234502268052,0.0001951255668743
-0.0001777525528541,0.0044062967131828,0.0016383778630597
-0.0030216525776227,-0.0052889712303137,-0.0066986363166696
-0.0024959777013296,0.0114174011545893,-0.0027445480151945
0.001966051990198,-0.0144927166734613,0.0016512607735954
-0.0018729850100637,-0.0015067838399326,-0.002786793873156
-0.0016978146295117,0.0011233885295818,-0.0020467623984604
0.000178988926315,0.0050081358536699,-0.00082826805914
0.0012529030993817,0.0296055751313846,-0.0038290025409229
-0.0037540058925277,-0.0107541489382403,-0.0026945947571946
0.0037681515556715,-0.014301053911486,0.0080261275243875
0.0002682017288884,0.0041408915338032,-0.0035081079605903
0.0029487462323432,0.0082783452878973,0.0021755589128995
-0.0040983525768681,-0.0084204019479247,-0.0089596300213478
-0.0030416563034852,-0.0237783871071868,-0.0036639872832279
-0.0020639209610079,-0.0059298745749534,-0.0017188019041921
-0.0009891251799041,0.014823766186073,-0.0023624574781712
-0.006840703390356,-0.0048595649018937,-0.0061007594485523
0.0029001933554428,-0.0021226439688374,0.0020594712570585
-0.0012651998410416,-0.0009161000327456,0.001491120228765
0.0003619337381679,0.0054127971333457,-0.0070822339656956
-0.0053364358802372,-0.0046561216295689,-0.0030799719807191
0.0019096033658416,0.0172420221208704,0.0043497068805589
-0.0040841981030658,0.0080116737109818,-0.0056261613569428
-0.0051034828292739,-0.0224081839687477,-0.0032970804840273
0.0063204401665231,-0.0214634653725891,0.0080045391251839
-0.0036410115024267,-0.0096418128697716,0.0012559816192232
-0.0010049388934004,0.0035685299925058,-0.0011330020099979
-0.002834911412158,0.0113478482992022,-0.0068462111370464
-0.003301546288783,0.0068413955332522,-0.0041605966338207
0.0,0.0077027361327528,0.0015202833891623
-0.0039565725429547,-0.0096246006545313,-0.0028307792467948
-0.0033256407422777,-0.0076134721156903,-0.0044844587103667
-0.0058392553247007,-0.0182490438794414,-0.0069430578762098
-0.0014917365180187,-0.0281909683634397,0.002580227075223
0.0054155167069851,0.0079220441285587,0.0069736074755464
0.0026002858330547,0.026181519939513,0.0033801402548672
0.0044461222768075,-0.0094411764784619,0.0096134572729922
0.0003688760109439,0.0249043130590098,-0.0063479199383935
-0.0005531451523913,-0.0048819292345387,-0.0003685973204325
-0.0042427512658307,0.0152414486954852,-0.007742694682787
-0.0003705160787936,-0.0135693929452911,0.0018991588168311
0.0007413068236847,-0.0155551223497945,0.0042444735660438
-0.0001851541024667,0.0065229281849628,-0.0031596868692473
-0.0031487678895624,0.0140441458970257,-0.0053101598803064
0.0027870963717848,-0.0164033005553483,0.0026071729223424
0.0007410987571876,0.0080985750989632,0.0014446629152666
0.0008316054045045,0.035832587165524,0.00177675580342
-0.0023081895082193,0.0086010010453756,-0.0053208922967943
-0.0048121104461847,-0.0136427222503119,-0.0067592829508024
-0.0007439262634703,-0.007830107642718,-0.0037157145876337
0.0014067479109318,0.0060999346297307,0.0039887915951695
-0.0035586931800156,-0.0046785592500246,-0.0039307021380846
-0.0092105577338289,-0.0170179923176435,-0.0086137022044943
-0.0070195207420096,-0.0336291268890835,-0.0074045682811453
-0.0155712385237486,-0.0268670683717892,-0.0131516668266336
-0.0039786865596058,-0.0078001622724839,-0.0095254922240497
0.0060405568030874,0.0164423534443507,0.0122639794826229
-0.0056169070216509,-0.0295585208105149,4.363976595112007e-05
0.0025321594804996,0.00307769139173,0.0056216371313151
-0.0036915181056926,0.0091233044862755,-0.0060235715755794
0.0021450977568269,0.0069657364570603,-0.0015259121503685
0.00330807522206,-0.0084030072758657,0.0094314732006779
0.0077579073027109,-0.0081826263030554,0.0123280494435455
-9.617500973868598e-05,0.0281931623091196,-0.0010682228201799
-0.0049081139279801,0.0016161014227331,-0.0056463327922733
-0.0059961580022497,0.0029416528943408,-0.0061946573726293
0.0040863803651836,-0.0098526663975767,0.0101290436729351
0.0009690514193114,-0.0169193356839744,0.0081847780733377
0.0113262162089105,-0.0018958940809365,0.0119437298519229
-0.004498910837669,0.0011918485320099,-0.0090305841519424
0.0084615120520958,-0.0268188244319117,0.0081379829641019
0.0040046320493791,0.0184562934207168,0.0015976500759009
0.0001899016380519,0.0194807210147762,-0.007345810242069
-0.0004747726158631,0.0051741576116166,-0.0021989193250754
0.0046547497747673,-0.0099414258848309,0.0058060317999206
0.0068078782730705,0.0044243891825355,0.0096490158625859
-0.0052592521631603,-0.0094865509992083,-4.170981921580719e-05
-0.0045316817960424,-0.0166069374568341,-0.0056341649509072
0.0058800749509848,0.0237265512382196,0.0029799019924132
-0.0027343100339703,0.0099678352515559,-0.0048959566315026
0.0009455054050262,0.0215213111207495,-0.0029437174159613
0.0034948059657007,-0.0006132370737369,0.0002109265418954
0.0005648078802225,0.0031434491308663,-0.0002951705434274
0.0169331643526562,-5.566377181076554e-06,0.0132444395815869
-0.0007400724531354,0.0021326131577805,-0.0001665019644373
-0.0029624116345939,-0.0079907122297036,0.0069114984027205
0.0014856422158142,0.0090675962423201,-0.0022742435139381
0.0114963643311023,0.0123122589277309,0.0112312947782091
0.001649865331744,0.0153058833666646,0.0024589945442792
-0.0074162016987802,-0.0063294447899571,-0.0001625435862138
-0.0011991963695314,0.0130027052305807,-0.0052839517428326
-0.0002770482049784,0.0059102001218696,0.0048216415060517
-0.0060046330335233,-0.0077798445422613,-0.0090683411146995
0.0035316439423918,0.0085440931131566,0.0024622236485243
-0.0025931320613672,-0.0111385156690182,-0.0027018170174261
0.0029712135923085,0.0091457861254675,0.0025039333879497
-0.0024995061234686,0.0020536762295653,-0.0054456626269476
0.0015777092245503,0.0052594481065773,-0.002470208770254
0.0040771168353566,0.0033917667012672,0.0062732327741539
-0.0080288182141161,0.0041164689423283,-0.006767324900905
-0.0066052572200484,-0.0129190723500516,-0.0088779887532821
-0.0026222024957651,0.005676113769792,-0.0010416434062374
-0.0086384804595803,-0.01245832188265,-0.0092171151790574
-0.0067247496889493,-0.0193281263631515,-0.0050513906639477
0.0012396037953017,-0.0015581214955697,-0.0021577507101113
-0.0019047328404018,0.0040903106146883,-0.0028831413503495
0.0044846715421991,0.0019305127255404,0.0033592921017178
-0.0059845851002927,-0.0192840754675662,-0.0049161351860383
-0.0096521611441292,-0.0024058433857153,0.000730437322405
-0.0033773857319054,-0.0125409674711287,-0.0034777931589315
-0.0015491482823963,-0.0172151677668989,-0.0033605824242541
0.0065942618993803,0.0253652133188186,0.0044959403289788
-0.0051060346156939,-0.0153397420266735,-0.0043036831299299
-0.0012588095056038,0.0029025368936348,-0.0006483138769095
0.0032965286920418,0.0005571763907594,0.0041953254986382
-0.0054117237130023,0.0029381868151978,-0.008915527984701
0.002040410884267,0.0164162642350147,-0.0013906213749206
0.0045573667528391,0.0214199196273456,0.0044388042312777
-0.0073359280639402,-0.0165446078478961,-0.004159211760328
0.0014585913187517,-0.0051921190240883,0.0010441665090001
-0.0026215812085319,-0.0072234297693667,-0.0035204171845234
-0.0045755570007567,-0.0116833935656102,8.726486216681373e-05
-0.0080195569175962,-0.0092584640716689,-0.0094875418160257
0.0030562709027017,0.0071472124083027,0.0039284392786678
-0.0062905386582119,-0.0185374090206744,-0.0056278694301418
-0.0047477322926164,-0.0229170087547234,-0.0034488467312575
-0.0044723172863558,-0.0018037504886676,-0.0050581382507011
-0.0055904718860957,-0.0041615276931933,-0.0124419965782722
0.002308962213932,0.0019978509844764,0.0085346205517522
-0.0028044750557608,-0.0168680505327826,-0.0053729262045486
0.0069305188662762,0.0119424928158458,0.0066174193970498
0.0075810686905781,0.0072237873111473,0.013237311666276
0.0063360001595216,0.0425801386285926,0.0041047099650612
-0.0107231082235415,-0.0105496401103386,-0.0108571314549708
-0.0043754457308468,-0.0041389729016593,-0.0058214690169641
-0.0047942803012955,-0.0168897147356356,-0.0080010258009572
-0.0058209738519422,-0.005504458159782,-0.0035597021672595
0.0010095508376777,-0.0049241515136969,-0.0005878849639536
-0.004033899869971,-0.0026404622574033,-0.0059273571238276
0.0011138174156763,0.0092659747249495,0.0049613638176908
-0.0006069099455987,0.005748893256726,-0.0077902478067305
0.0042506407116424,0.0177157586369656,0.0067102418972944
0.0014108574514992,0.0064475616971804,-0.000544166007648
-0.0046291543902415,0.0021392250607703,-0.00453681073861
-0.0007077881066297,0.0062254720165331,9.118625318116358e-05
-0.00060701700543,-0.0046438336574002,-0.0027798406532965
0.0049604967587044,0.0147154451219906,0.0080428003361634
0.006850008342609,0.0163813714599232,0.0131466029886551
0.0037018785180518,0.0055025909445223,0.001745024648569
0.0055821128418787,-0.0002219084669896,0.0150080594593857
-0.0048572351022038,0.0023609338696712,-0.0095933991840301
-0.0130490842370583,0.001251036392496,-0.0060428186452688
0.0127169406898519,0.0092549025324475,0.0015645885605299
0.001295643687037,-0.0079457273886297,0.0001785186324672
-0.0050761633326762,-0.0079596903507358,-0.007720127298432
0.0029011696496943,0.0264807630830026,-0.0026533555988865
-0.0010972629461502,0.0055499291737823,-0.0010371428559141
0.0015977997112501,0.0082182862563271,0.0042430200198431
0.0022930779714969,-0.003008600562637,0.0062927589934431
0.0150204133548785,0.0317942796504862,0.0139806913755264
-0.004116014946854,0.0057037823593142,-0.0129509987596898
-0.0005904859906166,0.0049140518975379,0.0003124010180357
0.0038400886079523,0.0070945355910898,0.0057107282023038
0.0017655744047462,-0.008252698627213,0.0073197106231754
-0.0021540546090754,-0.0011229344410387,-0.0011010492391101
0.0035324596999388,0.0119688344611181,0.0029980070468134
0.0007822610118382,-0.0039645076602631,0.0014505910349416
0.0032242485195359,0.0052745960617672,4.386826327062998e-05
0.0016556113015198,0.0042087685369889,0.0053107570141355
0.0040835991752687,0.0039402725137085,0.0067233933200914
-0.0052289464867438,0.0001059876163329,-0.0098442813082397
-0.0001947266797163,-0.0067887732315483,-0.0013577494890791
0.0037970927185744,-0.0002719008099889,0.0063154728289616
0.0007759634552737,0.0076961472910557,-0.0019612149441037
0.0073657892419325,0.0049890104327765,0.0095633129396948
-0.0013469250178953,-0.0016564431311958,-0.0023356956769458
0.0008670167171935,-0.005372149518967,-0.0012139552257257
0.0005775104335954,-0.0043826503937104,0.0059035323910212
0.001731604718232,-0.0046430965083066,0.0021576505560885
-0.0012484131071434,9.43959796777527e-05,-0.0029712029199526
-0.0053845919095553,0.0054446894883311,-0.007903544205446
0.0008700341818108,-0.0052756918520882,0.0003482399517744
0.0050227400617426,0.0165764896482925,0.0014796290784215
-0.0023066360992288,-0.0029020721055702,-0.0045626185203357
-0.0099219613093191,-0.0351071522997002,-0.0139689885174419
-0.0052539494253829,-0.0082592309210594,-0.0052240142529307
-0.0011736611863724,0.0018979844128199,-0.0029817284144278
-0.0031335652782767,-0.0022958407296366,-0.0083917210358512
0.0018663536966214,0.018319551738013,0.0015305152597333
-0.0024512207592545,-0.0126182778336334,-0.0035507425534622
-0.0009828826048826,-0.0016425720342198,-0.0013982921615885
-0.0039354735171284,-0.0062798110285813,0.0003647744567796
0.0034571165695997,0.0108301256713783,0.0046028268013114
-0.0013780824362153,-0.0146620581364977,-0.0053075928376655
0.0054214200916971,0.0233734320084577,0.004811356373255
0.0033332974303001,0.0236149104570158,0.0088540028259123
-0.0021496345434902,-0.0036462253970709,-0.0038955757164365
0.0059733704851665,0.0147368083546521,0.0057987821811491
-0.0006813948460704,0.0126411615411576,0.0008044535887308
-0.0037990162198573,-0.0027429831069396,-0.0047335772152539
0.0046934914705127,0.0104251933709103,0.009153253451255
0.0043795323429896,0.0065663384430394,0.0037348959158856
0.0006782916365717,0.0058448020875967,-0.0007087817116238
9.685423216421184e-05,0.0014937350882349,-0.0006648960343229
0.0061967408715415,0.0041688905761365,0.0069641405099298
0.0046189700287835,2.3394472448146075e-06,0.0072683585139872
-0.0061302622633563,-0.0191790360751279,-0.0020116998400699
-0.0038550647421318,0.006257479425821,-0.0100350611137244
0.000677241625492,0.0075050177450695,-0.0030099989952879
0.001546901597629,0.0005300628323259,0.0044842973377146
0.0011584395291472,-0.0011823097955001,-0.0016796369293171
-0.0011570990998108,0.0062366036677332,-0.0033206748193588
-0.0010618108393233,0.00096545387738,-0.0023987805034075
-0.0034789389125724,-0.004638544163288,-0.0059224884524596
0.0003879064629743,0.001159110725367,0.0030460847191244
-0.0080457716323205,0.0019190204563381,-0.0006252205627377
0.0152447721164832,0.0167041061983406,0.0191259045267098
-0.0039464436916312,0.0039753326516087,-0.0101288693937029
-0.0066679785371307,-0.0123367853764467,-0.0060244333252618
-0.0010701489383384,0.0009178240383282,-0.0012031962604779
-0.0022400015217179,-3.804809999041758e-05,-0.0035249183789783
0.0020498459748445,0.0097383641176989,0.0041642596706581
-0.0047730905482611,-0.0122819939186288,-0.0048158297855113
-0.000391513323326,0.0103431498499368,0.0003136467978115
-0.0033290546072078,-0.0006130339655353,-0.0041209835681813
-0.0003929749009486,0.0097387622134827,-0.0042279433054275
0.0016707436751381,0.0040186996279285,-4.5144346463188434e-05
-0.0009811467417349,-0.0051941039557091,0.0014003133365865
-0.0007857182409591,-0.00087481079461,-0.0013532719472636
-0.0056025133358804,-0.0048652298854845,-0.0057816640206106
0.0007907663586301,-0.0017692498833117,0.0004089218267808
0.0029629931037808,0.0036013919459279,0.0049046230422609
-0.0055145757868944,-0.0186325382606374,-0.0052874447967472
-0.0004950532074544,0.016557292325755,-0.0029075996982003
-0.0047553333200306,-0.0022669163546715,-0.0035996022786675
-0.0032849077649025,-0.0053392766666029,-0.0054875086457807
0.0003994898294674,0.0058921529383857,-0.001747292083161
0.0008985122185323,0.0127835897681538,0.0030861974020697
-0.0001995239580561,0.0044192934087485,-0.0014235265059882
0.0003990514403413,-0.0080717667458513,0.0015174762373009
0.001396084875874,0.0022178834253268,0.0041324282732149
0.0009958023894089,-0.0005433380402894,0.0010974515714499
0.0045762706847336,-0.0132031605470692,0.0072169619776973
0.0037630940858142,-0.0314431515674589,0.0141036192568597
-0.0062154424785355,0.0202439558726317,-0.0098380877452037
0.0074456465303827,-0.0345857933035069,0.0216330994156581
-0.0041388035518935,0.0203374689417918,-0.0083551160846883
-0.0013853096480361,-0.0126281863115729,0.0088713141625742
0.0065398699374181,0.0133899300542894,0.0017674432089507
0.0003937873085873,0.015094400901219,-0.0105421165992337
-0.002361793807097,0.00337193833149,-0.0034325814474966
0.005129259090046,0.0027265869518109,0.0094386243267967
-0.0002943942968367,-0.0181881318531332,0.0039883077483269
-0.0030431449850794,0.008231209609067,-0.0064883191313481
-0.0021662192397768,0.0008619858832223,-0.0045315734443593
0.0014801808890811,0.0151288104929259,-0.0002677966220001
-0.0014779931918045,0.0127975530027149,-0.0051783057283895
0.0069074857206699,0.0069141142181314,0.0057886341021442
0.0021560291917799,-0.0009269881417486,0.0038814979435199
-0.000880148302415,0.0009904825331887,-0.0016443157940778
0.0046001882071675,-0.0039301747328936,0.0054753911788185
-9.7448716776527e-05,0.002580131116054,-0.0003541603667527
-0.0058462290770558,0.0055319919408585,-0.0085035359737399
-0.0004900070857731,0.0001707123426037,-0.004690201738314
0.0007844106592169,0.0067397896799865,0.0
-0.0013717361649755,0.0063048936449268,-0.0039493468045574
-0.0009811467417349,-0.005270201382167,-0.0024781609701163
0.0011785773614387,0.0060308344508273,0.0010840673884477
-0.0026486586815233,-8.656700163689468e-05,-0.0027071906173904
0.0025573142609722,-0.0019824337124422,0.0038003724088822
-0.0010791779654882,0.0054117990559892,-0.00288462084021
-0.0013749694565708,-0.0015401838917099,-0.0003615884128932
0.0037371877682677,-0.0054408896573955,0.0075062341365126
-0.0009798008672661,-0.0068846890703009,-0.0004039665249658
-0.0033346051485243,0.0023782275825432,-0.004894003926713
0.0077740690235703,0.0002891784084004,0.0093850192709941
0.0011717128492976,-0.014786734614214,0.00286080976246
-0.0006827240384046,0.0035694093568867,0.0014263244383523
0.0022448112335426,-0.0053710957966632,0.0029822114921771
-0.0018502525746326,0.0124562676960859,-0.0063459504096136
-0.0023414425733613,-0.0058776997844719,-0.0020150490246318
0.0017602219970227,-0.0037774089170524,0.0040382352913488
0.0019523325212391,0.0006943118580393,0.0054966790382504
-0.0015588078104663,0.0018863931347525,-0.0035111321343316
-0.0015613159335298,-0.0003403815303779,-0.0024530710644546
-0.0034206262232699,-0.0002085970962921,-0.0030849655366497
-0.0008826514289271,0.0017889462110003,0.0004933255204211
0.002755351030595,0.0166703655702664,0.0027998680084373
-0.002060834949245,-0.0022000596784518,-0.0018462784840743
0.000295002247779,-0.0098617533069762,-0.0014888763673275
-0.0006881605779018,-0.0181098039691925,0.0009488482051429
-0.0003935161330731,0.0013837386940658,-0.0023021981390242
0.0010825766134319,0.0158935791093159,-0.0019907121386926
0.0051120392924313,-0.0105867255043227,0.0061689089120795
0.0021518116715559,-0.0171358888157179,0.0049675571468386
0.0028303817891726,0.0093810926051676,0.0025828538560319
-0.0025304344158683,0.0154805532602755,-0.0023985455555913
-0.0022440797378566,-0.0070035029372971,-0.0044968760583407
0.0012712424281469,0.0004611855756164,0.0001341857641103
-0.0035159743382903,-0.0007706376921748,-0.0053215045076273
0.0019602526710733,0.0013443942955906,0.0022478639118799
0.0013694550039251,-0.0018359059762551,0.0043960652815822
0.0006837910808452,0.0062241263720066,0.0004018967687515
-0.0019524069979509,0.0071955613533312,-0.0024106673242477
0.0,0.0065393559725519,-0.001208289019729
-0.0033254728579283,-0.002481698574884,-0.0028226947736306
0.001668284263,0.0068038693630236,0.0043583806528213
-0.0021553955262163,-0.0073814041766813,-0.0051895103934412
0.0035346157657825,-0.0044103784197138,0.0079147636352656
-0.001467581716295,-0.0046947913437936,-0.0014724019938273
-0.0033313378995079,-0.0042287398429818,-0.0036639333399525
0.0045222087981948,-0.0076340060268468,0.008251861713548
0.0021530751619305,0.0020975606912325,0.0026687779114744
-0.0031249969732016,0.0057679099793113,-0.0035045902610314
0.0029388265770193,0.0091725555540937,0.0026265421796793
-0.0033209254445382,0.0022878051455779,-0.0066157611262994
0.0011760363142427,0.010195881438441,0.0020561138867825
-0.0008810098282967,-0.0002136672447337,-0.0033008301079809
0.0010776977631081,-0.0016278817520373,-0.0014767974808828
-0.0008808374145268,-0.0091733917151909,-0.001434187326048
-0.0071505118397984,-0.0293331705246562,-0.0095601994908544
0.0018745307839593,0.0031991395888117,0.0011328961421976
9.84195621427375e-05,0.0046994447221404,-0.0014937099452021
0.0006892447470159,0.0070598435392847,-0.0016773496578419
0.0063957644735352,0.0172399083026013,0.0067205849364317
0.0040086396852045,0.0071780970282708,0.0069462935536004
-0.0013633205406565,0.0019013102040799,-0.0015678125938498
-0.0002926027089074,-0.0098451687718645,0.0016600411352014
0.0060476274569207,0.0029700631176237,0.0079727445470214
-0.0020360586165926,-0.001704955534049,-0.0039547989558401
-0.0019430384499098,0.002624819102952,-0.0027660170477733
0.0011680630124246,0.0040423564921021,0.0024157359457515
0.0017501245293753,-0.001908355356382,0.0025438976632148
0.0,0.0018868271347955,-0.0010683835068009
-0.0031058885627058,-0.0102816715669367,-0.0036987602999161
0.0051601478339122,0.0233056938528231,0.0019233021829019
-0.0013560576573545,0.0042856247290263,-0.0019196101924284
0.0003879817276368,0.0010769189731894,-0.0003578038216417
0.0006887022357788,-0.0301500134920521,0.0008536709306794
-0.0010815122538758,-0.00734927180618,-0.0019302946582595
0.0003937098044104,0.0065697340322841,0.0013493158070687
0.0002951473777745,0.0010592981586241,-0.0015720377069735
0.002655692705062,-0.011216115814121,0.0079176118749333
-0.0010790720788416,0.0066404700141684,-0.0018745733366375
-0.0007856410646777,0.0154516702986193,-0.0017887096530703
-0.0041277461321406,-0.0143041487711663,-0.0054652036397779
-0.0001974170739115,0.0020595284745319,-0.0012161806669199
-0.0021715647616701,-0.009620772207921,-0.0032470688298767
0.0012860311358402,-0.0010026197225979,0.0014025942600213
-0.0029638712521221,-0.013173759158258,-0.0035241095664226
0.0024772097159722,-0.0035195082435998,0.0049875587771244
-0.0036571624383113,0.0028293526679386,-0.0058200591970772
0.0020833241876474,0.0084026251731572,0.0052641646780418
0.0061379576683042,0.0014786989191584,0.0088028029551849
0.0003935935905576,-0.0080741439253663,-0.000134257814607
-0.0020654970812894,0.0009521681178394,-0.0020139669070229
0.0024640252538525,0.0076345227263345,0.0040865638901415
-0.0004915487446004,-0.0025795060859798,-0.0014311726411179
0.0015738346149054,-0.004217586932428,0.0045685130881518
-0.0011785773614388,-0.0033673159455716,-0.0058852362768528
-0.0017699145582805,-0.000646801842513,-0.0017491798580844
-0.0002954962597403,-0.002502403260905,-0.0028304307207734
-0.0031530170613832,-0.0072380490527539,-0.0032890270433595
0.0018780512488392,-0.004067647347521,0.003028633767762
0.0020718141595117,0.0038308090935792,0.0011267532023671
-0.0004923013872999,0.0040451660076068,-0.0028811146732581
-0.0003939449118918,-0.0028347726603914,-0.0004514776096641
-0.0006897880617722,-0.0044292416503408,-0.0013549584518462
0.0037471377546154,0.0133231410570116,0.0045680610296334
-0.0024560369167052,0.0035749295373561,-0.00621315949448
-0.0022651502349791,-0.0114480446353234,-0.0029900776912102
-0.0004934895229304,-0.0007488877659661,-0.0010905697223593
0.0017776051884101,0.0078440105650214,0.0033662105069809
-0.0028588417640748,-0.0148247038125283,-0.0026748885787368
0.0006920384949902,-0.0012889190976083,-0.0005000309105287
-0.0012843793839621,-0.0094576953538099,-0.0041842477826974
-0.0011870127760853,-0.0091640387900137,-0.0010048534377486
-0.0018817712103512,0.0006054470605723,-0.0028344703333722
-0.0039690566652504,0.0072318963572368,-0.0076567657573785
0.0056784191115806,0.0031478814367218,0.0072999885703599
-0.002377393472261,-0.0088702486074371,-0.0040822264800214
-0.0022837427229658,-0.0101603565598039,-0.0033159212622426
-0.0010947512607141,0.0010401455404973,0.002864856761128
0.0021918260963291,-9.76598205937318e-06,0.0012902265318244
0.0002983041036268,0.0108834596114935,-0.0012424842909909
0.0037765577722654,-0.0076875107580969,0.0069111507215786
0.0012871015189896,0.0225309624421032,0.0017845500746653
0.001285522459639,-0.0010534919140751,0.0051157682142302
-0.0022714137080913,-0.0006117464145476,-0.0049079666327958
0.0004949327166383,-0.0147942974944681,0.0022377397730763
-0.0008904230872056,0.0033218924268314,-0.0026884178235678
-0.0037627216700267,0.0005927816886701,-0.0059852248666263
-0.0017890895943127,-0.011188916775273,-0.0027579229573546
0.0,-0.0037823466151714,0.0008757839153958
0.000696999846774,-0.0160500852572926,0.0017039215228151
0.001293505009134,0.0042413480448908,0.0033099757959993
0.0032793584424297,0.005844032210676,0.0003666297531537
-0.0014857520526857,0.0019629161032626,-0.0045346705507897
0.0012896030747042,-0.0058797291512655,0.0038190854397937
0.0010897623111849,-0.0086530833622024,0.0018335586521507
0.0013854466642295,0.0034775058948224,0.0017843867079379
0.0016799897701726,0.0081423641298401,0.0010961483144509
0.0035517029220972,0.0075323661618718,0.0031935623352477
0.0034408028895094,0.0190409772427146,0.0040474234052811
0.0030371074705652,0.001211094667038,0.0062053194623346
-0.0048837664916356,-0.0038397730733763,-0.0067972530058664
0.0021594152594635,-0.0012672458683593,0.0050308223885253
0.0023506157429606,0.006048128743342,0.0036978911045384
0.0002932031440801,0.0121359529622271,-0.0023363456821524
-0.0031259127306695,-0.0075286887734803,-0.0033776520241903
0.000195949460739,0.008298091957684,4.524889607782079e-05
0.0077397954138271,0.0140660684566817,0.0089918846975847
-0.000972180376509,0.0055477918225306,-0.0026869442967927
0.0009731264309291,-0.003030819040744,0.0045801203745083
0.0,0.0089065119825209,-0.0003128897534232
-0.0011666609553758,0.0003778446476938,-0.0006706635279204
0.0017519983348106,-0.002420373370563,0.0037136546616922
0.0,0.0046446403751421,4.45526972958632e-05
-0.0016517506021157,0.0021368938207462,-0.0035660124655273
-0.000681262236732,0.0024717915383403,-0.0012525667806662
0.0040903600282142,-0.004046097072602,0.0055540870791868
0.0038797432764201,-0.0014675091434779,0.0039643114267766
0.004057953323143,0.0051770151756169,0.0047473425197599
-0.0005773437225836,0.0027320325622888,-0.0022520796299106
0.006547278077986,0.0082235700448531,0.0073910078322432
0.000191282216293,-0.0008056042650833,0.0
0.0039212286886256,0.0085663082357994,0.0
0.0010479242552381,0.0068473660126195,0.0
0.0003806710585299,-0.0021167067245382,0.0131360032137175
-0.0034246632510031,0.011073443392535,-0.0058540490030027
0.0005727143697049,0.0037317545323762,4.35946374268692e-05
0.001144845897075,-0.0007885304736592,0.0030531554361432
0.0032399116636239,-0.0014151364275253,0.0043918699522793
0.0058890839073979,0.0019800968523993,0.0057581318717978
0.0044381606603496,0.0022646887975732,0.0067150886287756
-0.0029144042491645,-0.0062227568576274,-0.0041475271872833
0.0026400036370186,0.0031562949751784,0.0063116940039644
0.0019748610221868,-0.0003483878288623,0.0028160593918913
0.0019708970291689,-0.0019762498918985,0.0016168194014432
0.0,-0.0007491167770755,4.24557439380191e-05
0.0027163816946846,0.0015281905310502,0.0039928580155472
-0.0001868684903377,-0.0030916134163427,-0.0037653915959648
-0.0020555098870623,0.0016104137710981,-0.004289367465317
-0.0010338403080267,-0.0162595559406626,0.0034317056779129
-0.0040455386346032,0.0058181490860911,-0.0059849259773102
-0.0017003618376909,-0.0023468880378121,-0.0024084664226837
0.001892476794707,0.0049221836620476,0.0013364432863891
-0.0017000407049969,-0.0040820734176671,-0.0043914102547152
-0.0009460593851299,0.000405191346066,-0.0006486222550675
0.0009469552610419,-0.0059745614053298,0.000778868393443
0.0052980624801957,0.0084956905463513,0.0053181939599031
-0.0036702369829472,-0.0056561898472612,-0.0040428310563713
-0.000283426918985,-0.0018341182383125,-0.0003886026259752
-0.0043461744178837,-0.0097671409238196,-0.0047088800886009
0.000759174730877,0.0113488116672588,-0.0011284808243945
0.0002844564721913,-0.0009476037205013,0.0012601281014201
0.00255952486424,0.0070782083246077,0.0019529587992164
-0.0020801930432994,-0.0032162141396373,-0.004634658095343
0.0015159752826126,0.0219887332246979,0.0008703419565745
0.0035004991226557,0.0039766576369617,0.0045651974885358
0.000377118088455,0.0116122725337226,-0.0004328166665208
0.0026387595673009,0.0008391054752212,0.0045897771560989
-0.0018798472543429,0.0050309380429787,-0.0029740202364254
0.0029192725441813,-0.0030669552769286,0.0065277959865861
-0.0141784238143706,-0.002108210329012,0.0008589335395974
-0.0037146337516311,0.0034384742584965,-0.0057073948864917
-0.00353723826563,0.0001547335132228,-0.0054812606084433
0.0016309907269518,0.007647268043935,0.001084994431002
0.0009578397764324,-0.0025624285539709,-0.0015172466710698
-0.0044019051145708,0.0068242595581324,-0.0029089280606721
-0.0005766777976334,0.0010805710017032,-0.0018723011547905
0.0015387192493696,0.0064632781886131,0.0023993501884715
-0.00192046235274,-0.0120240419113165,-0.0010444846016756
0.0023090038304052,0.0042523437715575,0.0044436386135302
0.0013438221274557,0.007209199290413,-0.0005638657364205
-0.0024923517733039,0.0047394423642876,-0.0017792153871215
0.0002882834903006,-0.0005413906136351,-0.0010433947918819
0.0019214582061035,-0.0005857648880798,0.0027417409515493
-0.0023012547862946,0.0031574348811109,-0.0051646837945318
0.0009610617125244,0.0167632685009511,0.0020939894639004
0.0024964198984276,0.0035445284020347,0.0050501146111463
-0.002394406582046,-0.0016992645472407,-0.0054579119647004
-0.0019201667684798,0.0044097278616703,-0.0016114438264206
-0.0005771215767806,-0.0004032582063794,0.0004362530530641
0.0021174323144579,-0.0012285590795645,0.0044477076843782
0.0003841808919722,0.0035036181865011,-0.0022140479891734
0.0012480534643573,0.0036895966581653,0.001827350254995
0.0018218663317506,-0.0040403869739188,0.0069487432132604
9.565951871004508e-05,0.0045820744362317,0.0008625269431699
0.0031582145449455,0.011947939608961,0.0025855974708519
0.0026712343074992,-0.0026356596604583,0.0017192042849349
-0.0013320589122834,-0.006186103967057,-0.0021024537411072
9.529474388059178e-05,0.0107050259965337,-0.000472962100867
0.0001904986456497,0.0034816199821392,-0.001548705368465
-0.0023811792083697,-0.0014857741228845,-0.0036191140500844
-0.0015275542865959,-0.001421976137087,-0.0015134415049496
-0.0003824910578216,-0.0006538790244481,-8.656625531722195e-05
0.000765274826421,0.0050494419625795,-0.0005630598070958
0.0,-0.0015195656879435,0.0010833601273549
0.003441030404325,0.0103993551181151,0.0020778466751274
0.0015240619889376,-0.0041882141049532,0.0040174699258277
-0.0019021965893398,0.0025918605717603,-0.0033129533768899
0.0015246429292221,0.0039630217353445,0.0022446853603568
0.0029496212415702,0.0034675027317805,0.003144328059049
0.0004742948546281,0.0003305339160466,-0.0016316060677433
-0.0024654099989344,-0.0081480425602381,-0.0083003950948035
0.0014258700592235,0.0054046013486712,0.0007372478577998
0.0020882887887005,0.0002978282043695,0.0044635396045946
-0.0016102886183265,-0.0110456358048538,-0.0030200439877582
-0.0014231643615496,0.006241548369809,-0.0013847240922595
0.0020902728807898,-0.0109293218415162,0.0053300299181899
-0.0030340351865039,0.0019896563697032,-0.0036638357338795
-0.0023775558380612,-0.0068288467734848,-0.0036339880865592
0.0037178206289369,-0.0023497406201344,0.0074247547200687
-0.0037040496367867,0.0059475593869051,-0.0059477842547143
-0.0032412198507096,-0.0135399773613702,-0.0032517715170914
0.0016259162424385,-0.000581728135741,0.001261443656056
-0.0001910080379999,0.004566411947054,-0.0013901984751319
-0.000764032391884,-0.0037434860898932,0.0004350573764588
0.0022938497511642,0.003814540706305,0.0017829346709876
0.0002860568180718,0.0144464228826004,-0.0011286615367431
-0.0040037956419066,-0.0036520404354914,-0.0061709704203054
-0.0016271611110028,-0.0101946576635483,-0.0019239459206724
0.002780183321972,0.0137356140705393,0.0041620727351185
0.0021988848975986,-0.0051450020279832,0.0040576095845432
-0.0033387242965535,-0.0120193834651207,-0.0031286882202389
0.0022007054141981,-0.0062200735236701,0.001917990743194
0.0027687695383051,0.006312120175292,0.0030889338099837
0.0036180604325342,0.0119307271361468,0.0032472079725966
-0.0015179172426771,0.0043997974101557,-0.0023304355441795
-0.0013318054222842,0.0093109515910376,-0.0013006755276013
0.0006667907466741,-0.0012035439154296,0.000564404274435
-0.0014279059640293,0.0002618800178046,-0.0026468009559666
0.0055290926846325,0.0040568280792592,0.0087009815717562
-0.0009481048571567,-0.0055773897892366,-0.0014233134163783
-0.0027519541002639,-0.0016382730778568,-0.0036280237650384
0.001141940570009,-0.0033865378683738,0.0011714359623558
-0.0011406380291677,-0.0043234306956613,-0.0019500812912707
-0.0031404817786857,0.0024735831771858,-0.0033867839813191
0.0007637406305935,-0.000434719184492,0.0010456223052353
0.0004769190259468,-0.0057025016885041,-0.0032119191947791
-0.0029557357619367,-0.0133489520689696,-0.0058785207047613
0.0027732706930638,0.0038241416267423,0.0024091241944625
-0.0040053229687264,0.0002990148973318,-0.0003058758755697
0.0057449105715763,0.0039870451893861,0.0052889364693173
0.001713635792145,-0.0100268852618995,0.0026957812590706
0.0010454344143262,0.0166129396987648,0.0029053134309395
-0.0013291501681828,0.0066385908625126,-0.0027239590381876
-0.0034223842760351,-0.003507490635261,-0.0052027243206088
-0.0020986474946139,-0.0068952564227855,-0.0065373554380177
0.0022942152984346,-0.0102442622952415,0.0016231917527567
0.0047687172844681,0.0139655744837194,0.0074456933619724
0.0001898839368834,-0.0196507196101687,0.0007389918449696
0.0011387977038976,-0.0195238300640765,0.0041270786923239
-0.0020855173491162,0.008530396721315,-0.0027689314911638
0.0024698598320662,0.0071818190913548,0.0030803060827129
-0.0007580956313854,-0.0061072528606918,-0.0020760492665315
0.0,0.0127480135230948,0.0002166671337286
-0.0001896315186828,-0.0081714596271116,-0.0001733126889847
0.0020867041645291,0.0089010611781914,-4.331501730825416e-05
-0.0003786172735411,-0.0030316756852607,0.0010835010002978
-0.0015150427155067,-0.0040580215369339,-0.0033336074868348
0.0003793353881933,-0.0027135896510126,-0.001216275489381
0.0006635671271375,-0.0017501076885919,-0.0011742890101447
-0.0023683213886134,0.0073498299353493,-0.0057476256972336
0.001329402648315,-0.0047992298412735,0.0011824659577439
0.0024656438478427,0.0121210203177415,0.0047241941011941
-0.0005675674875922,0.0043658980695888,-0.0009142717825252
0.0020823588975455,-0.0016220303202579,0.0037040697224528
0.0015112499155953,-0.0019199255995734,0.0022575494417571
-0.0022634902059094,-0.0133223792155242,-0.0045483884080789
0.0018905089943412,0.0112650949244887,0.0049173573543064
0.0032078872925553,0.0034826593223835,0.0050664127830102
-0.0009404539866365,0.0134422007250629,-0.0014648207979736
0.000753028326577,-0.0118798172559244,0.0020279157945433
0.0009407027166989,-0.0070798730359556,0.0030573592629157
-0.0021614824642233,-0.011392896744114,0.0
0.0038613301143008,-0.0043626737048686,0.0014166325152411
-0.0018763200592314,-0.0088046869031359,-0.0045012022011982
-0.0007519675863676,0.0145424100775748,-0.0006028739510486
0.0028219646190139,0.0039530578246746,0.0017235008558742
0.0010318038619434,-0.0111718373092254,-0.0010753449500998
0.0002810980036893,-0.010405529315233,0.002583704706321
0.0014051665187719,0.0106458607960764,0.0007730811457493
-0.0007483800740201,-0.00968840375964,0.0025749737955467
0.0024340211287519,0.0053183361169362,0.0014125696078965
0.0063503949714966,0.0065977982661122,0.0036334528123609
-0.0161109682602826,-0.0480694917052788,0.0022938255088369
-0.0017037416240045,-0.0144652801067108,-0.0008475757998314
0.0017066493134774,0.0007918709226897,0.0005938468085588
-0.0012305241924739,0.0202918852842957,-0.0041969107567214
0.0013268292598278,0.0001457084469163,-0.0002128208095066
-0.000662571661862,0.0014007099245103,0.0034489832780308
0.0016100559166212,-0.000727208316932,0.0005940736219089
-0.0006618730466179,0.0049316420028824,0.0038591859018624
0.0017030968021367,0.0069607525421218,0.0001689708995367
-0.0026448134639388,0.0169578475799476,-0.0057021468166249
0.0017047098344409,0.006811889892186,-0.0003399034495946
-0.0001890578018441,0.0063815740032289,0.0016572989196796
0.0027423254423388,-0.0028390297021604,0.003054622466174
-9.432418091392948e-05,0.005702367554575,0.0009305615533592
-0.0018862298457484,-5.7271060932895246e-05,-0.002535447748563
0.0017008438255829,0.0049539806166836,0.0022029250914969
-0.0017923067406609,0.0004267870285861,-0.0035561421090587
0.0005669774973235,0.002908887646507,0.0013170810411236
0.0032112200236591,0.0108365380840667,-0.0002546044890024
-0.0030126124190049,-0.0016692686925795,-0.0011883489348654
-0.002455166501267,0.003043546728596,-0.0019545987168392
0.0034078058730737,-0.012175538817618,0.0033208068844499
0.0015094685104657,-0.0130971158375328,0.004879902028033
0.0056518317014266,-0.0068129220119541,0.001351276903112
-0.0020607082830739,-0.016009853340698,0.0020242203441784
-0.0007509088639685,0.0085689284547185,-0.0002525364622595
0.0001879041201668,-0.006583427134142,0.0010103207196201
0.0003755943357621,0.0034504301774915,0.0046259562411106
-0.0019714522257856,0.0106012702991815,-0.0032232267781561
0.0034804134613783,0.0062130574823444,0.0007978792000797
0.0,-0.0033774534569455,0.0014267297898153
-0.0020622536564846,0.006866703361368,-0.0009218252395495
-0.0003757365759096,-0.0052419532657209,-0.004613538919215
0.0031009381388147,0.0223523013030595,0.000379251602135
-0.0018735077118705,-0.0145325355228672,-0.0007160390004664
0.0026278627055587,0.0028799486494521,0.002149575845064
0.0017784780375851,0.0112884254261618,0.0027338718288301
-0.0024294011866126,-0.0048231992682779,-0.00327163777896
0.0013113468232213,0.023531074279496,0.0008416638199175
0.0020580095188293,0.0069269208588085,0.0027750906999053
0.0002800483432383,-0.0132216395657872,0.0004612218179433
0.0030798117252008,-0.0092592249018204,0.0067895534214283
-0.0013956226385736,0.0018449455302969,-0.0035383850945091
-0.0004658814022617,-0.0084540618435077,-0.0032167633129936
-0.0021438826450047,0.006829426750025,-0.0036882334019104
-0.0009341999127947,0.0029808675192657,-0.0020612395969181
-0.0002804935030656,-0.0041672373438857,0.0002529409816167
-0.0004675965508742,0.0067831530043949,-0.0012643047127884
0.0,-0.0024545527509326,0.0018144721720974
0.0002807034577141,0.0067560929796834,-0.0018953784514759
0.0004676840191735,0.0074121577341514,0.0003375710003812
0.003085571205901,-0.0187025595147921,0.0042606974257914
0.0013049905969559,-0.0076858894019614,0.0043266673076307
0.0020480471462782,0.0078615041542666,-0.000794721935873
0.0003716175748249,0.0078770675686212,0.0016743790937339
-0.0038076120073122,-0.0090347703816759,-0.0077308593223197
-0.0011186270247287,-0.0003865758187141,-0.0029058851001014
0.0005599398762421,-0.0033932378626625,0.0013093485618314
0.0012125478456121,0.00262067244352,0.0047243222785908
-9.311074321705082e-05,0.0015479131862694,-0.0024350545354842
0.0009316917210018,0.0054096193312791,0.000336661768187
-0.0018616489590809,-0.0039860635640129,-0.0029449996834326
-0.0036371072165759,-0.0129837898185584,-0.0024473040500837
-0.0020590939615239,-0.0118958434605741,-0.0014804723279552
0.0021571536448532,0.0103819303476306,-0.0004236307930379
0.0007487302966509,-0.0052585520667828,0.002500424376167
-0.0010287160762894,0.0037571319844691,-0.0024096855733249
0.0040254662647842,-0.0143111851136245,0.0
-0.0013986156259105,0.0106923631644204,-0.0028391997897212
0.0017740657713656,-0.0101402723247109,0.0051421651953094
0.003355397588588,0.0106751163983271,0.0035937376516677
-0.0008360795727765,-0.0225255815455365,-0.0014323797206016
-0.001766407738232,-0.000916834969191,0.0
0.0027009491301943,0.0196589157060369,0.0019829087779883
-0.0010217407264521,-0.0080023687076027,0.0005894711143092
-0.0011157856176375,-0.0009426821358731,-0.0007574334747552
0.000465447748448,-0.0081622971733827,0.0021898444008041
-0.0007443415384814,-0.0045293575810293,-0.0009245006374125
0.0006517662367755,0.005522562145084,0.0012197693933908
0.001954025142713,0.0069914188383091,0.0039067595377044
0.0027860610225443,0.0022530504578082,0.0014645512746584
-9.262952324062824e-05,-0.0078918557976931,0.0006684845173869
0.0009261690561315,-0.0060563610196137,0.00342397321222
0.0024058678353353,0.0053875327268575,0.0029128914495524
0.0025846836016263,0.0096140714149757,0.0035683350526458
0.0024859280135265,0.0088106899894719,0.0021499171119143
-0.0006429068386297,0.0065569539224004,8.246632867536796e-05
0.0013785638199113,0.0083038173238256,-0.000371225243946
0.0001835928104718,0.0066192165237117,0.0001238139384269
-0.0003670482133895,0.0052911811215563,0.0003300771596679
-9.181325506069092e-05,0.0015428918338558,-0.0003712732824696
0.0005507900342023,-0.006763613954721,-0.0002888491251294
-0.0005504868315415,0.0015368058341231,-0.0008254654314208
-0.0018360134736241,0.0012460680085724,-0.0060313092919321
-0.0030350576737441,0.0004874424806564,-0.0022027929842295
0.0004612123769329,-0.0042110748565855,-0.0015411008694135
-0.001014297957095,-0.0008994704346841,0.0012514612847465
0.0,0.0029740958768291,-0.0003749373382595
-0.0029536616728895,-0.0157908749452967,-0.0045848869495285
0.0012035260771399,-0.0034269757826911,0.0019680464395706
-0.000832214202638,-0.0019228859276142,-0.0028000058665574
-0.0005554301097786,0.0094684459423224,-0.0047355194331828
0.0010189015495034,-0.0060422174791631,0.002400067591249
-0.0033333389847366,0.0004457353555378,-0.0039098001926753
-0.0014863994204948,0.0236459240652999,-0.0006753364767996
-9.306043838919198e-05,0.0050494294373863,-0.0007602166242789
-0.0009304780216363,-0.0030786596568054,-0.0030010165968915
-0.0001863115576904,0.0043071135244419,-0.0032643575737016
-0.0004657235498268,-0.0081010598753683,-0.0011484168097523
-0.0028891442606832,-0.0046310230473988,-0.002214275567703
-0.0003738752811106,0.0053005936593935,-0.0025179249426704
0.0043945884442668,0.0104086243896202,0.008984768711223
0.0009309111508624,0.0148282034132753,-0.0007632467840434
0.0014881293443538,0.0081006842628157,0.00144283454097
0.0005571838635187,0.0031350421170217,0.0022034042280112
0.0007425453187388,0.0002943241761925,0.0014375881809058
9.276698440707776e-05,0.0077178525364072,-0.0009710285131111
-0.0006491671486187,0.0022417024182248,-0.0003803895676045
-0.0016703814180351,0.0003584316602778,-0.0019447650283235
0.0016731762605699,-0.0059240715221899,0.0019062174619797
0.0016703814180349,0.0013992165968093,-0.0007610201557038
-0.0012970111773383,0.0067267410181213,-0.0013963334585046
0.0035250208039003,0.0098553152274487,0.0046184167236356
0.0040673178051857,0.0008822360876341,0.002994561602617
-0.0152826700435856,-0.0130436268357175,0.0058870269896125
0.0012153819608329,0.0089460504497356,-0.000501614919372
0.001027179140099,0.0012404144731716,0.003304214802442
0.0,0.0162223139909445,-0.0010839159421278
-0.0016791073722015,-0.0058301546218371,-0.000125209056539
0.0012147718827359,0.0061779214607471,0.0005008989432402
-0.0025198718489586,0.0060859512814068,-0.0045472094036558
-0.0010291973538392,0.0027341850757169,-0.0026820542006112
0.0038400643907485,0.0175464744054412,0.0051684674993344
-0.0008397459136861,-0.0012908095002727,-0.0009196672198437
-0.001587432764578,0.0048112601032328,-0.003765854301678
0.0003741200543618,0.0025380791485811,0.0005880103723747
-0.0026177896568205,-0.0131319163414305,-0.0043235797786617
0.0012185719258164,-2.566056737929312e-05,0.0009275407721915
0.0030896155659365,0.0025307154591183,0.0036222109786863
-0.000746703672862,-0.0038522209110855,-0.0003776595259292
9.342552268409854e-05,-0.0010744630370748,0.0023930142306032
0.0012141333126785,0.0147011386895699,0.0013403206608137
0.0005597499038851,-0.0100271840996689,0.001296563022999
0.002423965146912,-0.0016482266863541,0.000459567538023
-0.0042782654281483,0.014120863358217,-0.0058037550954876
-0.0009340414384594,-0.0276824519030154,-0.0006300153911198
-0.0083208619789305,0.0188981249429562,-0.0160110362675985
-0.002922575275626,0.0057113156547781,-0.0052530896358515
0.0019856191398535,-0.0094303667201696,0.0019749067207261
0.0002830874676917,-0.0148910146559108,-0.0010283729763228
-0.0020754832141803,-0.014308588189387,-0.0010723007383469
-0.0008507878514765,0.0093259798568692,0.0006870517405077
-0.0012300584710892,-0.0057897656105652,0.0007294657001348
0.0009473863757918,0.0142238156587333,-0.0009004334102504
0.0026499978193479,0.0076551165136291,0.0051929224851603
-0.000471994058953,0.007246276749417,-0.0006404788843924
-0.0006610604894484,0.0040747598657562,0.0016234505695034
0.0025514708358065,-0.0102462321149974,-0.0009383390666333
9.427973018882874e-05,-0.0049716464497485,0.0019638614318526
0.000377011461853,-0.0014823545256195,-0.000127839252502
0.0002826340632124,0.0109476251174545,-0.0009800907782869
9.420868798115656e-05,-0.0115779378226845,0.0005971905682291
0.0008475827616496,-0.0056562485309895,0.001023155863806
0.0009410568050691,-0.0092323799423108,0.0017034626568348
-0.0023502866742948,-0.015569975455885,0.0007227668224323
0.0030154512489826,0.013701280982459,0.0035686818509594
-0.001503228658769,-0.0030730616647947,-0.0028363151367599
0.0004704841205507,-0.0359487557641019,0.0044576328115459
-0.0007523918901252,-0.0459528397496675,0.0032967465275532
-0.0052705652573529,-0.0454870436029062,-0.0031174197297363
0.0024599725691185,0.025178139845861,-0.0016480543536337
-0.0014157045852266,-0.031738767761459,0.0019894554501487
0.0022684107452446,0.042573305727581,-0.0010983852479899
0.0033949510302093,-0.0065761502411353,0.0056669533416673
0.00046988178239,0.0259356990904044,0.0034903356059228
0.0018788594022596,0.0120210444332455,-0.0032687013156732
0.0018752643730028,-0.0007907113956453,0.0028589780909513
0.0031820680593412,-0.0062740675022652,0.0019703591329556
0.0004664187071981,0.0052904870564416,0.0028870395498721
9.326870971393396e-05,0.027671352862155,-0.0029621238230463
0.003543097933967,0.0031850506884552,0.0054815719942677
-0.0024156323838211,0.0076520605883512,-0.0021223808385317
-0.0011176561750236,0.0031761225612321,-0.0020852924794719
-0.0002797088978729,-0.0016614153865215,0.0004179300021849
0.0001865010524038,-0.0003254010212861,0.0027153703234779
-0.0017709240356502,0.0242179057015852,-0.0059992919853295
0.0007469825601726,-0.0037232134093355,-0.0002513727420698
0.003732053785594,-0.0063058229018641,0.0044416887192615
-0.0014872993064328,0.0112328616471246,-0.0022527576229491
-0.0006516449080005,0.0039327905401058,-0.0025504418235137
-0.0027014524420068,0.0155600133451678,-0.0053236420155563
-0.0003736308279425,0.0044229425077237,-0.000800750432246
-0.0006540805178464,-0.0023577408600016,-0.0016026234048981
0.0026181058128211,0.0015990067091411,0.0061676200992253
0.0027044043369794,0.0028546708120036,0.0015114323997165
-0.0013950325629409,-5.52377783941127e-05,0.0007126770478331
0.000745033059643,0.0050522867049447,-0.0008797246949109
-0.0016752006541469,-3.482192434900444e-05,-0.0031027803384587
-0.0001864141296931,-0.0054964159024822,-0.0005888265272928
0.0020512934331293,-0.0180975728970276,0.0036613838785288
0.0026053668569507,0.0037291726170889,0.0034342179627229
-0.0005568218895011,-0.0068433938559399,-0.0008347784994939
-0.000648565687263,-0.0021940195242045,0.000666562777809
9.273258088149384e-05,-0.0020552688909317,-0.0012073998266725
0.0016686780438732,0.0010531366760979,0.000875397397422
